08411a2e-72cd-4d75-8b08-c6d422dff8a6,El objetivo principal de las Marcas especiales es:,PER_NORMAL,Balizamiento
1270fe60-a9ff-4a00-b8c2-2b7595cac833,La forma de las marcas especiales es:,PER_NORMAL,Balizamiento
137c0f55-753b-462b-baf5-34eb4224b900,En relación a las marcas cardinales, indique cuál de las siguientes afirmaciones es INCORRECTA:,PER_NORMAL,Balizamiento
16cbed1a-82d0-4d41-86f9-9dc4266a290b,Las Marcas Especiales indican:,PER_NORMAL,Balizamiento
2bd505fa-e106-4729-9a71-3139eba940a4,Las Marcas de Aguas Navegables son:,PER_NORMAL,Balizamiento
3801c17e-8816-4088-bad2-3a8f47938d97,En relación con las Marcas de Peligro Aislado, indique cuál de las siguientes afirmaciones es INCORRECTA.,PER_NORMAL,Balizamiento
4beef85b-10d6-4d6d-a3dc-f409e7240f75,La marca de tope en las marcas de aguas navegables:,PER_NORMAL,Balizamiento
5235500f-5347-4529-9afd-5a5e04db6ab6,El objetivo principal de las Marcas especiales es:,PER_NORMAL,Balizamiento
5626ae33-7152-49e1-b25a-6eecb932dc6e,Las Marcas Especiales indican:,PER_NORMAL,Balizamiento
6387ca57-7995-4b6e-80e6-e3fae97f1a30,La forma de las marcas especiales es:,PER_NORMAL,Balizamiento
651c09a1-216f-49d2-a6c4-e12c8d82eafa,Las Marcas especiales:,PER_NORMAL,Balizamiento
6b8cab46-2c81-42b8-951d-ae2e7d50564d,En las Marcas de aguas navegables:,PER_NORMAL,Balizamiento
6e8a6d1f-87f1-4988-a7dc-63c737095d2a,¿Qué afirmación sobre las Marcas de Peligro Aislado ES CORRECTA?,PER_NORMAL,Balizamiento
77cb799f-112f-4eee-98eb-7a04b43edbbc,Las Marcas de aguas navegables:,PER_NORMAL,Balizamiento
799e3af6-bb11-4318-9ea2-d1334dc312fd,En relación con las Marcas de Peligro Aislado, indique cuál de las siguientes afirmaciones es INCORRECTA.,PER_NORMAL,Balizamiento
7bbd9757-534a-4be9-b602-87441bb86faf,En relación con las Marcas Especiales, indique la afirmación CORRECTA.,PER_NORMAL,Balizamiento
92d69dcd-58af-4990-968a-fd148c9cb242,Subiendo por un canal, las Marcas Laterales estarán ordenadas numérica o alfabéticamente:,PER_NORMAL,Balizamiento
9435d138-35b1-4c81-85a8-88f464b1afd0,La “dirección convencional de balizamiento” que usamos con las marcas laterales, puede ser la,PER_NORMAL,Balizamiento
96d813fd-3139-4281-80ee-cfd5110dfdb2,Las Marcas de aguas navegables:,PER_NORMAL,Balizamiento
97ef8312-32e3-4977-9a14-4cccacc6b76b,En referencia a las Marcas especiales, ¿cuál de las siguientes afirmaciones es INCORRECTA?,PER_NORMAL,Balizamiento
98f491d2-6fa6-41c4-bfb5-cafafcbde097,En referencia a las Marcas especiales, ¿cuál de las siguientes afirmaciones es INCORRECTA?,PER_NORMAL,Balizamiento
9ad504df-504c-4627-a228-10d3c2026131,Si avistamos una Marca de peligro aislado por duplicado, ¿qué indica?,PER_NORMAL,Balizamiento
9b98c1ec-ade3-4d28-b430-b8ef2cdcce79,La “dirección convencional de balizamiento” que usamos con las marcas laterales, puede ser la,PER_NORMAL,Balizamiento
9e1aa134-902a-4a5f-a206-b13adf7e6910,Una Marca cardinal NO puede ser utilizada para:,PER_NORMAL,Balizamiento
a04e5611-40c6-446b-9d37-98f36450e93e,Si avistamos una Marca de peligro aislado por duplicado, ¿qué indica?,PER_NORMAL,Balizamiento
a6451dbb-53af-42aa-9c26-0d14868af555,La marca de tope en las marcas de aguas navegables:,PER_NORMAL,Balizamiento
b7d1ca85-56e1-420a-a55b-ac8f24dee5ba,Las Marcas especiales indican una zona o una configuración particular cuya naturaleza exacta está indicada en la carta u otro documento náutico. Además:,PER_NORMAL,Balizamiento
bb60f919-e84b-43d9-99df-d3ffc86c35d9,Las Marcas de Peligro Aislado y de Aguas Navegables utilizan luces blancas:,PER_NORMAL,Balizamiento
c154fbe1-5bed-4658-b1bf-060f69ca791f,En relación con las Marcas Especiales, indique la afirmación CORRECTA.,PER_NORMAL,Balizamiento
c39a3b58-cd1c-47e0-b092-6f3790916e30,Una Marca cardinal NO puede ser utilizada para:,PER_NORMAL,Balizamiento
c6c12c80-ee24-4d4a-b854-609b07c90ed1,Subiendo por un canal, las Marcas Laterales estarán ordenadas numérica o alfabéticamente:,PER_NORMAL,Balizamiento
c7062003-d754-48cc-92a8-f03896e02124,Las Marcas especiales indican una zona o una configuración particular cuya naturaleza exacta está indicada en la carta u otro documento náutico. Además:,PER_NORMAL,Balizamiento
d3a51153-80f7-4441-acfe-af8625bbb4d8,En las Marcas de aguas navegables:,PER_NORMAL,Balizamiento
d7d5153a-eaf2-4c9e-a717-b32507d0f75e,¿Qué afirmación sobre las Marcas de Peligro Aislado ES CORRECTA?,PER_NORMAL,Balizamiento
dcd9e148-7e4e-4d6d-85aa-7c81e38b2738,Las Marcas especiales:,PER_NORMAL,Balizamiento
e4144fe4-760c-4353-9f42-56fe502d11eb,Las Marcas de Peligro Aislado y de Aguas Navegables utilizan luces blancas:,PER_NORMAL,Balizamiento
fe20ca7c-f9b1-48cf-a48f-adfec61dbc36,En relación a las marcas cardinales, indique cuál de las siguientes afirmaciones es INCORRECTA:,PER_NORMAL,Balizamiento
01f78f6f-4f3c-4151-a5bf-139b25ec1d42,El 04 de septiembre de 2021 en Rota, se pide calcular las Horas Oficiales (Ho) de la última pleamar,PER_LIBERADO,Carta de navegación
13e3c984-009f-4b86-baa0-ec20ed63e5b2,Determine la posición de una embarcación situada en la oposición Cabo Trafalgar – Punta de Gracia, que observa la luz de la punta del espigón del Puerto de Barbate con una demora de aguja de 341°, sabiendo que el desvío es de 1°+ y la declinación magnética la del año en curso. Elija la respuesta que más se aproxima.,PER_NORMAL,Carta de navegación
17b61b2a-aa47-4082-9726-d9ed991c0f9d,Tomando como punto de salida la luz de la punta del espigón del puerto de Tanger y como punto de llegada la posición situada a 3,4 millas al Oeste verdadero del Faro de Isla de Tarifa, se pide determinar el rumbo de aguja que más se aproxima, sabiendo que el desvío es 2°(-) y la declinación magnética la del año en curso.,PER_LIBERADO,Carta de navegación
19ad627a-2387-4ef6-823e-2ffb94b97561,A HRB=11:06 del 16 de octubre del 2010, navegando al rumbo de aguja= 010º, nos encontramos en situación verdadera l=35º 59´N, L= 005º 14´W. Se pide calcular la situación de estima a HRB= 12:12 sabiendo que la velocidad de máquinas es 12 nudos y el desvío de aguja es 3,5ºNE. Elija la respuesta que más se aproxima.,PER_LIBERADO,Carta de navegación
25ec12fd-5390-4806-b74c-121457b91c77,Tomando como punto de salida la luz de la punta del espigón del puerto de Tanger y como punto de llegada la posición situada a 3,4 millas al Oeste verdadero del Faro de Isla de Tarifa, se pide determinar el rumbo de aguja que más se aproxima, sabiendo que el desvío es 2°(-) y la declinación magnética la del año en curso.,PER_LIBERADO,Carta de navegación
32c257e3-b962-43b7-a143-5e1f6f4a351f,Tomando como punto de salida la luz verde del espigón del puerto de Ceuta y como punto de llegada la posición situada a 3 millas al Sur verdadero de Punta Europa, se pide determinar el rumbo de aguja, sabiendo que el desvío es 1º(-).,PER_NORMAL,Carta de navegación
3b155e0a-996b-4255-831d-d7595512b1b1,Navegando con Rumbo Verdadero = N, salimos de un punto situado en l: 35º 45’ N; L: 005º 14’ W y navegamos una hora a una velocidad de 5 nudos. ¿Cuál de las siguientes respuestas más se aproxima a nuestra situación?,PER_LIBERADO,Carta de navegación
4bf14b74-a62a-4e4e-ae9f-b44406ef3acb,Navegando al rumbo verdadero 312º, tomamos marcación por estribor del faro de Punta Paloma de 25º, y demora de aguja a ese mismo faro de 344º. En ese mismo instante nos encontramos en la oposición del faro de punta Malabata y el faro de Isla de Tarifa. Calcular la situación y el rumbo de aguja mas aproximados de la embarcación.,PER_LIBERADO,Carta de navegación
4cc8074f-8875-432c-ac3c-da25ad444867,El día 7 de diciembre de 2022 a las 17:45 UTC nos encontramos navegando al rumbo de aguja 275°. En ese mismo instante tomamos una demora de aguja al faro de Cabo Trafagar de 334°, simultáneamente tomamos otra demora de aguja al faro de Cabo Espartel de 204°. El desvío de la aguja es 3° (-). ¿Cuál de las siguientes respuestas más se aproxima a nuestra situación?,PER_LIBERADO,Carta de navegación
52327466-30b4-4de1-8699-ac24874119c5,Situados a 3 millas al suroeste verdadero del faro de Cabo Trafalgar del día 16 de octubre de 2021 con una velocidad de 8 nudos nos dirigimos al punto A: 36º00´N 006º01´W. Sabiendo que el desvío de la aguja es 3ºW y la declinación magnética la del año en curso, ¿cuál de las siguientes respuestas más se aproxima al Rumbo de Aguja de nuestra embarcación?,PER_NORMAL,Carta de navegación
566fdeb8-43cc-4821-8356-828ae9db2d05,Tomando como punto de salida la luz verde del espigón del puerto de Ceuta y como punto de llegada la posición situada a 3 millas al Sur verdadero de Punta Europa, se pide determinar el rumbo de aguja, sabiendo que el desvío es 1º(-).,PER_NORMAL,Carta de navegación
5df47fe7-e8f5-48eb-974c-b51d22ba6a0c,Navegando con Rumbo Verdadero = N, salimos de un punto situado en l: 35º 45’ N; L: 005º 14’ W y navegamos una hora a una velocidad de 5 nudos. ¿Cuál de las siguientes respuestas más se aproxima a nuestra situación?,PER_NORMAL,Carta de navegación
6133ef9c-4519-4df6-a633-3beabe6fce46,Navegando con Rumbo Verdadero = N, salimos de un punto situado en l: 35º 45’ N; L: 005º 14’ W y navegamos una hora a una velocidad de 5 nudos. ¿Cuál de las siguientes respuestas más se aproxima a nuestra situación?,PER_NORMAL,Carta de navegación
640210d4-5401-47ed-91e5-62d8f1625191,El día 18 de diciembre de 2010 a HRB: 11:42, situados en l: 36º 01´N L: 006º 01´W navegamos con rumbo de aguja = 020º a una velocidad de 4 nudos. Sabiendo que el desvío de aguja es 3º oeste, ¿cuál de las siguientes coordenadas más se aproxima a nuestra posición a HRB:13:12?,PER_NORMAL,Carta de navegación
713cadb3-f750-4afc-bf91-400345bef3b2,Hallar la sonda en el momento de la primera pleamar el día 3 de julio de 2021 en el puerto de,PER_NORMAL,Carta de navegación
72abd254-b778-4ff0-92e8-8bfead6f43b9,El día 16 de octubre de 2021, a las HRB: 13:12 con Rumbo verdadero 295º tomamos una marcación por estribor al faro de Punta de Gracia (Pta Camarinal) de 025º, a su vez, la demora de aguja al Faro de Punta de Gracia (Pta Camarinal) es de 320º. En el momento de la toma de la marcación sabemos que nos encontramos en la oposición entre el Faro de Isla Tarifa y el Faro de Punta Malabata. Desconociendo el desvío de aguja, ¿cuál se aproxima más a nuestro rumbo de aguja y coordenadas a las 13:12?,PER_NORMAL,Carta de navegación
7aade994-79cb-4f8f-b2ee-a3ae4fbb1748,El día 18 de diciembre de 2010 a HRB: 11:42, situados en l: 36º 01´N L: 006º 01´W navegamos con rumbo de aguja = 020º a una velocidad de 4 nudos. Sabiendo que el desvío de aguja es 3º oeste, ¿cuál de las siguientes coordenadas más se aproxima a nuestra posición a HRB:13:12?,PER_NORMAL,Carta de navegación
7e780a7b-02ad-4c85-a20e-5dd6ce0a1461,Navegando con Rumbo de Aguja = 010º en el Estrecho de Gibraltar a una velocidad de 12 nudos a las HRB:12:06 tomamos demora y distancia al faro de Punta Almina obteniendo los siguientes datos: Demora Verdadera = 204º, Distancia 5.5 millas. Sabiendo que el desvío de aguja es 3.5ºE y la declinación magnética la del año en curso, ¿cuál de las siguientes respuestas más se aproxima a nuestra posición a las 13:12?,PER_NORMAL,Carta de navegación
81673922-27dd-4302-b63b-b35a59d842b9,El día 16 de octubre de 2021, a las HRB: 13:12 con Rumbo verdadero 295º tomamos una marcación por estribor al faro de Punta de Gracia (Pta Camarinal) de 025º, a su vez, la demora de aguja al Faro de Punta de Gracia (Pta Camarinal) es de 320º. En el momento de la toma de la marcación sabemos que nos encontramos en la oposición entre el Faro de Isla Tarifa y el Faro de Punta Malabata. Desconociendo el desvío de aguja, ¿cuál se aproxima más a nuestro rumbo de aguja y coordenadas a las 13:12?,PER_NORMAL,Carta de navegación
839521f2-0cc1-46c8-ac82-5e482198cd2d,El día 16 de octubre de 2021, a las HRB: 13:12 con Rumbo verdadero 295º tomamos una marcación por estribor al faro de Punta de Gracia (Pta Camarinal) de 025º, a su vez, la demora de aguja al Faro de Punta de Gracia (Pta Camarinal) es de 320º. En el momento de la toma de la marcación sabemos que nos encontramos en la oposición entre el Faro de Isla Tarifa y el Faro de Punta Malabata. Desconociendo el desvío de aguja, ¿cuál se aproxima más a nuestro rumbo de aguja y coordenadas a las 13:12?,PER_LIBERADO,Carta de navegación
83d15f79-8e07-4d5d-bb04-28dc48e196af,Determine las coordenadas de una embarcación situada a 6 millas del Cabo Espartel y a 5,5 millas de Punta Malabata.,PER_LIBERADO,Carta de navegación
8b3accd2-00b6-4195-8e0f-35725b9870e2,El 04 de septiembre de 2021 en Rota, se pide calcular las Horas Oficiales (Ho) de la última pleamar,PER_LIBERADO,Carta de navegación
8daeaab8-1964-469f-bca0-9ca37ea1c6a4,Determine la posición de una embarcación situada en la oposición Cabo Trafalgar – Punta de Gracia, que observa la luz de la punta del espigón del Puerto de Barbate con una demora de aguja de 341°, sabiendo que el desvío es de 1°+ y la declinación magnética la del año en curso. Elija la respuesta que más se aproxima.,PER_NORMAL,Carta de navegación
90a8e137-24ec-48f9-a60f-d9316f023464,A HRB=11:06 del 16 de octubre del 2010, navegando al rumbo de aguja= 010º, nos encontramos en situación verdadera l=35º 59´N, L= 005º 14´W. Se pide calcular la situación de estima a HRB= 12:12 sabiendo que la velocidad de máquinas es 12 nudos y el desvío de aguja es 3,5ºNE. Elija la respuesta que más se aproxima.,PER_LIBERADO,Carta de navegación
b05ec1f6-f560-4f16-a947-4d6388d2847f,Determine las coordenadas de una embarcación situada a 6 millas del Cabo Espartel y a 5,5 millas de Punta Malabata.,PER_NORMAL,Carta de navegación
b0f23977-e8e8-44f0-a773-f97474e49973,Navegando con Rumbo de Aguja = 010º en el Estrecho de Gibraltar a una velocidad de 12 nudos a las HRB:12:06 tomamos demora y distancia al faro de Punta Almina obteniendo los siguientes datos: Demora Verdadera = 204º, Distancia 5.5 millas. Sabiendo que el desvío de aguja es 3.5ºE y la declinación magnética la del año en curso, ¿cuál de las siguientes respuestas más se aproxima a nuestra posición a las 13:12?,PER_NORMAL,Carta de navegación
bc8b704c-d31b-4884-8167-8797300b7d4a,Navegando con Rumbo Verdadero = N, salimos de un punto situado en l: 35º 45’ N; L: 005º 14’ W y navegamos una hora a una velocidad de 5 nudos. ¿Cuál de las siguientes respuestas más se aproxima a nuestra situación?,PER_LIBERADO,Carta de navegación
c7e8b6ee-581b-4a72-a4dd-ab77385dba46,Navegando al rumbo verdadero 312º, tomamos marcación por estribor del faro de Punta Paloma de 25º, y demora de aguja a ese mismo faro de 344º. En ese mismo instante nos encontramos en la oposición del faro de punta Malabata y el faro de Isla de Tarifa. Calcular la situación y el rumbo de aguja mas aproximados de la embarcación.,PER_LIBERADO,Carta de navegación
d323c03f-f01f-460b-8065-749bfc7f9133,¿Qué distancia (d) se tiene entre la posición A (l = 36º 20,0´N L = 006º 19,0´W) y la posición B (l = 36º 20,0´N L = 006º 10,0´W)?,PER_LIBERADO,Carta de navegación
d539a8c3-24b3-4218-ab58-6370a374897c,Determine las coordenadas de una embarcación situada a 6 millas del Cabo Espartel y a 5,5 millas de Punta Malabata.,PER_LIBERADO,Carta de navegación
dbb14627-78c9-4bba-b26f-3631e9e515da,El 04 de septiembre de 2021 en Rota, se pide calcular las Horas Oficiales (Ho) de la última pleamar,PER_NORMAL,Carta de navegación
e2b2955a-1c5b-4b9c-9893-5a2d21b473aa,El día 16 de octubre de 2021, a las HRB: 13:12 con Rumbo verdadero 295º tomamos una marcación por estribor al faro de Punta de Gracia (Pta Camarinal) de 025º, a su vez, la demora de aguja al Faro de Punta de Gracia (Pta Camarinal) es de 320º. En el momento de la toma de la marcación sabemos que nos encontramos en la oposición entre el Faro de Isla Tarifa y el Faro de Punta Malabata. Desconociendo el desvío de aguja, ¿cuál se aproxima más a nuestro rumbo de aguja y coordenadas a las 13:12?,PER_LIBERADO,Carta de navegación
e9b67e7e-fea4-4d8a-883a-5efcf7db2100,Situados a 3 millas al suroeste verdadero del faro de Cabo Trafalgar del día 16 de octubre de 2021 con una velocidad de 8 nudos nos dirigimos al punto A: 36º00´N 006º01´W. Sabiendo que el desvío de la aguja es 3ºW y la declinación magnética la del año en curso, ¿cuál de las siguientes respuestas más se aproxima al Rumbo de Aguja de nuestra embarcación?,PER_NORMAL,Carta de navegación
ee1e6e5e-2246-4d5c-be29-0a552ae16260,Hallar la sonda en la primera pleamar del día 8 de noviembre de 2023 en Algeciras, sabiendo que la,PER_LIBERADO,Carta de navegación
ee62cc95-3831-4d15-9b74-d97c4ce45d42,El 04 de septiembre de 2021 en Rota, se pide calcular las Horas Oficiales (Ho) de la última pleamar,PER_NORMAL,Carta de navegación
f6acda96-c66d-4a76-b9b3-287b2dd1ea53,Determine las coordenadas de una embarcación situada a 6 millas del Cabo Espartel y a 5,5 millas de Punta Malabata.,PER_NORMAL,Carta de navegación
198c7cd1-ebde-44fd-914b-8b5cb9aa3f38,En el fondeo:,PER_NORMAL,Elementos de amarre y fondeo
1a8ffaa8-8ce2-4447-af78-65864da24ece,En el fondeo:,PER_NORMAL,Elementos de amarre y fondeo
1d1ef1c1-abb8-4984-899c-17571f542fe8,En relación con el fondeo, ¿cuál de las siguientes afirmaciones es CORRECTA?,PER_NORMAL,Elementos de amarre y fondeo
1e64aa3c-4a17-4db7-921b-5bb87cf49041,En relación con el fondeo, ¿cuál de las siguientes afirmaciones es CORRECTA?,PER_NORMAL,Elementos de amarre y fondeo
30a29ca9-209b-4f90-94ea-3cc0d8b22eed,En relación con el fondeo, ¿cuál de las siguientes afirmaciones es INCORRECTA?,PER_NORMAL,Elementos de amarre y fondeo
316840a0-a3ff-405a-8697-7a2e66fe073a,En el fondeo:,PER_NORMAL,Elementos de amarre y fondeo
33d28450-9888-4c3e-b9ed-f0fc4a4f5f37,¿Cuál de las siguientes afirmaciones relativas al fondeo es INCORRECTA?,PER_NORMAL,Elementos de amarre y fondeo
37854fe4-d81b-44a4-a8be-6432111dbd5e,En relación con el fondeo, ¿cuál de las siguientes afirmaciones es CORRECTA?,PER_NORMAL,Elementos de amarre y fondeo
4344cd6b-5557-4f50-8220-6b3b8e26d1d7,En relación con la maniobra de fondeo, ¿cuál de las siguientes afirmaciones es CORRECTA?,PER_NORMAL,Elementos de amarre y fondeo
43bb4bd1-77e1-4af6-b20b-ff4a2eca1009,En relación con el fondeo, ¿cuál de las siguientes afirmaciones es INCORRECTA?,PER_NORMAL,Elementos de amarre y fondeo
5a7d5d9d-c115-4635-9c8e-05da7b61f5d7,En relación con el fondeo, ¿cuál de las siguientes afirmaciones es INCORRECTA?,PER_NORMAL,Elementos de amarre y fondeo
64ff3ef2-5080-4694-9648-e354a0cc5532,¿Cuál de las siguientes afirmaciones relativas al fondeo es INCORRECTA?,PER_NORMAL,Elementos de amarre y fondeo
677e77b0-9793-415c-8d43-d38660821a59,Una roldana es:,PER_NORMAL,Elementos de amarre y fondeo
7ec8bd5c-f32e-493e-8396-5a3da6cea75e,Una roldana es:,PER_NORMAL,Elementos de amarre y fondeo
92173ca2-03f7-4e55-85db-11edad0fcf05,En el fondeo:,PER_NORMAL,Elementos de amarre y fondeo
bc251787-563b-40cc-bc58-444e049335aa,En el fondeo:,PER_NORMAL,Elementos de amarre y fondeo
c972232a-c515-4346-8cd8-4870526ac5b2,En relación con el fondeo, ¿cuál de las siguientes afirmaciones es INCORRECTA?,PER_NORMAL,Elementos de amarre y fondeo
fdc2d43e-e937-45c9-bb0d-1661c3c0eebf,En relación con la maniobra de fondeo, ¿cuál de las siguientes afirmaciones es CORRECTA?,PER_NORMAL,Elementos de amarre y fondeo
04aa7739-f701-49c3-a630-7f0d324bec55,Las vías de agua se caracterizan por producirse:,PER_NORMAL,Emergencias en la mar
0acf6914-261b-4c15-8159-d56bfd205fa7,En caso de un accidente que produzca quemaduras de 1er grado que afecten al 25% de la superficie corporal de la persona afectada, sin que exista lesión por inhalación, se deberá:,PER_NORMAL,Emergencias en la mar
0b57e1ea-b432-499b-8707-cdd54df69a9c,En caso de un accidente que produzca quemaduras de 1er grado que afecten al 25% de la superficie corporal de la persona afectada, sin que exista lesión por inhalación, se deberá:,PER_LIBERADO,Emergencias en la mar
0bc1c21f-8dd1-46b2-a7cb-4def58db4745,En caso de sufrir un incendio a bordo, ¿qué NO se debe hacer?,PER_NORMAL,Emergencias en la mar
0c628c5e-81bd-4dbe-b556-38c96e89b246,¿Cuál de las siguientes afirmaciones es CORRECTA?,PER_NORMAL,Emergencias en la mar
0e32fc88-d5b7-464e-a12e-561154e52f6a,En una situación de reflotamiento de un barco varado en fondo fangoso, ¿cuál de las siguientes actuaciones a tomar es INCORRECTA?,PER_NORMAL,Emergencias en la mar
0f7595f2-43a6-4b02-8755-46605c4ea1ae,Si descubre agua a bordo y ésta es salada y caliente, ¿qué debe hacer?,PER_LIBERADO,Emergencias en la mar
10677f64-b90b-46d5-a6d1-ae1167a81f8b,En relación con las vías de agua, ¿cuál de las siguientes afirmaciones es CORRECTA?,PER_NORMAL,Emergencias en la mar
123a27a1-c13d-4960-b370-915829b63828,¿Cuál de las siguientes afirmaciones es INCORRECTA?,PER_NORMAL,Emergencias en la mar
125c3a36-530d-4cae-9e08-3376f9f23898,En relación con las medidas a tomar para salir de una embarrancada o varada que se produzca en un fondo fangoso o de arena, en un lugar donde haya mareas, con buen estado de la mar y en circunstancias normales, ¿cuál de las siguientes medidas sería la más apropiada?,PER_NORMAL,Emergencias en la mar
18856908-0e1a-445a-8383-a3457761e49e,En relación con la asistencia médica de urgencia a distancia del servicio Centro Radio-Médico Español, ¿cuál de las siguientes afirmaciones es CORRECTA?,PER_NORMAL,Emergencias en la mar
2401c8c3-b440-4224-bbea-2f8fbe2633be,Si se detecta una vía de agua a bordo, se deberá inmediatamente:,PER_NORMAL,Emergencias en la mar
2601cc35-06d7-4f91-ac22-b3be57699006,En el caso de que se vea obligado a abandonar una embarcación, ¿cuál de las siguientes afirmaciones es CORRECTA?,PER_LIBERADO,Emergencias en la mar
2970461f-08e2-4fc7-8901-e3f886957e31,En relación con las vías de agua, ¿cuál de las siguientes afirmaciones es CORRECTA?,PER_LIBERADO,Emergencias en la mar
2acebab8-86d9-4707-9d3b-bd385d6ebbd6,¿Cuál de las siguientes afirmaciones es INCORRECTA?,PER_LIBERADO,Emergencias en la mar
2c621008-d033-4a32-8b7b-69ec0370b928,En el caso de que se vea obligado a abandonar una embarcación y no disponga de balsa salvavidas, ¿cuál de las siguientes afirmaciones es INCORRECTA?,PER_LIBERADO,Emergencias en la mar
2c6389da-0a3b-4115-8b2c-09a72ed6cb4f,Si se ve obligado a abandonar la embarcación, ¿cuál de las siguientes indicaciones a seguir es CORRECTA?,PER_NORMAL,Emergencias en la mar
2e7028e6-811b-40da-a728-59eb2231453c,En el caso de que se vea obligado a abandonar una embarcación ¿cuál de las siguientes afirmaciones es INCORRECTA?,PER_NORMAL,Emergencias en la mar
2edc426b-b2b5-4e60-a2a4-e18f8628620e,En relación con las vías de agua, ¿cuál de las siguientes afirmaciones es CORRECTA?,PER_NORMAL,Emergencias en la mar
336d9367-e722-41cc-a898-7cec62e28682,En el caso de que se vea obligado a abandonar una embarcación ¿cuál de las siguientes afirmaciones es INCORRECTA?,PER_LIBERADO,Emergencias en la mar
40001e9a-536d-463a-af89-7db0ef4d7950,¿Cuándo es más conveniente elegir el agua como agente extintor?,PER_NORMAL,Emergencias en la mar
44efe46e-e4eb-4b89-b18e-a00c802c091f,En el caso de tener que reflotar una embarcación tras una varada involuntaria, ¿cuál de las siguientes afirmaciones es CORRECTA?,PER_LIBERADO,Emergencias en la mar
45351c6c-6e66-4fc0-8321-2a4cfc3231fb,En relación con las vías de agua, ¿cuál de las siguientes afirmaciones es INCORRECTA?,PER_NORMAL,Emergencias en la mar
455e474a-e7f0-416c-af71-132b0ca5ef76,Si se detecta a bordo un incendio originado en el tanque de combustible de la embarcación, ¿cuál de las siguientes afirmaciones a la hora de proceder a su extinción es INCORRECTA?,PER_LIBERADO,Emergencias en la mar
486e8f51-8ac8-4a21-8d40-32cefb3a7f55,Tras una varada involuntaria, ¿cuál sería la primera medida a tomar?,PER_LIBERADO,Emergencias en la mar
4c7aacc4-d2f1-4e91-9f5b-0f5f08ebbf02,La clasificación UNE de los incendios se basa en:,PER_NORMAL,Emergencias en la mar
4cf78309-8128-4253-aa45-163c1f88fa04,Si queremos liberar una embarcación tras producirse una varada involuntaria en la que no se han producido daños en el casco, en una zona donde hay mareas, ¿cuál de las siguientes afirmaciones es CORRECTA?,PER_LIBERADO,Emergencias en la mar
4df2c941-ed87-4ffe-b57c-338cce224148,En una varada involuntaria o embarrancada, ¿en qué caso podría ser aconsejable mover lateralmente a uno y otro lado el barco varado?,PER_NORMAL,Emergencias en la mar
4df999a0-6a91-407d-b996-0818675dcb3d,¿Qué es lo primero que debe hacerse en caso de abordaje?,PER_NORMAL,Emergencias en la mar
4f2e908b-d3aa-4078-94c9-523c5de52bc3,¿Qué se entiende por socairear el fuego?,PER_LIBERADO,Emergencias en la mar
5184d337-d86c-4f34-bd83-481df1c8aa7e,¿Cuál de las siguientes afirmaciones es INCORRECTA?,PER_NORMAL,Emergencias en la mar
518f9cdb-4de8-4f84-b36a-1e71c19e3318,En el caso de que se declare un incendio a bordo, ¿qué NO se debe hacer?,PER_NORMAL,Emergencias en la mar
538d92ff-62bd-4c58-9780-38949a0c0710,Una vez se ha producido una varada involuntaria ¿cuál de las siguientes afirmaciones es INCORRECTA en relación con los factores que influyen a la hora de liberar la embarcación?,PER_NORMAL,Emergencias en la mar
56179a79-ae62-4290-b51e-45468c9ede55,En el caso de producirse una vía de agua a bordo:,PER_NORMAL,Emergencias en la mar
574b7ac5-932e-4eb2-96d2-fbf7fb752e64,Tras una varada involuntaria, ¿cuál sería la primera medida a tomar?,PER_NORMAL,Emergencias en la mar
59b690f2-8980-4e92-b01d-86b39bdee1a9,En el caso de tener que reflotar una embarcación tras una varada involuntaria, ¿cuál de las siguientes afirmaciones es CORRECTA?,PER_LIBERADO,Emergencias en la mar
5cd772e7-d4fe-444a-9b6c-9ba536012689,En el caso de que se vea obligado a abandonar una embarcación, ¿cuál de las siguientes afirmaciones es CORRECTA?,PER_NORMAL,Emergencias en la mar
5cebc774-a526-4869-8a6b-be47ecc78c54,Si descubre agua a bordo y ésta es salada y caliente, ¿qué debe hacer?,PER_NORMAL,Emergencias en la mar
5e20b0ce-6b54-4ab9-90f3-705f5f0b3e76,¿Cuál de las siguientes señales visuales de socorro NO es recomendable usar en los casos en los que un helicóptero se aproxima para socorrer a una embarcación?,PER_LIBERADO,Emergencias en la mar
5e9dbb73-4fd7-4580-8892-8ef8426f81d2,Si descubre agua a bordo y ésta es salada y caliente, ¿qué debe hacer?,PER_LIBERADO,Emergencias en la mar
5f034c40-add8-4d70-84d2-d002a9653a50,Si una persona sufre quemaduras a bordo, ¿qué NO se debe hacer?,PER_NORMAL,Emergencias en la mar
5fb91708-4cf1-4052-abce-b2a679456b05,En relación con el reflote de una embarcación de recreo varada:,PER_NORMAL,Emergencias en la mar
60d15d97-263c-4070-be87-c0f4518373c2,En relación con el reflote de una embarcación de recreo varada en fondo fangoso:,PER_NORMAL,Emergencias en la mar
60f61761-0622-474d-900d-6010823b87ca,En relación con el reflote de una embarcación de recreo varada en fondo fangoso:,PER_NORMAL,Emergencias en la mar
615affa3-beb1-4cea-9282-ca878608b929,La clasificación UNE de los incendios se basa en:,PER_LIBERADO,Emergencias en la mar
65e2b722-9cb1-4633-86d2-3531e49c7a38,¿Qué es lo primero que se debe hacer tras un abordaje?,PER_LIBERADO,Emergencias en la mar
66b7bee8-6991-43e6-8c07-d2ccc07815ef,¿Cuál de las siguientes afirmaciones es CORRECTA?,PER_LIBERADO,Emergencias en la mar
6c922068-9809-4808-bc72-285a59471791,En el caso de que se vea obligado a abandonar una embarcación, ¿cuál de las siguientes afirmaciones es CORRECTA?,PER_LIBERADO,Emergencias en la mar
6e5dcec8-ab27-41d8-ba3d-689fb80fda45,¿Qué es lo primero que se debe hacer tras un abordaje?,PER_NORMAL,Emergencias en la mar
70ded0cc-cf66-4416-9bdc-bc2f58b7f2d2,En un incendio a bordo, ¿qué entendemos por socairear el fuego?,PER_LIBERADO,Emergencias en la mar
71cb8185-d413-4257-9435-33b73892ec4b,Tras un abordaje con daños en ambas embarcaciones, ¿cuál de las siguientes afirmaciones es CORRECTA?,PER_LIBERADO,Emergencias en la mar
76d31edf-99e9-44e9-96a1-02a5b2ae657f,¿Qué se entiende por socairear el fuego?,PER_LIBERADO,Emergencias en la mar
770fcbde-353e-4225-bab7-26b035b2a34c,Una vez se ha producido una varada involuntaria ¿cuál de las siguientes afirmaciones es INCORRECTA en relación con los factores que influyen a la hora de liberar la embarcación?,PER_NORMAL,Emergencias en la mar
782dd6b6-9833-4b72-b7d3-8ad197c95171,¿Qué tipo de incendios son los de clase B?,PER_NORMAL,Emergencias en la mar
79c5b5ae-b3b4-4138-9aa0-a57af98339e2,¿Cuál de las siguientes afirmaciones es INCORRECTA?,PER_LIBERADO,Emergencias en la mar
7d4c7e32-74e4-4bb0-8f82-f1fac7606284,¿Qué medida resulta, en general, contraproducente en un abordaje?,PER_NORMAL,Emergencias en la mar
81d6439a-1941-451f-8210-ba7af1053a36,Si descubre agua a bordo y ésta es salada y caliente, ¿qué debe hacer?,PER_NORMAL,Emergencias en la mar
88ac3ed5-cf6b-49d8-97a4-6de02532941a,Si se ve obligado a abandonar la embarcación, ¿cuál de las siguientes indicaciones a seguir es CORRECTA?,PER_NORMAL,Emergencias en la mar
88b1b913-748a-4ee6-bc61-5a530e5d9c33,¿Cuál de las siguientes afirmaciones es CORRECTA?,PER_LIBERADO,Emergencias en la mar
88b65055-9b86-47c9-8c75-e163970d9d11,¿Cuál de las siguientes afirmaciones es INCORRECTA?,PER_NORMAL,Emergencias en la mar
8aa79386-520f-4f35-979c-9406252e1059,¿Cuál de las siguientes afirmaciones es CORRECTA?,PER_NORMAL,Emergencias en la mar
8c3e34c6-a91e-4c32-ae0c-fc649f1ddeb3,En el caso de que se vea obligado a abandonar una embarcación ¿cuál de las siguientes afirmaciones es INCORRECTA?,PER_LIBERADO,Emergencias en la mar
8ce6742c-6acc-4f41-ba3f-5ed1131e33b3,En caso de varada, para liberar una embarcación por medios propios utilizando las mareas, deberá esperar a:,PER_NORMAL,Emergencias en la mar
8d35017e-668e-4908-9d7e-9b0426c60e2a,En relación con la prevención de los abordajes ¿cuál de las siguientes medidas es CORRECTA?,PER_NORMAL,Emergencias en la mar
8e620d18-20f1-4c21-a0b7-3b13a9f972f6,En relación con el reflote de una embarcación de recreo varada:,PER_LIBERADO,Emergencias en la mar
8ff0662c-50c6-4a83-a078-91f7d432ed62,En caso de varada, para liberar una embarcación por medios propios utilizando las mareas, deberá esperar a:,PER_LIBERADO,Emergencias en la mar
921c0b3f-1be3-45cf-97fc-f08db9cf0f50,En caso de un accidente que produzca quemaduras de 1er grado que afecten al 25% de la superficie corporal de la persona afectada, sin que exista lesión por inhalación, se deberá:,PER_LIBERADO,Emergencias en la mar
932b8064-1a60-482f-967a-ae7f8792a0c9,En el caso de abandono de nuestra embarcación, ¿cuándo se deben usar las señales pirotécnicas?,PER_LIBERADO,Emergencias en la mar
9b16d345-2ed7-4399-ab53-5b92dbdd94b3,Los incendios de clase D son los producidos por:,PER_NORMAL,Emergencias en la mar
9d06d250-a33f-4d0a-aed0-ac44d691cdaf,Cuando se ha tomado la decisión de abandonar la embarcación, se realizará una Llamada Selectiva Digital a través del,PER_NORMAL,Emergencias en la mar
9dc7f518-3d2a-4b78-8ba9-c5e145c72f30,En caso de abordaje, indique cuál de las siguientes afirmaciones es CORRECTA.,PER_NORMAL,Emergencias en la mar
9deb2af8-d4e6-4541-9882-dbad36ce0c0f,Si se ha producido un incendio de grandes proporciones en la popa de la embarcación que no somos capaces de controlar, se recomienda de forma general:,PER_NORMAL,Emergencias en la mar
9f86c5fa-6a45-44f4-a37f-7ebfeab9ffbf,¿Cuál de las siguientes afirmaciones es INCORRECTA?,PER_NORMAL,Emergencias en la mar
a39f8048-8018-4e3b-ab9e-4d0c29710c0e,Si se detecta una vía de agua a bordo, se deberá inmediatamente:,PER_NORMAL,Emergencias en la mar
a42a5164-59c6-4ac9-95ab-22920ebdf7ae,Tras una varada involuntaria, ¿cuál sería la primera medida a tomar?,PER_LIBERADO,Emergencias en la mar
a6e71045-151d-41f5-bbdf-d545458ae282,¿Cuál de las siguientes afirmaciones es INCORRECTA?,PER_NORMAL,Emergencias en la mar
a763f15f-0104-49f9-af1e-944f3d6f7817,En caso de un accidente que produzca quemaduras de 1er grado que afecten al 25% de la superficie corporal de la persona afectada, sin que exista lesión por inhalación, se deberá:,PER_NORMAL,Emergencias en la mar
ab65019b-6be7-4a85-b649-38e9e7f72653,En el caso de producirse una vía de agua a bordo:,PER_NORMAL,Emergencias en la mar
aceb8694-04f6-4d26-bd8e-7fa5289070ca,En el caso de que se vea obligado a abandonar una embarcación ¿cuál de las siguientes afirmaciones es INCORRECTA?,PER_NORMAL,Emergencias en la mar
af63ca0f-855d-4434-a331-d65220afc0fd,Si descubre agua en la sentina de la embarcación, ¿cuál de las siguientes actuaciones es INCORRECTA?,PER_LIBERADO,Emergencias en la mar
b062f4a6-0faa-4d09-ad61-6a38b38e8d37,En caso de que se produzca una hemorragia nasal (epistaxis), ¿qué se debe hacer en un primer momento para detener el sangrado?,PER_NORMAL,Emergencias en la mar
b474dffa-fce4-444b-81cc-448e8f7cc8c9,La clasificación UNE de los incendios se basa en:,PER_NORMAL,Emergencias en la mar
b6aab570-ea5a-44c1-9962-ee0a12ee5f4a,¿Cuál de las siguientes afirmaciones es CORRECTA?,PER_NORMAL,Emergencias en la mar
b8d5e4b3-6e16-4ea0-bec9-e6616985a122,¿Cuál de las siguientes afirmaciones es INCORRECTA?,PER_LIBERADO,Emergencias en la mar
b8e7621a-2539-473e-9377-b7fa7a8fdb36,En caso de sufrir un incendio a bordo, ¿qué NO se debe hacer?,PER_LIBERADO,Emergencias en la mar
b8efbb44-dff2-4bdd-8b58-7f012b4f344d,¿Cuál de las siguientes afirmaciones sobre el uso de las bengalas en el abandono de una embarcación es CORRECTA?,PER_NORMAL,Emergencias en la mar
bf6566ea-184d-475b-85d3-670aec954cf1,Los factores que han de concurrir, según el tetraedro del fuego, para que se produzca un incendio son:,PER_LIBERADO,Emergencias en la mar
c1e6fd34-d8fb-4e48-bc0d-eeed6209cfc3,¿Cuál de las siguientes afirmaciones es INCORRECTA?,PER_NORMAL,Emergencias en la mar
c4b1de56-ab04-4f12-a7c4-4f07aee7a968,¿Cuál de las siguientes señales visuales de socorro NO es recomendable usar en los casos en los que un helicóptero se aproxima para socorrer a una embarcación?,PER_NORMAL,Emergencias en la mar
c5c30b96-a88e-4709-b354-6fc24e9b177f,¿Cuál de los siguientes lugares a bordo de una embarcación NO está identificado como un lugar de riesgo por la generación de un incendio?,PER_NORMAL,Emergencias en la mar
ceb22c5f-03a3-4b8b-b1ed-d7f2f814330a,La clasificación UNE de los incendios se basa en:,PER_LIBERADO,Emergencias en la mar
cee64e4c-9e76-4433-99f2-6ef8a990bf0d,En caso de que se produzca una hemorragia nasal (epistaxis), ¿qué se debe hacer en un primer momento para detener el sangrado?,PER_NORMAL,Emergencias en la mar
d7992e9b-8a2f-4864-8364-298ae8ba3fd7,Tras un abordaje con daños en ambas embarcaciones, ¿cuál de las siguientes afirmaciones es CORRECTA?,PER_NORMAL,Emergencias en la mar
d8e2ca87-c5e5-4ed1-819f-86835d320f29,Si se produce un incendio a bordo en el tanque de combustible, ¿qué agente extintor es el más adecuado para su extinción?,PER_LIBERADO,Emergencias en la mar
df73ac31-5a03-45c8-9429-a3799612f5a0,¿Cuál de las siguientes afirmaciones es INCORRECTA?,PER_LIBERADO,Emergencias en la mar
e018de35-2ad3-46d1-b7d1-64c368ac77ef,En el caso de abandono de nuestra embarcación, ¿cuándo se deben usar las señales pirotécnicas?,PER_NORMAL,Emergencias en la mar
e33a7e58-aa35-4151-819f-a95e57dbbefb,En relación con los abordajes, ¿cuál de las siguientes afirmaciones es CORRECTA?,PER_NORMAL,Emergencias en la mar
e59b23c1-b025-4f8a-a199-956bd761c241,En el caso de que se declare un incendio a bordo, ¿qué NO se debe hacer?,PER_NORMAL,Emergencias en la mar
e8f64b20-e192-48bc-a89f-ebafe302dba2,En relación con las medidas a tomar para salir de una embarrancada o varada que se produzca en un fondo fangoso o de arena, en un lugar donde haya mareas, con buen estado de la mar y en circunstancias normales, ¿cuál de las siguientes medidas sería la más apropiada?,PER_NORMAL,Emergencias en la mar
e9e8682d-3b43-471b-8c6f-e85769310881,En el caso de que se vea obligado a abandonar una embarcación, ¿cuál de las siguientes afirmaciones es CORRECTA?,PER_NORMAL,Emergencias en la mar
ee7b7ba3-dacb-4e2d-9667-e210d76350e1,Tras una varada involuntaria, ¿cuál sería la primera medida a tomar?,PER_NORMAL,Emergencias en la mar
eecae427-6d3a-48d9-a899-e39d885b5a93,En un incendio a bordo, ¿qué entendemos por socairear el fuego?,PER_NORMAL,Emergencias en la mar
f1576d64-11f5-468d-95eb-ee3dbc889230,En relación con la asistencia médica de urgencia a distancia del servicio Centro Radio-Médico Español, ¿cuál de las siguientes afirmaciones es CORRECTA?,PER_NORMAL,Emergencias en la mar
f36f7a99-b9f9-4af8-9896-bbd0bbf47660,En caso de abordaje, indique cuál de las siguientes afirmaciones es CORRECTA.,PER_LIBERADO,Emergencias en la mar
f49ed785-ca4d-426a-91fd-0ce809ad5570,Si se produce un incendio a bordo en el tanque de combustible, ¿qué agente extintor es el más adecuado para su extinción?,PER_NORMAL,Emergencias en la mar
f79fdbee-f150-4dd6-9b5b-c9fd0e263080,Si descubre agua en la sentina de la embarcación, ¿cuál de las siguientes actuaciones es INCORRECTA?,PER_NORMAL,Emergencias en la mar
f7cd1bbb-76b8-46ce-9547-c20c980235b7,Si una persona sufre quemaduras a bordo, ¿qué NO se debe hacer?,PER_NORMAL,Emergencias en la mar
f96006d0-ddab-487f-b28c-7deda53325d2,En relación con las vías de agua, ¿cuál de las siguientes afirmaciones es INCORRECTA?,PER_NORMAL,Emergencias en la mar
fa9608bf-8f9b-4920-b821-7c942412128c,En una situación de reflotamiento de un barco varado en fondo fangoso, ¿cuál de las siguientes actuaciones a tomar es INCORRECTA?,PER_LIBERADO,Emergencias en la mar
fa9aa75c-510b-4957-bf3e-d962beaef466,En el caso de tener que reflotar una embarcación tras una varada involuntaria, ¿cuál de las siguientes afirmaciones es CORRECTA?,PER_NORMAL,Emergencias en la mar
fbbd5c97-bbe0-4d5a-894b-ab3dd900b2ce,En relación con el Centro Radio-Médico Español (CRME), ¿cuál de las siguientes afirmaciones es INCORRECTA?,PER_NORMAL,Emergencias en la mar
fea94595-a214-40ef-b753-227d4a7aa7ab,¿Cuál de los siguientes lugares a bordo de una embarcación NO está identificado como un lugar de riesgo por la generación de un incendio?,PER_LIBERADO,Emergencias en la mar
0238063e-6af5-45f2-89e3-e1896fb57c50,Según el artículo 3 del Real Decreto 339/2021, de 18 de mayo, por el que se regula el equipo de seguridad y de prevención de la contaminación de las embarcaciones de recreo, aquellas sin marcado CE estarán facultadas para navegar:,PER_NORMAL,Legislación
0eb3b17b-e372-4ee5-aa50-2da28ab0fa51,Ante un avistamiento de contaminación durante la navegación:,PER_NORMAL,Legislación
13d3178f-38d0-4a73-8fc3-7605cda7e776,Según el artículo 3 del Real Decreto 339/2021, de 18 de mayo, por el que se regula el equipo de seguridad y de prevención de la contaminación de las embarcaciones de recreo, aquellas sin marcado CE estarán facultadas para navegar:,PER_NORMAL,Legislación
16f3ef5e-4818-46c5-914e-ea6756ce6f5e,Navegando con una embarcación para uso privado se divisa un dispositivo de balizamiento en superficie de un buceador, ¿a qué distancia mínima de seguridad deberemos mantenernos de esa zona de buceo?,PER_NORMAL,Legislación
18de6b21-b957-492f-8a26-cb75259c6829,Según la Regla 3 del Capítulo V del Convenio Internacional para prevenir la contaminación por los buques (MARPOL), se prohíbe descargar en el mar aceite de cocina:,PER_NORMAL,Legislación
18ec2cc9-3b02-4290-a1c5-e8a47a0592bb,Conforme a lo dispuesto en la Regla 4 del Anexo V del Convenio MARPOL, la descarga de basuras en el mar fuera de las zonas especiales solo se permitirá mientras el buque esté en ruta y tan lejos como sea posible de la tierra más próxima, pero:,PER_NORMAL,Legislación
1f2f7865-fd17-4c80-8e3a-22b644c270be,En relación con la “Notificación de incidentes y accidentes en el mar”, indique cuál de las siguientes situaciones NO requiere su comunicación a la estación costera.,PER_NORMAL,Legislación
240cb2e6-dd08-47f9-94dc-bd3337f98fdb,Las Zonas Especialmente Protegidas de Importancia para el Mediterráneo (ZEPIM) son:,PER_NORMAL,Legislación
28db368d-af05-44de-8044-518193c7edfd,Deben tener seguro de responsabilidad civil de suscripción obligatoria en vigor:,PER_NORMAL,Legislación
3509e58e-f7bc-45e0-ae91-acaa86a3c7ae,Ante un avistamiento de contaminación durante la navegación:,PER_NORMAL,Legislación
3b6951e0-63d5-49c0-b5ea-8ff33d0be354,Según la Regla 3 del Capítulo V del Convenio Internacional para prevenir la contaminación por los buques (MARPOL), se prohíbe descargar en el mar aceite de cocina:,PER_NORMAL,Legislación
3e83c699-80de-4aa4-b20e-27331253f6d0,Conforme al artículo 33.1 del Convenio internacional para la seguridad de la vida humana en el mar, 1974, el capitán de un buque que reciba alerta de socorro y no pueda prestar auxilio:,PER_NORMAL,Legislación
43ab1755-b265-4dc3-a5f1-f287bc81daba,Todo propietario de embarcaciones de recreo o deportivas deberá tener asegurada la responsabilidad civil en que pueda incurrir con motivo de la navegación de sus embarcaciones:,PER_NORMAL,Legislación
52cf71ba-d869-4e40-9fb3-4e07f620dfd7,Conforme al artículo 33.1 del Convenio internacional para la seguridad de la vida humana en el mar, 1974, el capitán de un buque que reciba alerta de socorro y no pueda prestar auxilio:,PER_NORMAL,Legislación
52cfc208-a8fa-428e-a22b-a371e3c49647,De acuerdo con el Texto Refundido de la Ley de Puertos del Estado y de la Marina Mercante, de las infracciones por contaminación del medio marino:,PER_NORMAL,Legislación
65a1d04c-4663-4b8f-a243-76b7c6ce0dd4,Las Zonas Especialmente Protegidas de Importancia para el Mediterráneo (ZEPIM) son:,PER_NORMAL,Legislación
66583481-073f-4c5a-a2fc-9ff870b61ebb,Todo propietario de embarcaciones de recreo o deportivas deberá tener asegurada la responsabilidad civil en que pueda incurrir con motivo de la navegación de sus embarcaciones:,PER_NORMAL,Legislación
77a042ac-17ff-4222-ac45-9fd803598576,Según lo regulado en el Real Decreto 339/2021, de 18 de mayo, se prohíbe la descarga de aguas sucias por las embarcaciones de recreo en aguas en las que España ejerce soberanía, derechos soberanos o jurisdicción, salvo que la embarcación:,PER_NORMAL,Legislación
84691e74-e3fa-4006-8f72-4bef5f061514,En un tramo de costa carente de señalización o balizamiento de la zona de baño:,PER_NORMAL,Legislación
86ee7477-984b-4eb9-8355-cb43cc0f921d,En los casos de infracciones por contaminación del medio marino producidas desde buques o embarcaciones de recreo:,PER_NORMAL,Legislación
8a74a274-5f55-463d-8f49-c1e969eb9fd4,Navegando con una embarcación para uso privado se divisa un dispositivo de balizamiento en superficie de un buceador, ¿a qué distancia mínima de seguridad deberemos mantenernos de esa zona de buceo?,PER_NORMAL,Legislación
8dfd0804-14ed-476b-a263-f11d23c6c965,Deben tener seguro de responsabilidad civil de suscripción obligatoria en vigor:,PER_NORMAL,Legislación
94fcf405-c164-417e-a970-a5c79b0e7ae5,El derecho a navegar no incluirá el derecho de detenerse o fondear fuera de las zonas de servicio de los puertos, salvo que se trate de buques y embarcaciones:,PER_NORMAL,Legislación
961b3c51-2993-435f-8832-b449532b7518,Las Zonas Especialmente Protegidas de Importancia para el Mediterráneo (ZEPIM) son:,PER_NORMAL,Legislación
b11a2db5-0546-42a1-9d16-4792f707261a,Conforme a lo dispuesto en el Anexo V, Regla 3, del Convenio Internacional para prevenir la contaminación por los buques (Convenio MARPOL), la descarga en el mar de aceite de cocina:,PER_NORMAL,Legislación
b28313f5-1132-45c0-83ee-b081b16f63f2,Conforme a lo dispuesto en la Regla 4 del Anexo V del Convenio MARPOL, la descarga de basuras en el mar fuera de las zonas especiales solo se permitirá mientras el buque esté en ruta y tan lejos como sea posible de la tierra más próxima, pero:,PER_NORMAL,Legislación
ba966ec9-e17a-41ef-a957-4f6b2babae37,En un tramo de costa carente de señalización o balizamiento de la zona de baño:,PER_NORMAL,Legislación
bcd74ae2-6e30-45d5-8fd5-850304294061,Según lo regulado en el Real Decreto 339/2021, de 18 de mayo, se prohíbe la descarga de aguas sucias por las embarcaciones de recreo en aguas en las que España ejerce soberanía, derechos soberanos o jurisdicción, salvo que la embarcación:,PER_NORMAL,Legislación
c052f2eb-664e-44da-9231-d0a7cd6a3d20,En relación con la “Notificación de incidentes y accidentes en el mar”, indique cuál de las siguientes situaciones NO requiere su comunicación a la estación costera.,PER_NORMAL,Legislación
cc7443aa-174c-4fbd-966f-b78c7d9973f8,Conforme a lo dispuesto en el Anexo V, Regla 3, del Convenio Internacional para prevenir la contaminación por los buques (Convenio MARPOL), la descarga en el mar de aceite de cocina:,PER_NORMAL,Legislación
dabb8b36-7d1c-408f-bf8b-2aab56818973,En los casos de infracciones por contaminación del medio marino producidas desde buques o embarcaciones de recreo:,PER_NORMAL,Legislación
eaf61ae6-f1d5-4d2f-b99f-03df2df82925,De acuerdo con el Texto Refundido de la Ley de Puertos del Estado y de la Marina Mercante, de las infracciones por contaminación del medio marino:,PER_NORMAL,Legislación
efec6b12-07ac-4b0c-9eda-143148effa58,El seguro de responsabilidad civil de suscripción obligatoria tiene por objeto la cobertura de la responsabilidad:,PER_NORMAL,Legislación
f2d49d3a-6011-4d73-8a64-eda7606e9295,El seguro de responsabilidad civil de suscripción obligatoria tiene por objeto la cobertura de la responsabilidad:,PER_NORMAL,Legislación
f483d745-8c06-43cd-8916-6db553c6972e,Si el capitán de un buque recibe una señal de socorro que le indique que hay personas en peligro en el mar, ¿cuál de las siguientes afirmaciones es INCORRECTA?,PER_NORMAL,Legislación
fb6c1786-071b-41cf-91b5-ff48833a29b0,Si el capitán de un buque recibe una señal de socorro que le indique que hay personas en peligro en el mar, ¿cuál de las siguientes afirmaciones es INCORRECTA?,PER_NORMAL,Legislación
00d48ecd-e67d-4816-9d32-0b20c75164ac,Navegando en un canal angosto, es necesario que realicemos una maniobra de ciaboga con una hélice dextrógira, ¿en general, cuál será la manera más favorable de proceder?,PER_NORMAL,Maniobra y navegación
0a00bf12-d44b-4204-930b-823ee52bbd69,En la curva de evolución, la fase de maniobra:,PER_LIBERADO,Maniobra y navegación
454b9078-22d6-4a93-bdb2-86cec6fac90e,Si navegando con arrancada avante está soplando un viento de 10 nudos y decidimos amarrarnos a una boya fijada a un muerto en un puerto, lo más conveniente sería:,PER_LIBERADO,Maniobra y navegación
4721c5d5-eb10-4676-8c99-90c45dbe5975,`Amarrar por seno´ consiste en:,PER_LIBERADO,Maniobra y navegación
496e308e-1496-4910-9945-00dbc2201906,Navegando en un canal angosto, es necesario que realicemos una maniobra de ciaboga con una hélice dextrógira, ¿en general, cuál será la manera más favorable de proceder?,PER_NORMAL,Maniobra y navegación
57109250-cbad-48c1-baab-c1570086287f,La maniobra de abarloarse consiste en:,PER_NORMAL,Maniobra y navegación
5f8b7fd8-6f3f-4c79-ae65-a256995782c7,Si navegando con arrancada avante está soplando un viento de 10 nudos y decidimos amarrarnos a una boya fijada a un muerto en un puerto, lo más conveniente sería:,PER_LIBERADO,Maniobra y navegación
83d0b4d8-ee8b-4b65-9c53-2d9852d29cd1,`Amarrar por seno´ consiste en:,PER_LIBERADO,Maniobra y navegación
a1cce6c6-cd5b-47e0-94d2-d4aa663cf0f9,La maniobra de abarloarse consiste en:,PER_LIBERADO,Maniobra y navegación
a3e5a90c-5fd2-4f3f-9947-37802a82ded4,Respecto a la “arrancada”:,PER_LIBERADO,Maniobra y navegación
adca3a90-a14c-4997-86bc-472a893130c0,Si navegando con arrancada avante está soplando un viento de 10 nudos y decidimos amarrarnos a una boya fijada a un muerto en un puerto, lo más conveniente sería:,PER_NORMAL,Maniobra y navegación
b432a41e-232f-41ec-94e9-280ed016f702,La maniobra de abarloarse consiste en:,PER_NORMAL,Maniobra y navegación
bdb4a18d-04a0-462f-a242-7063f2a6c034,Si navegando con arrancada avante está soplando un viento de 10 nudos y decidimos amarrarnos a una boya fijada a un muerto en un puerto, lo más conveniente sería:,PER_NORMAL,Maniobra y navegación
d4b5419e-8a50-4014-95a5-a8c4b6465dfd,Respecto a la “arrancada”:,PER_LIBERADO,Maniobra y navegación
d5b461cf-0107-4322-b37d-b2dcb986543b,La maniobra de abarloarse consiste en:,PER_LIBERADO,Maniobra y navegación
ecd8328b-ad7e-4673-ba45-ca56b6fbcf52,`Amarrar por seno´ consiste en:,PER_NORMAL,Maniobra y navegación
056845e3-bcf7-484b-8ec3-805056177871,En relación con la temperatura, ¿qué fenómeno ocurre en el valor 100º de la escala centígrada?,PER_LIBERADO,Meteorología
0dced072-d4ad-46da-a79d-5f8a18543e53,Se entiende por Fecht:,PER_LIBERADO,Meteorología
0e88846a-c10f-4be8-a077-fe364d3a564c,¿Cuáles son las características de una borrasca en el Hemisferio Norte?,PER_NORMAL,Meteorología
0fa580f2-a638-410b-bec5-7d22a6f3cff2,¿Cuáles son las características de una borrasca en el Hemisferio Norte?,PER_NORMAL,Meteorología
13b1d2eb-bae9-4af6-8d59-3f7e78d49dc0,En relación con los anticiclones, señale la afirmación INCORRECTA:,PER_NORMAL,Meteorología
1a538c3c-8d6c-4a53-87b9-0d4f0cd5a33a,En relación con la temperatura, ¿qué fenómeno ocurre en el valor 100º de la escala centígrada?,PER_LIBERADO,Meteorología
1c0a2a34-da68-40ca-958e-99cd728d1ed9,Señale cuál de las siguientes afirmaciones relativas a la escala centígrada es la CORRECTA:,PER_NORMAL,Meteorología
27fa4870-bc04-40b4-9dfc-5deb2864bc82,En relación con el fetch, indique cuál de las siguientes afirmaciones es INCORRECTA.,PER_NORMAL,Meteorología
28fcc8b0-3340-4624-ad1e-ad5e6f3bfe77,¿Es posible obtener la previsión meteorológica por VHF?,PER_LIBERADO,Meteorología
2a0de1b8-8dea-423a-b9ff-275f7fdf3657,En relación con la definición de temperatura, señale la afirmación INCORRECTA.,PER_NORMAL,Meteorología
310aa04a-9f24-4f2f-afcf-6b7382c69e6b,En meteorología, ¿qué se entiende por isobara?,PER_NORMAL,Meteorología
335236c3-bccf-46a1-b2d0-b95cbaded943,En relación con el Fetch, ¿cuál de las siguientes afirmaciones es INCORRECTA?,PER_NORMAL,Meteorología
3b91b7ce-4a32-47fa-a783-d9f284121080,En relación con la definición de temperatura, señale la afirmación INCORRECTA.,PER_LIBERADO,Meteorología
44cdeda0-874e-400f-bb80-4c1ebe4318da,El fetch es:,PER_NORMAL,Meteorología
467a3058-08c1-4283-8921-7fbd6eabdd09,¿Es posible obtener la previsión meteorológica por VHF?,PER_LIBERADO,Meteorología
46ee3307-ab6b-4713-9a04-ff488f7bba24,El viento aparente:,PER_NORMAL,Meteorología
4b98e21c-9b1a-4041-b41a-ef06f03b531c,Se entiende por virazón:,PER_LIBERADO,Meteorología
5a35c66c-9300-40b7-9389-3252821e0e9f,En relación con la escala centígrada, señale la afirmación CORRECTA:,PER_LIBERADO,Meteorología
5f1fa2a7-92e9-406c-81a4-40e2c97e1576,El viento aparente:,PER_LIBERADO,Meteorología
61463b33-0751-4c61-b662-88f5ab0cd325,En relación con los anticiclones, señale la afirmación INCORRECTA:,PER_NORMAL,Meteorología
69982f6d-28df-4411-9345-2b81e93694fd,En relación con la escala centígrada, señale la afirmación CORRECTA:,PER_LIBERADO,Meteorología
6f811733-4611-44b7-bc6f-9957bbc9f2a5,Se denomina Fetch a:,PER_LIBERADO,Meteorología
71f71722-c068-427a-9b46-c354cc078b9d,¿Cuál de las siguientes afirmaciones es CORRECTA?,PER_NORMAL,Meteorología
72ca6349-b720-4491-9de4-07c48e47d941,El terral es:,PER_NORMAL,Meteorología
771efbdc-19f9-4a6c-9b55-ab2cac02e2ce,¿Cuál es la definición de temperatura?,PER_NORMAL,Meteorología
7eb5ab7e-f78f-4dad-96be-238a2ce8d690,¿Cuál es la definición de temperatura?,PER_NORMAL,Meteorología
7f155151-d0b7-49dc-8c56-32da15f4e7fd,En meteorología, ¿qué se entiende por isobara?,PER_LIBERADO,Meteorología
8be41218-5fbe-420a-9b5d-b0980340cfb2,Se denomina “Fetch” a:,PER_NORMAL,Meteorología
8c391306-ba15-4290-aa74-b4b9d8ef7b76,En relación con las borrascas, señale la afirmación INCORRECTA:,PER_NORMAL,Meteorología
8cfae4bf-f25c-4f48-9928-39244012c01c,¿Qué es el Fetch?,PER_NORMAL,Meteorología
8f103531-ee1f-4397-86ea-3c2054c6bcb3,En relación con el fetch, indique cuál de las siguientes afirmaciones es INCORRECTA.,PER_NORMAL,Meteorología
8f514bdf-bac7-487a-bafe-cedc07bfd69d,El viento aparente:,PER_NORMAL,Meteorología
907b7e0b-284d-42f2-b39c-723b17d2710e,En relación con el Fetch, ¿cuál de las siguientes afirmaciones es INCORRECTA?,PER_NORMAL,Meteorología
a2476d2c-0453-4460-8906-6f816fc5795f,En meteorología, ¿qué se entiende por isobara?,PER_LIBERADO,Meteorología
a30a6854-a1a4-433e-8eea-300675f1cbea,En relación con los anticiclones, señale la afirmación INCORRECTA:,PER_LIBERADO,Meteorología
a6075cf2-7802-4bc5-8c32-23c968a365ec,El terral es:,PER_NORMAL,Meteorología
b20d9d81-f133-43ef-b61e-ddceb1492687,En relación con la definición de temperatura, señale la afirmación INCORRECTA.,PER_LIBERADO,Meteorología
b506c081-925d-4865-bae2-604edbf651e4,En relación con las borrascas, señale la afirmación INCORRECTA.,PER_NORMAL,Meteorología
b58271c5-d27e-47a9-9db5-f8cba005990b,En relación con los anticiclones, ¿cuál de las siguientes afirmaciones es CORRECTA?,PER_LIBERADO,Meteorología
c05f3734-5035-452b-97df-b6a1353ffa68,¿Es posible obtener la previsión meteorológica por VHF?,PER_NORMAL,Meteorología
c4ea37ad-2692-45a9-b229-a7a6c2f8fe5a,En relación con los anticiclones, ¿cuál de las siguientes afirmaciones es CORRECTA?,PER_NORMAL,Meteorología
c505414f-2420-46d1-bc7f-42f60a325153,En relación con las borrascas, ¿cuál de las siguientes afirmaciones es CORRECTA?,PER_NORMAL,Meteorología
c773da95-1cc5-4180-8836-af64fab700e4,Se entiende por Fecht:,PER_NORMAL,Meteorología
ccd2d494-16bf-44aa-ac89-220ad30866fa,En relación con los anticiclones, ¿cuál de las siguientes afirmaciones es CORRECTA?,PER_LIBERADO,Meteorología
ce1c0d8c-5918-4af9-a4c5-8e5ccedc50ec,En relación con las borrascas, ¿cuál de las siguientes afirmaciones es CORRECTA?,PER_NORMAL,Meteorología
d0d9db6c-49ab-4c8e-996b-52e3cbc21a2a,En relación con la temperatura, ¿qué fenómeno ocurre en el valor 100º de la escala centígrada?,PER_NORMAL,Meteorología
d9fd2ad4-98fd-4b7c-b6df-b70dcdfe2654,En relación con la definición de temperatura, señale la afirmación INCORRECTA.,PER_NORMAL,Meteorología
da925cb7-63b1-4d60-aef2-03ef7c5c3b1f,En relación con los anticiclones, ¿cuál de las siguientes afirmaciones es CORRECTA?,PER_LIBERADO,Meteorología
de4921e2-23e1-4231-9a28-d13233d18f90,En relación con las borrascas, señale la afirmación INCORRECTA.,PER_NORMAL,Meteorología
e0a83ae4-d5b2-4cc9-a223-9cd2d51505d9,El viento aparente:,PER_LIBERADO,Meteorología
e108b19c-b181-4c0c-b3ba-229aeccda1ad,Se entiende por Fecht:,PER_LIBERADO,Meteorología
e19c121a-3bd1-4b62-b2e4-71c04fe11970,En meteorología, ¿qué se entiende por isobara?,PER_NORMAL,Meteorología
e79975ca-4a14-43d3-83c8-c0df9aab74de,Se entiende por Fecht:,PER_NORMAL,Meteorología
e83147fb-484a-4fa4-a7a4-eedf903536d9,En relación con la temperatura, ¿qué fenómeno ocurre en el valor 100º de la escala centígrada?,PER_NORMAL,Meteorología
ec7d58b7-cd27-453e-9899-68564b606b7a,En relación con las borrascas, señale la afirmación INCORRECTA:,PER_NORMAL,Meteorología
ee2fdecc-5099-4456-bae0-6e183c9366de,En relación con las borrascas, ¿cuál de las siguientes afirmaciones es CORRECTA?,PER_NORMAL,Meteorología
efc98cf1-36e4-4880-bb31-f50d115797bc,En relación con los anticiclones, señale la afirmación INCORRECTA:,PER_LIBERADO,Meteorología
efe49d36-adbc-4861-9d96-78e6ff89011b,Señale cuál de las siguientes afirmaciones relativas a la escala centígrada es la CORRECTA:,PER_NORMAL,Meteorología
f12ae19c-3fe7-4418-b657-5567e92649f1,En relación con las borrascas, ¿cuál de las siguientes afirmaciones es CORRECTA?,PER_NORMAL,Meteorología
fa1c783b-3b58-4bbe-bada-aef0a36b2926,En relación con los anticiclones, ¿cuál de las siguientes afirmaciones es CORRECTA?,PER_LIBERADO,Meteorología
006e4de5-a603-4e80-ae2e-2e85b9509a4d,La “línea de crujía” de una embarcación es:,PER_NORMAL,Nomenclatura náutica
0d5937d9-fc33-4824-8ddc-0dd8321f872d,¿Cuál de las siguientes definiciones es INCORRECTA?,PER_NORMAL,Nomenclatura náutica
0f07c0db-b616-45ed-88d8-c5fe6668c03e,Los guardamancebos son:,PER_NORMAL,Nomenclatura náutica
1eaeeb26-148b-4ae2-9331-9b3fc8d10cf9,Se conoce como sentina de una embarcación a:,PER_NORMAL,Nomenclatura náutica
22f245df-1e6e-4872-915b-094aef94f062,Seleccione la afirmación CORRECTA acerca de un “candelero”:,PER_NORMAL,Nomenclatura náutica
246e1625-0ce9-4922-b9d9-b815bbf5b6ea,En una embarcación:,PER_NORMAL,Nomenclatura náutica
250fdf3d-278d-40be-892c-ebceac8beec8,¿Cuál de las siguientes afirmaciones es CORRECTA?,PER_NORMAL,Nomenclatura náutica
26dd700d-97a5-404f-8a82-6abf40376497,La línea de fondeo está formada por:,PER_NORMAL,Nomenclatura náutica
31567dd2-5d60-48b4-92e8-c5b2b6451d8f,¿Cuál de las siguientes definiciones se corresponde con “lumbrera”?,PER_NORMAL,Nomenclatura náutica
467ef435-0154-4f7d-bff2-e446ae084ae0,En relación con el ancla, indique cuál de las siguientes afirmaciones es CORRECTA:,PER_NORMAL,Nomenclatura náutica
4c222f1d-7f9d-4022-9a4e-3dc8fc75fd9c,Situados en la popa de una embarcación mirando hacia proa, la aleta de babor es:,PER_NORMAL,Nomenclatura náutica
5bef4320-2178-4d74-9d6b-1e599e460b06,El arganeo es:,PER_NORMAL,Nomenclatura náutica
63a5ee5d-d877-4bbc-a606-2d79c8e7b09b,¿Cuál de las siguientes definiciones es CORRECTA?,PER_NORMAL,Nomenclatura náutica
6db2a807-cfb5-43d1-88f1-3cbd6aad5479,Se conoce como sentina de una embarcación a:,PER_NORMAL,Nomenclatura náutica
6e177d75-055f-443b-b64b-efc054c6ffa8,Indique cuál de las siguientes definiciones es INCORRECTA.,PER_NORMAL,Nomenclatura náutica
98feb122-331f-4a2a-b421-ac042d3750c7,Indique cuál de las siguientes afirmaciones es INCORRECTA.,PER_NORMAL,Nomenclatura náutica
99dbd486-e89f-43de-8bf4-da4d89e291a0,¿Cuál de las siguientes afirmaciones es CORRECTA?,PER_NORMAL,Nomenclatura náutica
9b9a1905-f26c-41e5-94eb-84fbd0f426b1,Indique cuál de las siguientes afirmaciones es CORRECTA.,PER_NORMAL,Nomenclatura náutica
9e574662-4275-4720-92b6-2ae038a299c4,Los guardamancebos son:,PER_NORMAL,Nomenclatura náutica
9f6fcde4-b609-47cc-b387-d1ba9d07f024,La línea de fondeo está formada por:,PER_NORMAL,Nomenclatura náutica
9fbc4707-c87d-4e29-985a-f89c78d2864b,En una embarcación:,PER_NORMAL,Nomenclatura náutica
a0eb5cfc-5a14-4ce7-b815-a2c3446546bb,Indique cuál de las siguientes afirmaciones es CORRECTA.,PER_NORMAL,Nomenclatura náutica
a98a65df-70a7-4995-9dec-9338b9f99385,Indique cuál de las siguientes definiciones es INCORRECTA.,PER_NORMAL,Nomenclatura náutica
af35415d-8051-4b3b-bab9-fb49a7b9d8dd,En relación con el ancla, indique cuál de las siguientes afirmaciones es CORRECTA:,PER_NORMAL,Nomenclatura náutica
b83a89bb-cf5d-4f32-b6b4-875a767b7dd6,Seleccione la afirmación CORRECTA acerca de un “candelero”:,PER_NORMAL,Nomenclatura náutica
c148c34e-6b71-4ffe-856e-d3570860c473,Un grillete es:,PER_NORMAL,Nomenclatura náutica
c95238f4-53ca-4417-9ee4-009160736732,¿Cuál de las siguientes afirmaciones es CORRECTA?,PER_NORMAL,Nomenclatura náutica
c9d81194-2bbf-4777-ad77-359a118b2fc2,La “línea de crujía” de una embarcación es:,PER_NORMAL,Nomenclatura náutica
cee21c69-aa31-4b34-a24b-6748f479adb6,Situados en la popa de una embarcación mirando hacia proa, la aleta de babor es:,PER_NORMAL,Nomenclatura náutica
cf08cc64-8225-498e-9997-a9db642a8728,¿Cuál de las siguientes definiciones se corresponde con “lumbrera”?,PER_NORMAL,Nomenclatura náutica
dbe01fe7-d78a-47fa-8577-ff15da5e1385,Señale la afirmación CORRECTA respecto a las hélices dextrógiras:,PER_NORMAL,Nomenclatura náutica
dcb8111b-2997-4922-8efe-57ac516ccea9,Un grillete es:,PER_NORMAL,Nomenclatura náutica
f0f391f5-de2f-4db9-a738-60a98682e9a6,¿Cuál de las siguientes definiciones es INCORRECTA?,PER_NORMAL,Nomenclatura náutica
fbfd0e75-36ab-4f3d-906e-eefb93bc95a3,¿Cuál de las siguientes afirmaciones es CORRECTA?,PER_NORMAL,Nomenclatura náutica
007f56f0-7bd1-4694-905e-2a63b6a929b1,Según la Regla 15 del RIPA, cuando dos buques de propulsión mecánica se crucen con riesgo de abordaje:,PER_NORMAL,Reglamento (RIPA)
05110f54-9266-469f-817b-7aee9043a360,Conforme a la Regla 7 del RIPA, “Riesgo de abordaje”, se considerará que existe riesgo de abordaje si, entre otras consideraciones:,PER_NORMAL,Reglamento (RIPA)
05501b30-1d6b-4bd4-94c1-df6f4f1e1799,De acuerdo con la Regla 20 del RIPA, “Ámbito de aplicación” de la Parte C. Luces y Marcas, señale la afirmación CORRECTA.,PER_NORMAL,Reglamento (RIPA)
08da1558-dd87-43b0-b80e-f1f16ddb753a,De acuerdo con la Regla 31 del RIPA, Hidroaviones, si vemos un hidroavión exhibiendo luces posicionadas según lo previsto en el reglamento, pero cuyas características no son idénticas, sino que son muy similares a las prescritas en la Parte C de luces y marcas del RIPA, entenderemos que:,PER_NORMAL,Reglamento (RIPA)
0b0cb7f6-57c3-492c-ab0a-ae523e1d9b6a,Según la Regla 6.a.ii )del RIPA, ¿cuál de las siguientes afirmaciones es CORRECTA?,PER_NORMAL,Reglamento (RIPA)
0b646db0-be33-4eee-a1a9-617e186500a8,El RIPA define en la Regla 3, “Definiciones generales”, la expresión “buque sin gobierno” como:,PER_NORMAL,Reglamento (RIPA)
0d9587cd-370a-4738-84b6-7c5f43518445,De acuerdo con la regla 25 del RIPA, “Buques de vela en navegación y embarcaciones de remo”, un buque de vela exhibirá a proa, en el lugar más visible, una marca cónica con el vértice hacia abajo cuando:,PER_NORMAL,Reglamento (RIPA)
106cce80-54f6-475e-8818-fe2c9a003946,De acuerdo a la Regla 19 del RIPA, salvo en los casos en que se haya comprobado que no existe riesgo de abordaje, todo buque que oiga, al parecer a proa de su través, la señal de niebla de otro buque:,PER_NORMAL,Reglamento (RIPA)
126fc85e-22ed-44fa-970a-53ad9546b836,Según la Regla 14 del RIPA, “Situación de vuelta encontrada”, cuando dos buques de propulsión mecánica naveguen de vuelta encontrada a rumbos opuestos o casi opuestos, con riesgo de abordaje:,PER_NORMAL,Reglamento (RIPA)
16153749-1240-4cd0-b1e3-657309d55387,De acuerdo con la Regla 19 del RIPA “Conducta de los buques en condiciones de visibilidad reducida”, todo buque que detecte únicamente por medio del radar la presencia de otro buque, y determine que se está creando una situación de riesgo de abordaje, maniobrará con suficiente antelación, teniendo en cuenta que, si la maniobra consiste en un cambio de rumbo, en la medida de lo posible se evitará un cambio de rumbo:,PER_NORMAL,Reglamento (RIPA)
189f5dac-d581-4c5d-b723-048d280cf567,Según el Anexo IV del RIPA, se puede utilizar como señal de peligro una señal SOS del Código Morse emitida por cualquier sistema de señales, consistente en:,PER_NORMAL,Reglamento (RIPA)
1b0bf3e4-3f9e-4b6f-a7ec-d2b0aa9c0be4,Según lo indicado en la Regla 37 del RIPA “Señales de peligro”, ¿cuál de las siguientes señales utilizará un buque que esté en peligro y requiera ayuda?,PER_NORMAL,Reglamento (RIPA)
1d48eb2a-9dc9-4a96-84a7-f1d0de18c684,Según el Anexo IV del RIPA, se puede utilizar como señal de peligro una señal SOS del Código Morse emitida por cualquier sistema de señales, consistente en:,PER_NORMAL,Reglamento (RIPA)
1fdec3a7-115b-43f8-a9ee-2c383c89ac44,Según la Regla 15 del RIPA, cuando dos buques de propulsión mecánica se crucen con riesgo de abordaje:,PER_NORMAL,Reglamento (RIPA)
20e53730-9d92-4079-a393-94632ed78c08,Según la regla 2 del RIPA:,PER_NORMAL,Reglamento (RIPA)
225d632b-420e-4b10-8885-8d6355e65564,Aproximándose, vemos un buque remolcando a otro. En esta situación, y atendiendo a la Regla 27 del RIPA, debemos considerar que:,PER_NORMAL,Reglamento (RIPA)
2346cb73-7ace-4193-804a-059958d3e3c8,Conforme a la Regla 24.b del RIPA, “Buques remolcando y empujando”, ¿cuándo se considera que un buque que empuje y un buque empujado forman una unidad compuesta?,PER_NORMAL,Reglamento (RIPA)
264c33be-fa10-48c0-8395-3fe085e9a73d,De acuerdo con la Regla 7 del RIPA, “Riesgo de abordaje”, para determinar si existe riesgo de abordaje, entre otras, ¿cuál de las siguientes consideraciones se tendrá en cuenta?,PER_NORMAL,Reglamento (RIPA)
26e9d255-32a3-4cee-9136-53f8624f9a46,Navegando de Cádiz a Málaga en un yate de 22 metros de eslora, se observa que se va a transitar una zona que cuenta con un dispositivo de separación de tráfico. Conforme a la Regla 10 del RIPA, “Dispositivos de separación del tráfico”, ¿cuál sería la manera correcta de transitarlo?,PER_NORMAL,Reglamento (RIPA)
2a68f0b4-11f6-47f6-b91d-2e1ebd4cccac,Conforme a la regla 12 del RIPA, cuando avistamos un buque de vela a barlovento pero no podemos determinar la banda por la que este recibe el viento, mientras que nuestro buque recibe el viento por babor, deberemos:,PER_NORMAL,Reglamento (RIPA)
2cc0beb9-6035-48a0-8b4c-953182fb6a93,Según la Regla 15 del RIPA, cuando dos buques de propulsión mecánica se crucen con riesgo de abordaje:,PER_NORMAL,Reglamento (RIPA)
2d75ea34-9b6a-4777-a6ac-157acf376bc8,Según la regla 26 del RIPA, “Buques de pesca”, ¿qué luces exhibirá de noche un buque dedicado a la pesca, que NO sea de arrastre, que vaya con arrancada, cuando el aparejo largado se extienda más,PER_NORMAL,Reglamento (RIPA)
2e3c4256-a1fb-4d57-ba14-39521b0fea27,De acuerdo con la Regla 18 del RIPA, “Obligaciones entre categorías de buques”, indique cuál de las siguientes afirmaciones es INCORRECTA.,PER_NORMAL,Reglamento (RIPA)
2e806389-9504-44dd-9398-0905901b0385,Si de noche nos encontramos en nuestra embarcación arribando a puerto por un canal de entrada, y visualizamos por proa otra embarcación que muestra las luces de costado y en la parte alta del palo una luz blanca sobre otra luz roja, debemos entender que se trata de:,PER_NORMAL,Reglamento (RIPA)
30ee0982-3f5b-4b56-844c-a6afe715d570,De acuerdo con la Regla 17 del RIPA, Maniobra del buque que “sigue a rumbo”:,PER_NORMAL,Reglamento (RIPA)
32a5bb39-1193-441f-ac64-b99455377691,Según la Regla 10 del RIPA, los buques que utilicen un dispositivo de separación del tráfico deberán, siempre que puedan, evitar:,PER_NORMAL,Reglamento (RIPA)
397dd909-c4df-4e98-a977-fe9570ccafc4,De conformidad con la Regla 16 del RIPA, “Maniobra del buque que «cede el paso»”, si estamos obligados a mantenernos apartados de la derrota de otro buque, en la medida de lo posible, ¿cómo debemos actuar?,PER_NORMAL,Reglamento (RIPA)
41670fb2-9627-486e-a91b-4972295f97f9,De acuerdo con la Regla 25 del RIPA, Buques de vela en navegación y embarcaciones de remo, las embarcaciones de remos podrán exhibir como alternativa a las luces prescritas para los buques de vela:,PER_NORMAL,Reglamento (RIPA)
43f79f69-37fc-4fa0-a771-06c776dcb9e6,Según la Regla 18.b del RIPA, los buques de vela, en navegación, se mantendrán apartados de la derrota de:,PER_NORMAL,Reglamento (RIPA)
44df6e33-130e-4ee6-b5b3-1fdda6a03d5a,Estando usted navegando a vela por la Ría de Muros, se le aproxima otro buque de vela con riesgo de abordaje. Conforme a la Regla 12 del RIPA, “Buques de vela”, ¿cuál será la manera correcta en que tendrá usted que maniobrar si ambas embarcaciones reciben el viento por la misma banda y el otro buque está a barlovento?,PER_NORMAL,Reglamento (RIPA)
45a40ca7-eae8-44ec-8920-2ee39cd42271,Navegando con buena visibilidad por un canal angosto en una embarcación que solo puede navegar cruza y podría estorbar nuestro tránsito seguro por el canal, por lo que albergamos dudas de sus intenciones. De acuerdo con las reglas 9 y 34 del RIPA, “Canales angostos” y “Señales de maniobra y advertencia”, se:,PER_NORMAL,Reglamento (RIPA)
465afe84-6604-4379-bf88-fa2cb985ae36,Según lo indicado en la Regla 34 del RIPA “Señales y maniobra de emergencia”, si navegando de noche, en una embarcación a motor, a la vista de otro buque al que queremos indicarle nuestra intención de maniobrar cayendo a estribor, lo debemos hacer mediante:,PER_NORMAL,Reglamento (RIPA)
495f25ce-ebe0-45fb-bccd-c25cfc42568a,Conforme a la Regla 3 del RIPA, “Definiciones generales”, la expresión “buque con capacidad de maniobra restringida”:,PER_NORMAL,Reglamento (RIPA)
498a7dfb-014e-4a08-88a5-ee205dbc5c17,De acuerdo con la Regla 21 del RIPA, “Definiciones”, la “luz de tope” es una luz blanca colocada sobre el eje longitudinal del buque, que muestra su luz sin interrupción en todo un arco del horizonte de:,PER_NORMAL,Reglamento (RIPA)
4c52e244-28cd-4447-9422-4468a1d3d1ef,Conforme a la regla 12 del RIPA, cuando avistamos un buque de vela a barlovento pero no podemos determinar la banda por la que este recibe el viento, mientras que nuestro buque recibe el viento por babor, deberemos:,PER_NORMAL,Reglamento (RIPA)
4dad2915-a2fa-4f02-ad5c-2654bc53d9c8,Según la Regla 9 del RIPA, Canales angostos, ¿qué tipo de buque NO estorbará el tránsito de ningún otro buque que navegue dentro de un paso o canal angosto?,PER_NORMAL,Reglamento (RIPA)
4e50efba-5177-4551-b499-ed9e8f2a3a4d,Según la Regla 15 del RIPA, cuando dos buques de propulsión mecánica se crucen con riesgo de abordaje:,PER_NORMAL,Reglamento (RIPA)
5068efcf-bab5-4b3b-8b0e-c117fea7cd72,Si de noche fondeamos con nuestra embarcación de 6 metros de eslora en una zona alejada de cualquier canal angosto, paso, fondeadero o zona de navegación frecuente, de acuerdo con la Regla 30 del RIPA:,PER_NORMAL,Reglamento (RIPA)
51e532c3-e653-4a03-873b-1f757010c53c,En relación con la Regla 26 de la parte C del RIPA sobre “Luces y Marcas”, si durante la navegación diurna divisamos una embarcación que exhibe, en el lugar más visible, dos marcas: la primera marca consistente en dos conos unidos por sus vértices en línea vertical, uno sobre el otro; y la segunda, un cono con el vértice hacia arriba, ¿de qué tipo de embarcación se trata?,PER_NORMAL,Reglamento (RIPA)
524355d8-0b15-456c-abce-9b757e00893d,Según lo indicado en la Regla 37 del RIPA “Señales de peligro”, ¿cuál de las siguientes señales utilizará un buque que esté en peligro y requiera ayuda?,PER_NORMAL,Reglamento (RIPA)
539b35a2-5ac3-46fc-8c57-1e683cd51efb,De acuerdo a la Regla 13 del RIPA, todo buque que alcance a otro:,PER_NORMAL,Reglamento (RIPA)
579b149b-ded8-4c4d-89a6-761564819036,De acuerdo con la Regla 3.g del RIPA, indique cuál de los siguientes buques NO se calificaría como "buque con capacidad de maniobra restringida":,PER_NORMAL,Reglamento (RIPA)
585aac90-3db5-47ee-a7d4-b5cea9c30cee,De acuerdo con las Reglas 23 y 27 del RIPA, ¿qué conjunto de luces exhibirá de noche un buque de restringida, sabiendo que no se dedica a operaciones de limpieza de minas?,PER_NORMAL,Reglamento (RIPA)
59424695-f798-431c-bd50-482fab52c942,Según la Regla 3 del RIPA, un buque de vela que utiliza simultáneamente su maquinaria propulsora mientras se dedica a la pesca con curricán se considera:,PER_NORMAL,Reglamento (RIPA)
5bd24b63-6e5a-477e-a706-7ab24eaf5cd7,Conforme a la Regla 2 del RIPA, “Responsabilidad”:,PER_NORMAL,Reglamento (RIPA)
5c7659fb-3d8e-41eb-bd94-3d73f123d4b0,De acuerdo a la Regla 16 del RIPA, maniobra del buque que cede el paso, todo buque que esté obligado a mantenerse apartado de la derrota de otro buque maniobrará, en lo posible, con suficiente antelación y:,PER_NORMAL,Reglamento (RIPA)
5d1eb38f-e812-433a-ae49-92452ac6be5b,Según el Anexo IV del RIPA, “Señales de peligro”, ¿qué señal podríamos utilizar para facilitar la identificación desde el aire del peligro o la necesidad de ayuda?,PER_NORMAL,Reglamento (RIPA)
61109de6-8fdb-46ca-b642-c6815efd0788,Según la Regla 9 del RIPA, Canales angostos, ¿qué tipo de buque NO estorbará el tránsito de ningún otro buque que navegue dentro de un paso o canal angosto?,PER_NORMAL,Reglamento (RIPA)
642e7dee-eac3-46a8-a732-5cd87239b916,Conforme a la Regla 18 del RIPA, “Obligaciones entre categorías de buques”, indique cuál de las siguientes afirmaciones es INCORRECTA.,PER_NORMAL,Reglamento (RIPA)
64f649ab-ba44-4c91-9e97-d69cfac817c5,Según la Regla 14 del RIPA, “Situación de vuelta encontrada”, cuando dos buques de propulsión mecánica naveguen de vuelta encontrada a rumbos opuestos o casi opuestos, con riesgo de abordaje:,PER_NORMAL,Reglamento (RIPA)
675cbff2-a5cf-489f-80c8-2bf1830703b7,Conforme a lo indicado en la Regla 34 del RIPA “Señales de maniobra y advertencia”, si un buque complementa las señales acústicas mediante señales luminosas, repetidamente durante toda la duración de la maniobra, la luz utilizada para estas señales tendrá las siguientes características:,PER_NORMAL,Reglamento (RIPA)
67c46a47-2b1f-4517-b422-e4b5f479ad04,Según la Regla 2 del RIPA, Responsabilidad, en la interpretación y cumplimiento del presente Reglamento no se tomarán en consideración:,PER_NORMAL,Reglamento (RIPA)
6a3b6d98-f96c-439b-801e-c55192dd4816,Según la Regla 10 del RIPA, los buques que utilicen un dispositivo de separación del tráfico deberán, siempre que puedan, evitar:,PER_NORMAL,Reglamento (RIPA)
6d28f2d1-b2f4-458d-8bb3-a9047c594106,De acuerdo con las Reglas 23 y 27 del RIPA, ¿qué conjunto de luces exhibirá de noche un buque de restringida, sabiendo que no se dedica a operaciones de limpieza de minas?,PER_NORMAL,Reglamento (RIPA)
72498e81-3cae-40eb-be1c-28c199e67eda,De conformidad con la Regla 23 del RIPA, “Buques de propulsión mecánica en navegación”,
indicar todas las luces que son estrictamente obligatorias exhibir durante la navegación en una
embarcación de 15 metros de eslora de propulsión mecánica:,PER_NORMAL,Reglamento (RIPA)
746eae87-8541-4e4d-95c4-7e53022645f8,La Regla 30 del RIPA determina que un buque fondeado exhibirá en el lugar más visible:,PER_NORMAL,Reglamento (RIPA)
74d0eb0a-93b4-463f-9fe1-c0f39df7ad2c,Conforme a lo indicado en la Regla 34 del RIPA “Señales de maniobra y advertencia”, si un buque complementa las señales acústicas mediante señales luminosas, repetidamente durante toda la duración de la maniobra, la luz utilizada para estas señales tendrá las siguientes características:,PER_NORMAL,Reglamento (RIPA)
74ffae3d-42f4-4082-a8a7-1c019e3ce780,De acuerdo a la Regla 19 del RIPA, conducta de los buques en condiciones de visibilidad reducida:,PER_NORMAL,Reglamento (RIPA)
76c50aed-610b-4ef1-9d07-6fd3d8211a76,Según el Anexo IV del RIPA, “Señales de peligro”, ¿cómo podemos indicar la existencia de un peligro o la necesidad de ayuda?,PER_NORMAL,Reglamento (RIPA)
7af478dc-c4f3-46a7-ac53-34d814120857,Según la Regla 6.a.ii )del RIPA, ¿cuál de las siguientes afirmaciones es CORRECTA?,PER_NORMAL,Reglamento (RIPA)
7ca6dbed-7a8d-4d9d-9e44-a93ab972fdd9,De acuerdo con la Regla 7 del RIPA, “Riesgo de abordaje”, para determinar si existe riesgo de abordaje, entre otras, ¿cuál de las siguientes consideraciones se tendrá en cuenta?,PER_NORMAL,Reglamento (RIPA)
7ed25791-9a6d-4869-8d51-7987e0c729d8,Aproximándose, vemos un buque remolcando a otro. En esta situación, y atendiendo a la Regla 27 del RIPA, debemos considerar que:,PER_NORMAL,Reglamento (RIPA)
7f6ba9fb-1e6f-420f-b5a4-bc5ed4402a11,De conformidad con la Regla 25 del RIPA, “Buques en vela en navegación y embarcaciones de remo”, ¿en qué embarcaciones es posible sustituir las luces de costado y la luz de alcance por una linterna de luz blanca preparada para su uso inmediato?,PER_NORMAL,Reglamento (RIPA)
8019cd1d-db88-4b7b-a146-3d218452d04d,Navegando en una motora nos encontramos en una situación de cruce por nuestro costado de estribor con un velero que exhibe una marca cónica con el vértice hacia abajo. Conforme a la Regla 8 del RIPA, “Maniobras para evitar el abordaje”, deberemos:,PER_NORMAL,Reglamento (RIPA)
85242e8a-344a-45da-b15b-de3e443ac66e,Navegando a vela cerca de la Isla de Sálvora, nos vemos envueltos en una posible situación de riesgo de abordaje al aproximarse una motora con una demora fija hacia nuestra embarcación. Conforme a la Regla 8 del RIPA, “Maniobras para evitar el abordaje”, deberemos:,PER_NORMAL,Reglamento (RIPA)
85702ed2-db4c-48c0-8d64-13683b2645c3,Según el Anexo IV del RIPA, ¿cuál de las siguientes señales NO es una señal de peligro?,PER_NORMAL,Reglamento (RIPA)
8ac608dd-80cb-4388-aac7-6e8e8926f8e4,Según la Regla 15 del RIPA, cuando dos buques de propulsión mecánica se crucen con riesgo de abordaje:,PER_NORMAL,Reglamento (RIPA)
8b4a514c-67fd-4150-b923-b7f0cdc8ecbf,Conforme a la Regla 10 del RIPA, “Dispositivos de separación del tráfico”, un buque con capacidad de maniobra restringida realizando labores de recogida de cable submarino en un dispositivo de separación del tráfico:,PER_NORMAL,Reglamento (RIPA)
8d9fae7e-f90d-49b3-99c9-b3ff559fff79,De acuerdo con la Regla 31 del RIPA, Hidroaviones, si vemos un hidroavión exhibiendo luces posicionadas según lo previsto en el reglamento, pero cuyas características no son idénticas, sino que son muy similares a las prescritas en la Parte C de luces y marcas del RIPA, entenderemos que:,PER_NORMAL,Reglamento (RIPA)
8e7f9219-3705-4a0b-80e1-0b8238cbeaa8,Encontrándonos en navegación, observamos por nuestro costado de estribor, hacia proa del través, una embarcación que demora al 030º. Veinte minutos más tarde vemos que la demora apenas ha variado, estando al 030,5º. Según la Regla 7 del RIPA, ¿qué hemos de considerar?,PER_NORMAL,Reglamento (RIPA)
8e873d70-633c-4b36-9c6f-337a5fdfd889,El RIPA define en la Regla 3, “Definiciones generales”, la expresión “buque sin gobierno” como:,PER_NORMAL,Reglamento (RIPA)
8ebe6e5d-4dd0-41df-b93b-e935282c9581,Según la regla 26 del RIPA, “Buques de pesca”, ¿qué luces exhibirá de noche un buque dedicado a la pesca, que NO sea de arrastre, que vaya con arrancada, cuando el aparejo largado se extienda más,PER_NORMAL,Reglamento (RIPA)
8ed09c24-d3c4-4000-ab7f-867ed9ea2aba,En relación con la Regla 26 de la parte C del RIPA sobre “Luces y Marcas”, si durante la navegación diurna divisamos una embarcación que exhibe, en el lugar más visible, dos marcas: la primera marca consistente en dos conos unidos por sus vértices en línea vertical, uno sobre el otro; y la segunda, un cono con el vértice hacia arriba, ¿de qué tipo de embarcación se trata?,PER_NORMAL,Reglamento (RIPA)
8fa2323a-433b-40e2-b890-31ecb465a240,De acuerdo a la Regla 19 del RIPA, conducta de los buques en condiciones de visibilidad reducida:,PER_NORMAL,Reglamento (RIPA)
90bdfd55-0435-401e-a93f-2acb39a4fe9c,De acuerdo con la Regla 19 del RIPA “Conducta de los buques en condiciones de visibilidad reducida”, todo buque que detecte únicamente por medio del radar la presencia de otro buque, y determine que se está creando una situación de riesgo de abordaje, maniobrará con suficiente antelación, teniendo en cuenta que, si la maniobra consiste en un cambio de rumbo, en la medida de lo posible se evitará un cambio de rumbo:,PER_NORMAL,Reglamento (RIPA)
91edb2b5-f468-4b9b-ab73-2817658dfcba,De acuerdo con la Regla 23.c del RIPA, la luz roja centelleante todo horizonte de gran intensidad se exhibirá:,PER_NORMAL,Reglamento (RIPA)
93155620-df2a-4da7-bab7-c88de4bd0ce5,De acuerdo con la Regla 7 del RIPA, Riesgo de abordaje, ¿cuál de las siguientes afirmaciones es CORRECTA?,PER_NORMAL,Reglamento (RIPA)
9335d035-70c0-41fa-9459-adf9aab2a160,Según el Anexo IV del RIPA, “Señales de peligro”, ¿cómo podemos indicar la existencia de un peligro o la necesidad de ayuda?,PER_NORMAL,Reglamento (RIPA)
942caa42-d807-4878-8d8f-8830024129a9,Según la Regla 35.g del RIPA, un buque que emite tres pitadas consecutivas, a saber, una corta, una larga y una corta, indica que se trata de:,PER_NORMAL,Reglamento (RIPA)
9558a0a6-37ed-45b1-80a4-f135ac13115a,Si de noche nos encontramos en nuestra embarcación arribando a puerto por un canal de entrada, y visualizamos por proa otra embarcación que muestra las luces de costado y en la parte alta del palo una luz blanca sobre otra luz roja, debemos entender que se trata de:,PER_NORMAL,Reglamento (RIPA)
96247a4f-4fda-43ec-954c-6ea7d3166863,De acuerdo con la Regla 18 del RIPA, “Obligaciones entre categorías de buques”, indique cuál de las siguientes afirmaciones es INCORRECTA.,PER_NORMAL,Reglamento (RIPA)
96c7daab-59eb-4442-af01-3f5a8dbf4d33,Según la Regla 17 del RIPA, maniobra del buque que sigue a rumbo, cuando uno de los dos buques deba mantenerse apartado de la derrota del otro, éste ultimo:,PER_NORMAL,Reglamento (RIPA)
9773b5ce-86f8-4a52-8e34-cb102b91ba34,De acuerdo a la Regla 19 del RIPA, salvo en los casos en que se haya comprobado que no existe riesgo de abordaje, todo buque que oiga, al parecer a proa de su través, la señal de niebla de otro buque:,PER_NORMAL,Reglamento (RIPA)
9f8676cd-9a1d-4476-ae1f-c54a0f1109e5,De acuerdo con la Regla 9 del RIPA, “Canales angostos”, si nos aproximamos a un recodo, en donde la visión esté obstaculizada y no nos permita ver a otros buques, deberemos:,PER_NORMAL,Reglamento (RIPA)
a3bb9116-efaf-4bc9-b001-de7e5d85d3f4,Conforme a la Regla 7 del RIPA, “Riesgo de abordaje”, se considerará que existe riesgo de abordaje si, entre otras consideraciones:,PER_NORMAL,Reglamento (RIPA)
a3bd9d03-e42f-432f-9d25-1740d69231ca,Si de noche fondeamos con nuestra embarcación de 6 metros de eslora en una zona alejada de cualquier canal angosto, paso, fondeadero o zona de navegación frecuente, de acuerdo con la Regla 30 del RIPA:,PER_NORMAL,Reglamento (RIPA)
a4463168-ba49-499a-b83c-9722c24ed7ee,De acuerdo con la Regla 34.c del RIPA, cuando dos buques se encuentran a la vista uno del otro en un paso o canal angosto y uno de ellos emite dos pitadas largas seguidas de una corta, significa que el buque emisor de las señales:,PER_NORMAL,Reglamento (RIPA)
a48df2b4-8474-48b5-9840-115a851c7de7,Encontrándonos en navegación, observamos por nuestro costado de estribor, hacia proa del través, una embarcación que demora al 030º. Veinte minutos más tarde vemos que la demora apenas ha variado, estando al 030,5º. Según la Regla 7 del RIPA, ¿qué hemos de considerar?,PER_NORMAL,Reglamento (RIPA)
a4b72926-4612-4bb1-8492-c9355d87220f,De acuerdo con la Regla 7 del RIPA, Riesgo de abordaje, ¿cuál de las siguientes afirmaciones es CORRECTA?,PER_NORMAL,Reglamento (RIPA)
a6e78532-98d0-4225-9008-15812774bc20,De acuerdo a la Regla 18 del RIPA - Obligaciones entre categorías de buques, sin perjuicio de lo dispuesto en otras reglas, los buques de vela, en navegación, se mantendrán apartados de la derrota de:,PER_NORMAL,Reglamento (RIPA)
a7625bea-b2f9-4218-94ac-8f3acfb1f3af,De acuerdo con la Regla 34.c del RIPA, cuando dos buques se encuentran a la vista uno del otro en un paso o canal angosto y uno de ellos emite dos pitadas largas seguidas de una corta, significa que el buque emisor de las señales:,PER_NORMAL,Reglamento (RIPA)
abdab7f8-de94-4260-b520-461c55b6ccc2,Según la Regla 7 del RIPA, Riesgo de abordaje, ¿cuál de las siguientes afirmaciones es CORRECTA?,PER_NORMAL,Reglamento (RIPA)
ac686b67-39ae-42ce-92bc-a0dbc89ce020,Conforme a la Regla 10 del RIPA, “Dispositivos de separación del tráfico”, un buque con capacidad de maniobra restringida realizando labores de recogida de cable submarino en un dispositivo de separación del tráfico:,PER_NORMAL,Reglamento (RIPA)
aed2ea34-165f-4c7d-9e2c-b665c6ffe1b7,De acuerdo con la Regla 20 del RIPA, “Ámbito de aplicación” de la Parte C. Luces y Marcas, señale la afirmación CORRECTA.,PER_NORMAL,Reglamento (RIPA)
b1eaa87a-c7fa-4adc-914b-9ea88ab6138b,De conformidad con la Regla 23 del RIPA, “Buques de propulsión mecánica en navegación”, indicar todas las luces que son estrictamente obligatorias exhibir durante la navegación en una,PER_NORMAL,Reglamento (RIPA)
b6933234-95d2-4b4f-bfe9-dd2e9ba2f210,Según la Regla 3 del RIPA, un buque de vela que utiliza simultáneamente su maquinaria propulsora mientras se dedica a la pesca con curricán se considera:,PER_NORMAL,Reglamento (RIPA)
b7eee57e-2c03-47b5-b36e-1fde0f13fd67,Conforme a la Regla 3 del RIPA, “Definiciones generales”, la palabra “buque” designa:,PER_NORMAL,Reglamento (RIPA)
b83e793c-bf4d-45f3-b684-bb09797993c7,De acuerdo a la Regla 13 del RIPA, todo buque que alcance a otro:,PER_NORMAL,Reglamento (RIPA)
b8c90a95-dc54-4873-914b-5999723ebacf,Conforme a la Regla 3 del RIPA, “Definiciones generales”, la palabra “buque” designa:,PER_NORMAL,Reglamento (RIPA)
b8fa780e-eee0-4c98-aa08-16c91a93dc7a,Según la Regla 7 del RIPA, Riesgo de abordaje, ¿cuál de las siguientes afirmaciones es CORRECTA?,PER_NORMAL,Reglamento (RIPA)
bc354ffb-4ddd-4efc-9307-ccbaa5e9ae66,De acuerdo con la Regla 24 del RIPA, “Buques remolcando y empujando”, si navegando en una zona de denso tráfico divisamos un buque que exhibe aisladamente en el lugar más visible una marca bicónica, podría tratarse de un buque:,PER_NORMAL,Reglamento (RIPA)
c0f88917-3a7e-4bfa-b4b1-93218e43ba07,Según la regla 1 del RIPA, éste será de aplicación a:,PER_NORMAL,Reglamento (RIPA)
c3052392-f6dd-405a-9555-53cd79407d77,De acuerdo con la Regla 25 del RIPA, Buques de vela en navegación y embarcaciones de remo, las embarcaciones de remos podrán exhibir como alternativa a las luces prescritas para los buques de vela:,PER_NORMAL,Reglamento (RIPA)
c69512a1-1201-4c46-998f-f5537d1341b7,De conformidad con la Regla 16 del RIPA, “Maniobra del buque que «cede el paso»”, si estamos obligados a mantenernos apartados de la derrota de otro buque, en la medida de lo posible, ¿cómo debemos actuar?,PER_NORMAL,Reglamento (RIPA)
cab76c64-3346-4f5a-80b7-7b3009f4c35d,De acuerdo con la Regla 21 del RIPA, “Definiciones”, la “luz de tope” es una luz blanca colocada sobre el eje longitudinal del buque, que muestra su luz sin interrupción en todo un arco del horizonte de:,PER_NORMAL,Reglamento (RIPA)
d1450210-7a96-4ab9-8fc1-43db92907d86,Según la Regla 35.g del RIPA, un buque que emite tres pitadas consecutivas, a saber, una corta, una larga y una corta, indica que se trata de:,PER_NORMAL,Reglamento (RIPA)
d1782864-9a02-4893-bbf7-0086cdb5e6b7,De acuerdo con la Regla 9 del RIPA, “Canales angostos”, si nos aproximamos a un recodo, en donde la visión esté obstaculizada y no nos permita ver a otros buques, deberemos:,PER_NORMAL,Reglamento (RIPA)
d1786cbe-ae87-4ae3-9582-4fc8312c205c,Según la Regla 17 del RIPA, maniobra del buque que sigue a rumbo, cuando uno de los dos buques deba mantenerse apartado de la derrota del otro, éste ultimo:,PER_NORMAL,Reglamento (RIPA)
d289f6da-4418-4515-a89d-e571ac36264a,La Regla 30 del RIPA determina que un buque fondeado exhibirá en el lugar más visible:,PER_NORMAL,Reglamento (RIPA)
d2b530d5-7d44-4d57-b7a5-9d3f686a9c9c,Según el Anexo IV del RIPA, “Señales de peligro”, ¿qué señal podríamos utilizar para facilitar la identificación desde el aire del peligro o la necesidad de ayuda?,PER_NORMAL,Reglamento (RIPA)
d45bdae7-b578-4e5a-acdc-8445b7ff5136,Estando usted navegando a vela por la Ría de Muros, se le aproxima otro buque de vela con riesgo de abordaje. Conforme a la Regla 12 del RIPA, “Buques de vela”, ¿cuál será la manera correcta en que tendrá usted que maniobrar si ambas embarcaciones reciben el viento por la misma banda y el otro buque está a barlovento?,PER_NORMAL,Reglamento (RIPA)
d6c9d782-d94c-419b-80e8-cc0e633291aa,Navegando de Cádiz a Málaga en un yate de 22 metros de eslora, se observa que se va a transitar una zona que cuenta con un dispositivo de separación de tráfico. Conforme a la Regla 10 del RIPA, “Dispositivos de separación del tráfico”, ¿cuál sería la manera correcta de transitarlo?,PER_NORMAL,Reglamento (RIPA)
d759844f-4560-48fa-b779-f289de30a928,Según la Regla 7 del RIPA, riesgo de abordaje, ¿cuál de las siguientes afirmaciones es CORRECTA?,PER_NORMAL,Reglamento (RIPA)
d857c64e-071f-4518-8f52-9013c3211efc,Navegando a vela cerca de la Isla de Sálvora, nos vemos envueltos en una posible situación de riesgo de abordaje al aproximarse una motora con una demora fija hacia nuestra embarcación. Conforme a la Regla 8 del RIPA, “Maniobras para evitar el abordaje”, deberemos:,PER_NORMAL,Reglamento (RIPA)
da344969-42c9-4b7b-9a5c-c3d13622676e,Según la Regla 7 del RIPA, riesgo de abordaje, ¿cuál de las siguientes afirmaciones es CORRECTA?,PER_NORMAL,Reglamento (RIPA)
dacc5c8a-743f-494a-ae88-65ec1e71a9e6,Según la Regla 17 del RIPA, Maniobra del buque que “sigue a rumbo”:,PER_NORMAL,Reglamento (RIPA)
dd1ddd6d-46ed-433c-b2b9-58d9e605f657,Según la Regla 2 del RIPA, Responsabilidad, en la interpretación y cumplimiento del presente Reglamento no se tomarán en consideración:,PER_NORMAL,Reglamento (RIPA)
de722f1c-068e-401e-b1eb-eebdadc38bd0,Según lo indicado en la Regla 34 del RIPA “Señales y maniobra de emergencia”, si navegando de noche, en una embarcación a motor, a la vista de otro buque al que queremos indicarle nuestra intención de maniobrar cayendo a estribor, lo debemos hacer mediante:,PER_NORMAL,Reglamento (RIPA)
e17150c5-ab51-4065-af7f-a9db331a5910,De acuerdo con la regla 25 del RIPA, “Buques de vela en navegación y embarcaciones de remo”, un buque de vela exhibirá a proa, en el lugar más visible, una marca cónica con el vértice hacia abajo cuando:,PER_NORMAL,Reglamento (RIPA)
e1e2de6e-7f99-4167-9b5d-1d2302ecd98f,De acuerdo con la Regla 3.g del RIPA, indique cuál de los siguientes buques NO se calificaría como "buque con capacidad de maniobra restringida":,PER_NORMAL,Reglamento (RIPA)
e5ec9112-cf3d-4599-8a75-1ff172a7796e,Según la Regla 15 del RIPA, cuando dos buques de propulsión mecánica se crucen con riesgo de abordaje:,PER_NORMAL,Reglamento (RIPA)
e7781e26-ff2c-4ae3-8f19-f378c9c19d5c,De acuerdo con la Regla 24 del RIPA, “Buques remolcando y empujando”, si navegando en una zona de denso tráfico divisamos un buque que exhibe aisladamente en el lugar más visible una marca bicónica, podría tratarse de un buque:,PER_NORMAL,Reglamento (RIPA)
e89abc48-c70f-4fa8-93ff-da6badf79fee,De acuerdo con la Regla 15 del RIPA, “Situación de cruce”, y la Regla 16, “Maniobra del buque que cede el paso”, cuando dos buques se crucen con riesgo de abordaje, de forma general:,PER_NORMAL,Reglamento (RIPA)
ea06f021-e474-4166-bd06-5c966099ee10,Según el Anexo IV del RIPA, en caso de peligro y de que necesitemos ayuda:,PER_NORMAL,Reglamento (RIPA)
eaf5d8fe-71f1-4c74-bf83-64bc64982576,De acuerdo con la Regla 23.c del RIPA, la luz roja centelleante todo horizonte de gran intensidad se exhibirá:,PER_NORMAL,Reglamento (RIPA)
eb2e3fcb-77e5-4891-8379-4c143d7afa4d,Según la regla 1 del RIPA, éste será de aplicación a:,PER_NORMAL,Reglamento (RIPA)
ebe4ea0f-e614-4f14-94b4-a2dd6511f4e2,Conforme a la Regla 18 del RIPA, “Obligaciones entre categorías de buques”, indique cuál de las siguientes afirmaciones es INCORRECTA.,PER_NORMAL,Reglamento (RIPA)
eeecb422-09b8-41de-9692-eb4f08176043,De acuerdo con la Regla 15 del RIPA, “Situación de cruce”, y la Regla 16, “Maniobra del buque que cede el paso”, cuando dos buques se crucen con riesgo de abordaje, de forma general:,PER_NORMAL,Reglamento (RIPA)
f03c6d10-927d-4e0a-bf5b-f99fcaef0a45,Según la regla 2 del RIPA:,PER_NORMAL,Reglamento (RIPA)
f0f439bf-0d96-487e-b7d7-d6522763f195,Conforme a la Regla 3 del RIPA, “Definiciones generales”, la expresión “buque con capacidad de maniobra restringida”:,PER_NORMAL,Reglamento (RIPA)
f10ff5f2-922f-429f-a004-6fa8eee2c8cf,De acuerdo a la Regla 16 del RIPA, maniobra del buque que cede el paso, todo buque que esté obligado a mantenerse apartado de la derrota de otro buque maniobrará, en lo posible, con suficiente antelación y:,PER_NORMAL,Reglamento (RIPA)
f2bf3620-337c-499c-a64a-496b66c44d89,Según la Regla 17 del RIPA, Maniobra del buque que “sigue a rumbo”:,PER_NORMAL,Reglamento (RIPA)
f6628531-5997-4bad-9570-78cc75535029,Según la Regla 18.b del RIPA, los buques de vela, en navegación, se mantendrán apartados de la derrota de:,PER_NORMAL,Reglamento (RIPA)
f67dce85-943e-48f8-a35d-f02c1f7b0b54,Navegando con buena visibilidad por un canal angosto en una embarcación que solo puede navegar cruza y podría estorbar nuestro tránsito seguro por el canal, por lo que albergamos dudas de sus intenciones. De acuerdo con las reglas 9 y 34 del RIPA, “Canales angostos” y “Señales de maniobra y advertencia”, se:,PER_NORMAL,Reglamento (RIPA)
f9986438-d7fc-49e8-ad06-52dccec6fa51,De conformidad con la Regla 25 del RIPA, “Buques en vela en navegación y embarcaciones de remo”, ¿en qué embarcaciones es posible sustituir las luces de costado y la luz de alcance por una linterna de luz blanca preparada para su uso inmediato?,PER_NORMAL,Reglamento (RIPA)
027d9e02-1acd-4340-b84e-31f406574c1a,¿En qué consiste “correr el temporal” y cuál es la forma adecuada de hacerlo?,PER_NORMAL,Seguridad
0416aa7a-8c79-4823-9465-062f70e4112e,¿Cuál de las siguientes NO es una precaución a tomar navegando en aguas someras?,PER_NORMAL,Seguridad
071d3ac4-2c37-41a4-8a1b-c24a536c5ac0,En relación con la estabilidad, señale la afirmación CORRECTA.,PER_NORMAL,Seguridad
07f791b1-7a76-4f1a-a087-3fa593933f6a,El reflector radar es:,PER_NORMAL,Seguridad
092df105-b4cb-430a-b38d-f8c18773ad7f,Si detecta que ha perdido un aro salvavidas antes de zarpar, ¿cómo se recomienda actuar?,PER_NORMAL,Seguridad
0bb339b5-911f-43a0-93b1-df8667d81694,En relación con los aros salvavidas, ¿cuál de las siguientes afirmaciones es INCORRECTA?,PER_NORMAL,Seguridad
0c65e5b7-1392-46e9-b828-4ac7665e2bb0,En relación con la derrota a seguir con mal tiempo, señale la afirmación INCORRECTA.,PER_NORMAL,Seguridad
0ede8124-2457-4a4b-a817-320b62e14cf0,Para evitar la caída accidental de un tripulante al agua durante la navegación, ¿cuál de las siguientes afirmaciones NO es una recomendación a seguir?,PER_NORMAL,Seguridad
18334ab6-111b-424c-9247-bbb14f29bdad,Si detecta que ha perdido un aro salvavidas antes de zarpar, ¿cómo se recomienda actuar?,PER_NORMAL,Seguridad
1af497c8-f141-4901-b2f8-66eb4659c0d8,En relación con los pararrayos como elemento de protección de las tormentas eléctricas, señale la afirmación INCORRECTA.,PER_NORMAL,Seguridad
1d036d2f-e981-4836-8afd-e72516addb24,En relación con la hipotermia, ¿cuál de las siguientes medidas a tomar es INCORRECTA?,PER_NORMAL,Seguridad
2d130dbd-f1df-4750-af68-8f435fa17670,Para evitar la caída accidental de un tripulante al agua durante la navegación, ¿cuál de las siguientes afirmaciones NO es una recomendación a seguir?,PER_NORMAL,Seguridad
32cbfa8e-d165-484d-8d4b-439268082a1b,¿Qué es un reflector RADAR?,PER_NORMAL,Seguridad
33e9b4d8-5311-4248-baa0-7e3377536de0,En el caso de que no funcionen los sistemas de radio, ¿a qué número debemos llamar si surge una emergencia marítima?,PER_NORMAL,Seguridad
35886648-3a1e-46ca-bd6f-67ebcb3ec459,El reflector radar es:,PER_NORMAL,Seguridad
374ef479-399c-404a-b6a2-a874ca619f21,¿Cuál de las siguientes NO es una precaución a tomar navegando en aguas someras?,PER_NORMAL,Seguridad
42735b63-b570-423a-91a8-4178db5fc928,¿Cuántas bengalas de mano debe llevar como mínimo una embarcación de recreo que navegue entre 2 y 5 millas de una zona de abrigo o playa accesible?,PER_NORMAL,Seguridad
4470c9b6-3a0c-4b44-ac14-d3f2377d89ff,¿Cuál de las siguientes es una maniobra recomendada de búsqueda cuando no se ve al náufrago?,PER_NORMAL,Seguridad
4c61d98b-71f0-4e52-bd65-b763aac549a1,Capear un temporal es:,PER_NORMAL,Seguridad
517d3166-adfc-4108-895d-379c00b04f7a,En relación con la hipotermia, ¿cuál de las siguientes medidas a tomar es INCORRECTA?,PER_NORMAL,Seguridad
61acca79-977d-4ef6-83aa-8bd44d2357f1,¿Cuál de las siguientes es la secuencia adecuada para el uso de una balsa salvavidas de accionamiento manual?,PER_NORMAL,Seguridad
623d6b54-cc5b-4e6e-827d-337ab6aa368a,En relación con los aros salvavidas, ¿cuál de las siguientes recomendaciones debemos tener en cuenta para que sean útiles?,PER_NORMAL,Seguridad
624b2f6f-f1dc-46e4-b972-692289ef51e2,Capear un temporal es:,PER_NORMAL,Seguridad
6620492d-ca17-4326-9343-c3ded19cb483,¿Cuál de las siguientes sería una precaución a tomar navegando en aguas someras?,PER_NORMAL,Seguridad
6760192c-3590-41c2-a06c-2a0c777393fb,En relación con los aros salvavidas, ¿cuál de las siguientes recomendaciones debemos tener en cuenta para que sean útiles?,PER_NORMAL,Seguridad
690f8d18-5535-42fe-96b8-79a63ce65e98,¿Cuál de las siguientes es una maniobra recomendada de búsqueda cuando no se ve al náufrago?,PER_NORMAL,Seguridad
82e95ffa-ac87-48fd-9b13-ad9a3f5eb89f,¿Qué es un reflector RADAR?,PER_NORMAL,Seguridad
8f063a91-9f3e-4bd2-8f0a-7f2cb50242da,Para contactar con Salvamento Marítimo, ¿de que forma realizaremos la llamada?,PER_NORMAL,Seguridad
92fb82a3-200f-4121-a5b8-d4a1d3e70068,¿Cuál de las siguientes afirmaciones es INCORRECTA?,PER_NORMAL,Seguridad
9453676e-452d-49a4-920b-4ac015075a79,¿Cuál de las siguientes es la secuencia adecuada para el uso de una balsa salvavidas de accionamiento manual?,PER_NORMAL,Seguridad
9622728a-3323-4673-bbac-8110583e611f,En relación con los pararrayos como elemento de protección de las tormentas eléctricas, señale la afirmación INCORRECTA.,PER_NORMAL,Seguridad
a5592ee2-0371-4f7f-a799-5a16bf0ec4b4,Para contactar con Salvamento Marítimo, ¿de que forma realizaremos la llamada?,PER_NORMAL,Seguridad
ac685023-7dac-477c-a869-f4628e1081ac,En relación con el arnés de seguridad, señale la opción INCORRECTA.,PER_NORMAL,Seguridad
b0f7133a-3686-4254-a964-55279da33194,¿Cuál de las siguientes sería una precaución a tomar navegando en aguas someras?,PER_NORMAL,Seguridad
b486a559-1107-49bc-ace8-60b6f895cfa9,La estabilidad estática de una embarcación depende de la posición simultánea de:,PER_NORMAL,Seguridad
b58e99fb-c993-4bfa-ac53-ca7de853b045,En relación con la derrota a seguir con mal tiempo, señale la afirmación INCORRECTA.,PER_NORMAL,Seguridad
b93abd0d-1bdf-462e-862f-d3ee43c12d9a,¿En qué consiste “correr el temporal” y cuál es la forma adecuada de hacerlo?,PER_NORMAL,Seguridad
bd805639-0b98-441b-ba9d-855b93dc1aa5,¿Cuál de las siguientes afirmaciones es INCORRECTA?,PER_NORMAL,Seguridad
c32622df-732e-4061-880e-72589ff15a43,En relación con la estabilidad, señale la afirmación CORRECTA.,PER_NORMAL,Seguridad
c47b9357-5663-4073-b724-ea8655178912,Antes de salir a la mar hay que asegurarse que:,PER_NORMAL,Seguridad
d0e2a5dc-0bbe-4006-ba23-ad9005e622c5,Con relación a los chalecos salvavidas, señale la afirmación INCORRECTA.,PER_NORMAL,Seguridad
d1b946ff-bc63-414d-bf4a-2927404589fd,En el caso de que no funcionen los sistemas de radio, ¿a qué número debemos llamar si surge una emergencia marítima?,PER_NORMAL,Seguridad
d58b35c4-937c-49da-b3b6-e1cc02db7f94,En relación con los aros salvavidas, ¿cuál de las siguientes afirmaciones es INCORRECTA?,PER_NORMAL,Seguridad
f9186ce2-7f57-48b6-b51b-eaa2419e0a39,La estabilidad estática de una embarcación depende de la posición simultánea de:,PER_NORMAL,Seguridad
f9875bff-f705-41b0-af62-c474f45f8866,Con relación a los chalecos salvavidas, señale la afirmación INCORRECTA.,PER_NORMAL,Seguridad
ff9be9a2-3c35-407f-aff8-1435fe61c7c8,En relación con el arnés de seguridad, señale la opción INCORRECTA.,PER_NORMAL,Seguridad
11385290-e3be-4be9-ad3f-0970b58a77be,¿Cuál de las siguientes afirmaciones sobre el abatimiento es INCORRECTA?,PER_LIBERADO,Teoría de la navegación
15196f40-16ba-414e-bf50-a893ab1d9517,¿Cuál de las siguientes afirmaciones sobre el abatimiento es INCORRECTA?,PER_LIBERADO,Teoría de la navegación
157403cc-1ba7-4274-be02-68de2fc5366d,En la tablilla de desvíos:,PER_LIBERADO,Teoría de la navegación
1c88c764-dcd5-424c-a7a6-f93425d2258a,El rumbo verdadero es,PER_NORMAL,Teoría de la navegación
2262d15a-972a-4f12-98d3-af7288787e3e,Se conoce como Meridiano Cero al:,PER_NORMAL,Teoría de la navegación
3c1ff4f4-2ce2-439d-adb5-f7902195d6f1,En cada lugar de la Tierra el meridiano magnético está separado un cierto ángulo del meridiano verdadero o geográfico. Dicho ángulo se denomina:,PER_LIBERADO,Teoría de la navegación
3c7f04b2-72d7-461b-84c5-09e2738d401a,En cada lugar de la Tierra el meridiano magnético está separado un cierto ángulo del meridiano verdadero o geográfico. Dicho ángulo se denomina:,PER_NORMAL,Teoría de la navegación
4517d1b7-f6ec-433e-98d5-977cae109513,En relación al desvío de la aguja elija cuál de las siguientes afirmaciones es CORRECTA:,PER_LIBERADO,Teoría de la navegación
4dc738ab-9398-46f6-9e10-998d3b278b8b,La marcación se cuenta:,PER_LIBERADO,Teoría de la navegación
50e54726-9c25-45e4-ada3-9f4eb675ff27,En la tablilla de desvíos:,PER_LIBERADO,Teoría de la navegación
52229c62-e487-43aa-910d-c53b8b78c015,Para conocer la latitud de cualquier punto sobre la esfera terrestre mediremos:,PER_NORMAL,Teoría de la navegación
53523ce3-4fa8-4394-9a6d-dbfd59a289e1,Para conocer la latitud de cualquier punto sobre la esfera terrestre mediremos:,PER_NORMAL,Teoría de la navegación
54ea1132-3de1-4729-aee1-9de6c2a4cb3f,En cada lugar de la Tierra el meridiano magnético está separado un cierto ángulo del meridiano verdadero o geográfico. Dicho ángulo se denomina:,PER_NORMAL,Teoría de la navegación
5bb6b1b0-cbbb-423e-b77d-6dbd6d0d9ae3,En relación al desvío de la aguja elija cuál de las siguientes afirmaciones es CORRECTA:,PER_LIBERADO,Teoría de la navegación
6293d0d5-0d81-4239-bd90-68cf7d0d0b0a,Para conocer la latitud de cualquier punto sobre la esfera terrestre mediremos:,PER_NORMAL,Teoría de la navegación
87df4895-04fe-42a1-88a8-89a5da4e0066,¿Cuál de las siguientes afirmaciones sobre el abatimiento es INCORRECTA?,PER_NORMAL,Teoría de la navegación
893e2d9b-3107-4160-82b2-086f232d22a1,La marcación se cuenta:,PER_LIBERADO,Teoría de la navegación
c0442b78-4580-4751-8f0e-0a8619557171,En relación al desvío de la aguja elija cuál de las siguientes afirmaciones es CORRECTA:,PER_NORMAL,Teoría de la navegación
d3da1b46-5c6c-46a5-9ac7-2a957493d7a7,¿Cuál de las siguientes afirmaciones sobre el abatimiento es INCORRECTA?,PER_NORMAL,Teoría de la navegación
d9e1b3c5-97e3-40d2-b352-6bf09a45828c,La enfilación:,PER_NORMAL,Teoría de la navegación
dd775210-ab38-4422-8396-786cb4e03e47,La enfilación:,PER_NORMAL,Teoría de la navegación
df508e64-99e3-486a-8d3e-5b8ad38f1844,Para conocer la latitud de cualquier punto sobre la esfera terrestre mediremos:,PER_NORMAL,Teoría de la navegación
e596c3bb-8dcb-4028-a264-962912bfe34d,La marcación se cuenta:,PER_NORMAL,Teoría de la navegación
e9867f2a-3cd3-4030-b790-1f6185bf020f,En relación al desvío de la aguja elija cuál de las siguientes afirmaciones es CORRECTA:,PER_NORMAL,Teoría de la navegación
efc86212-2a1d-4cd6-97d0-755b7e507462,Se conoce como Meridiano Cero al:,PER_NORMAL,Teoría de la navegación
f173ed50-fc1d-4bdf-bdac-acf07a21d42b,El rumbo verdadero es,PER_NORMAL,Teoría de la navegación
f86ca0a3-6f6d-4606-bd03-81b43e506e8e,En cada lugar de la Tierra el meridiano magnético está separado un cierto ángulo del meridiano verdadero o geográfico. Dicho ángulo se denomina:,PER_LIBERADO,Teoría de la navegación
fb2c9c91-fe44-4260-a2f8-4ad3fc5b8d78,La marcación se cuenta:,PER_NORMAL,Teoría de la navegación
