pregunta_id,numero_pregunta,ut_nombre,veces_salido,veces_fallada,veces_acertada,porcentaje_acierto,dificultad,texto_pregunta_preview
bbc1786d-849c-44e4-9e75-2821dcb40e8f,1,Nomenclatura náutica,5,5,0,0.00,100.00,Las partes curvadas delanteras de los costados que convergen hacia proa se denominan:
467ef435-0154-4f7d-bff2-e446ae084ae0,3,Nomenclatura náutica,4,3,1,25.00,0.00,"En relación con el ancla, indique cuál de las siguientes afirmaciones es CORRECTA:"
e2c567a1-0c62-4d62-a6af-edca7db7a73e,43,Carta de navegación,2,2,0,0.00,0.00,"Hallar la sonda en el momento de la primera bajamar el día 02 de agosto de 2024 en Algeciras, con un"
a6c00982-e92e-4933-b969-6be0321f38e6,18,Reglamento (RIPA),2,2,0,0.00,0.00,"Según la Regla 34 del RIPA, “Señales de maniobra y advertencia”, cuando un buque lleve la luz utiliz"
59424695-f798-431c-bd50-482fab52c942,23,Reglamento (RIPA),4,2,2,50.00,0.00,"Según la Regla 3 del RIPA, un buque de vela que utiliza simultáneamente su maquinaria propulsora mie"
154c97a8-7ba9-4ca3-ac91-8e2d9716a372,27,Reglamento (RIPA),2,2,0,0.00,0.00,"De acuerdo con las reglas 23. d) ii) y 30.b) del RIPA, si visualizamos únicamente una luz blanca tod"
29b6eb8b-09b1-43d9-8c39-c68f9b1fb4b1,7,Seguridad,4,2,2,50.00,0.00,Deberán llevar al menos un aro salvavidas:
43a0079f-dc1a-44b3-8300-fdce458574fd,7,Seguridad,3,2,1,33.33,0.00,"En relación con las bengalas de mano, ¿cuál de las siguientes NO es una recomendación de uso y estib"
6c630fbe-7729-4c13-8dc7-74a878b15c11,38,Teoría de la navegación,3,2,1,33.33,0.00,El ángulo que forma el Norte de aguja con el Norte magnético se define como:
2ba0819b-0bfc-4ba9-b691-7b8fbfe99455,14,Balizamiento,2,1,1,50.00,0.00,"Arribando de noche al puerto de Panxón, vislumbramos una luz blanca centelleante de grupos de seis c"
6e8a6d1f-87f1-4988-a7dc-63c737095d2a,14,Balizamiento,2,1,1,50.00,0.00,¿Qué afirmación sobre las Marcas de Peligro Aislado ES CORRECTA?
cd16d0e2-6477-4fee-9f86-ed0d44638d1a,15,Balizamiento,1,1,0,0.00,0.00,La luz de una Marca de Aguas Navegables:
f01d4dea-9942-4a83-88b3-99ac2fb78d35,17,Balizamiento,2,1,1,50.00,0.00,"El protocolo para la numeración de las Marcas Laterales, especialmente en vías navegables confinadas"
c47f9e67-403e-424e-beeb-9d4a8bb6b2e2,44,Carta de navegación,1,1,0,0.00,0.00,Nos encontramos navegando al rumbo de aguja 265°. A HRB = 05:18 del día 1 de abril de 2022 tomamos u
b63494f0-64db-4e97-a6c2-f41db80531ad,44,Carta de navegación,1,1,0,0.00,0.00,Partiendo de la situación conocida latitud: 39º 20' N y Longitud: 016º 45'W se navega a rumbo de -3º
3d62c217-91e3-4f79-8bd1-46da1aa72c09,6,Elementos de amarre y fondeo,2,1,1,50.00,0.00,"En relación con los elementos de amarre, ¿cuál de las siguientes afirmaciones es CORRECTA?"
30a29ca9-209b-4f90-94ea-3cc0d8b22eed,6,Elementos de amarre y fondeo,1,1,0,0.00,0.00,"En relación con el fondeo, ¿cuál de las siguientes afirmaciones es INCORRECTA?"
7a865298-a640-477b-b5a7-ff3fef09dcaf,31,Emergencias en la mar,1,1,0,0.00,0.00,"En relación con la prevención de los abordajes, ¿cuál de las siguientes recomendaciones NO es adecua"
eaf61ae6-f1d5-4d2f-b99f-03df2df82925,11,Legislación,2,1,1,50.00,0.00,"De acuerdo con el Texto Refundido de la Ley de Puertos del Estado y de la Marina Mercante, de las in"
3b6951e0-63d5-49c0-b5ea-8ff33d0be354,11,Legislación,1,1,0,0.00,0.00,Según la Regla 3 del Capítulo V del Convenio Internacional para prevenir la contaminación por los bu
f2d49d3a-6011-4d73-8a64-eda7606e9295,12,Legislación,1,1,0,0.00,0.00,El seguro de responsabilidad civil de suscripción obligatoria tiene por objeto la cobertura de la re
02c3db49-906c-4be2-a685-63634dabb516,28,Maniobra y navegación,1,1,0,0.00,0.00,"Amarrados por el costado de estribor, con viento por la banda de babor, para salir de forma segura n"
0b2aa1e1-6739-47f1-92c1-054de3e03455,29,Maniobra y navegación,1,1,0,0.00,0.00,La corriente de aspiración provoca el siguiente efecto:
99545ed9-dc68-4dc5-827c-bbf3cae3e1b1,33,Meteorología,1,1,0,0.00,0.00,Se entiende por virazón:
8f103531-ee1f-4397-86ea-3c2054c6bcb3,33,Meteorología,2,1,1,50.00,0.00,"En relación con el fetch, indique cuál de las siguientes afirmaciones es INCORRECTA."
a6f40335-2a24-4ce7-a07a-6f19d5f8cbef,34,Meteorología,1,1,0,0.00,0.00,Señale cuál de las siguientes afirmaciones relativas a la presión atmosférica es CORRECTA.
113c24a0-ab7e-466a-a913-d50003cdca07,2,Nomenclatura náutica,1,1,0,0.00,0.00,La eficacia del timón dependerá de:
b413e99f-17c3-4308-a8a0-f7b258c2bbb1,2,Nomenclatura náutica,1,1,0,0.00,0.00,La parte curvada trasera del costado que converge hacia popa se denomina:
95c29632-1c85-4457-9bcd-222499d5b4c7,3,Nomenclatura náutica,1,1,0,0.00,0.00,El francobordo es:
a492f895-ee18-4bef-baf0-f27b978882bb,3,Nomenclatura náutica,1,1,0,0.00,0.00,Se define como “escorar” al movimiento de la embarcación que consiste en:
698680ae-2e74-460f-829b-f5383872d3ac,4,Nomenclatura náutica,1,1,0,0.00,0.00,A la pieza vertical del timón sobre la cual gira la pala se denomina:
72c1638b-94ed-4e21-80a3-c597738b1e1e,4,Nomenclatura náutica,1,1,0,0.00,0.00,La eficacia del timón dependerá de:
c9d81194-2bbf-4777-ad77-359a118b2fc2,4,Nomenclatura náutica,2,1,1,50.00,0.00,La “línea de crujía” de una embarcación es:
746eae87-8541-4e4d-95c4-7e53022645f8,20,Reglamento (RIPA),2,1,1,50.00,0.00,La Regla 30 del RIPA determina que un buque fondeado exhibirá en el lugar más visible:
0f6cd227-a6ab-483f-a2c9-54b0f7ee3b0d,22,Reglamento (RIPA),1,1,0,0.00,0.00,"Según la Regla 7 del RIPA, Riesgo de abordaje, ¿cuál de las siguientes afirmaciones es INCORRECTA?"
61109de6-8fdb-46ca-b642-c6815efd0788,23,Reglamento (RIPA),1,1,0,0.00,0.00,"Según la Regla 9 del RIPA, Canales angostos, ¿qué tipo de buque NO estorbará el tránsito de ningún o"
c2633abd-4463-4903-b2b0-f1d7db60393f,24,Reglamento (RIPA),2,1,1,50.00,0.00,"De acuerdo con la Regla 17 del RIPA, Maniobra del buque que “sigue a rumbo”:"
d759844f-4560-48fa-b779-f289de30a928,25,Reglamento (RIPA),2,1,1,50.00,0.00,"Según la Regla 7 del RIPA, riesgo de abordaje, ¿cuál de las siguientes afirmaciones es CORRECTA?"
30ee0982-3f5b-4b56-844c-a6afe715d570,27,Reglamento (RIPA),1,1,0,0.00,0.00,"De acuerdo con la Regla 17 del RIPA, Maniobra del buque que “sigue a rumbo”:"
ca95a26e-81d2-4043-a299-46cf69546674,27,Reglamento (RIPA),1,1,0,0.00,0.00,"Según la Regla 13 del RIPA, “Buque que alcanza“, se considerará buque que alcanza a todo buque que s"
d614b7ca-7e2f-45f2-98bb-8ab019feb781,8,Seguridad,1,1,0,0.00,0.00,¿Cuántas bengalas de mano es obligatorio llevar a bordo si navegamos en aguas costeras protegidas?
73895905-a906-4dbf-a5c7-ef75e5f4819f,8,Seguridad,1,1,0,0.00,0.00,"En caso de hombre al agua, para iniciar una maniobra de Boutakow ¿qué acción deberá realizar?"
4470c9b6-3a0c-4b44-ac14-d3f2377d89ff,9,Seguridad,2,1,1,50.00,0.00,¿Cuál de las siguientes es una maniobra recomendada de búsqueda cuando no se ve al náufrago?
23247a39-ada6-4bcb-90ab-1f252ceda637,10,Seguridad,1,1,0,0.00,0.00,"Respecto a las medidas a tomar a bordo con mal tiempo, ¿cuál de las siguientes afirmaciones NO ES CO"
6b2f2fb3-3813-406e-be3f-e88884e44d05,37,Teoría de la navegación,1,1,0,0.00,0.00,"La relación entre rumbo (R), demora (D) y marcación (M) vendrá dada por la fórmula:"
7cf4c5fa-59b9-41bd-951b-ada6cd42a4f5,37,Teoría de la navegación,1,1,0,0.00,0.00,¿Cómo se llama el ángulo formado entre la dirección de la aguja náutica y el meridiano magnético?
55d5089f-d892-4ada-bde1-695b250af8c9,38,Teoría de la navegación,1,1,0,0.00,0.00,La corrección total es:
47240005-9c8e-412a-8e90-983cb04930fb,38,Teoría de la navegación,1,1,0,0.00,0.00,La altura de la pleamar es la distancia vertical de la superficie del agua sobre:
8f0da8e2-04d0-458a-a5fd-cc72a6332a52,39,Teoría de la navegación,1,1,0,0.00,0.00,Si disponemos de una carta en la que las latitudes aumentan hacia abajo y las longitudes aumentan ha
25c25e0c-a783-4e78-a47a-70cfd4e923eb,39,Teoría de la navegación,1,1,0,0.00,0.00,La línea de posición trazada por la alineación de dos objetos visibles de la costa o reconocibles en
453d918a-311a-47d8-a44e-3b666e802acd,40,Teoría de la navegación,1,1,0,0.00,0.00,¿Sobre qué pieza afilada de la aguja náutica descansa y oscila la rosa?
821ceae1-a7ce-4d25-847c-79aa4f24186f,40,Teoría de la navegación,1,1,0,0.00,0.00,"En relación a la aguja náutica, la hendidura en el centro de la rosa (disco), que permite el giro ho"
0e3e59c7-c22a-4d1e-8563-26f73c9c5b47,41,Teoría de la navegación,2,1,1,50.00,0.00,En relación con la demora señale la afirmación INCORRECTA:
92d69dcd-58af-4990-968a-fd148c9cb242,13,Balizamiento,1,0,1,100.00,0.00,"Subiendo por un canal, las Marcas Laterales estarán ordenadas numérica o alfabéticamente:"
85059132-276b-455a-a07f-dbf01eaeab95,13,Balizamiento,1,0,1,100.00,0.00,"Navegando en la Ría de Vigo, avistamos una marca negra con varias bandas horizontales rojas. ¿Qué Ma"
d0164073-4c7c-4d0a-8312-54e09636437e,13,Balizamiento,1,0,1,100.00,0.00,"Navegando de noche cerca de la Isla de Sálvora, vemos por proa una luz verde en grupos de 2 destello"
c154fbe1-5bed-4658-b1bf-060f69ca791f,14,Balizamiento,1,0,1,100.00,0.00,"En relación con las Marcas Especiales, indique la afirmación CORRECTA."
c6c12c80-ee24-4d4a-b854-609b07c90ed1,14,Balizamiento,1,0,1,100.00,0.00,"Subiendo por un canal, las Marcas Laterales estarán ordenadas numérica o alfabéticamente:"
69c3cdf8-a388-4a41-93c2-9dca2f2c098c,15,Balizamiento,1,0,1,100.00,0.00,¿Cuál es la característica diurna más importante de una Marca cardinal?
16cbed1a-82d0-4d41-86f9-9dc4266a290b,15,Balizamiento,1,0,1,100.00,0.00,Las Marcas Especiales indican:
d7d5153a-eaf2-4c9e-a717-b32507d0f75e,15,Balizamiento,1,0,1,100.00,0.00,¿Qué afirmación sobre las Marcas de Peligro Aislado ES CORRECTA?
48a4afb8-3f70-4cc1-a9a4-fd9cd5df3cba,15,Balizamiento,1,0,1,100.00,0.00,Señale cuál de las siguientes Marcas compone su color con franjas verticales rojas y blancas:
d17fd59a-df2d-4d33-9a76-a70d9842c329,15,Balizamiento,1,0,1,100.00,0.00,"En relación con las Marcas Especiales, señale la opción CORRECTA."
1ec669b6-de4e-4bc4-bcc4-1962f4acad6a,16,Balizamiento,1,0,1,100.00,0.00,"El protocolo para la numeración de las marcas laterales, especialmente en vías navegables confinadas"
f9ead405-c2de-4387-9368-ef0c5b4720ba,17,Balizamiento,1,0,1,100.00,0.00,Si navegando se observa una boya roja por estribor:
5f1b4c4d-ca15-4ebf-a7dc-598ebb594f95,17,Balizamiento,1,0,1,100.00,0.00,"Arribando a la marina de Barbate, vislumbramos una luz blanca centelleante rápida de grupos de tres "
cb9c09d7-7d8c-4193-be7d-8800fa22f298,17,Balizamiento,1,0,1,100.00,0.00,"En referencia a las Marcas Especiales, su marca de tope, si tuviera, sería:"
abb9403a-5256-4a0f-8a7c-72716e4bdffa,17,Balizamiento,1,0,1,100.00,0.00,¿Qué ritmo y color tendrá la luz de una marca lateral de bifurcación de la región A que indique el c
669d96cb-71e1-4f17-8226-4668709119c6,17,Balizamiento,1,0,1,100.00,0.00,Las Marcas de Aguas Navegables son:
6d3a906b-7e02-4f13-923a-a0db790413cd,42,Carta de navegación,1,0,1,100.00,0.00,"Hallar la sonda en el momento de la primera bajamar, el día 09 de diciembre de 2022 en Algeciras,"
515d73d9-c558-4495-ae7f-6ee52504b363,42,Carta de navegación,1,0,1,100.00,0.00,"Navegando a rumbo de aguja 297º, se toma simultáneamente marcación del Faro de Cabo Espartel = 275º "
04862d68-1883-4824-a326-f640b8213b0a,43,Carta de navegación,1,0,1,100.00,0.00,Nuestra embarcación está en la enfilación de los Faros de Punta Carnero y Punta Europa. En ese momen
28a46444-1b00-4d19-9a60-cb40821c9f8f,43,Carta de navegación,1,0,1,100.00,0.00,"A Hrb= 11:30, navegando con rumbo de aguja= 220º y un desvío= 3° (-), se toma simultáneamente demora"
b13d0235-8575-4f45-9da6-1b6a69f88447,44,Carta de navegación,1,0,1,100.00,0.00,Nuestra embarcación está en la enfilación de los Faros de Punta Carnero y Punta Europa. En ese momen
7ed78222-49a3-4052-8b30-7633fe61eae5,44,Carta de navegación,1,0,1,100.00,0.00,"Encontrándonos a Hrb 16:00 en la oposición Punta Europa ­ Punta Almina, con un desvío de aguja de 2º"
8b3accd2-00b6-4195-8e0f-35725b9870e2,45,Carta de navegación,1,0,1,100.00,0.00,"El 04 de septiembre de 2021 en Rota, se pide calcular las Horas Oficiales (Ho) de la última pleamar"
7db6c9a1-27dc-435b-9ae3-2bc3e1e956ae,45,Carta de navegación,1,0,1,100.00,0.00,"sonda en la carta de 5,8 metros. Sabiendo que la presión atmosférica es 1023 milibares, ¿cuál sería
"
64ff3ef2-5080-4694-9648-e354a0cc5532,5,Elementos de amarre y fondeo,1,0,1,100.00,0.00,¿Cuál de las siguientes afirmaciones relativas al fondeo es INCORRECTA?
efd98d4e-bf2c-45de-bd72-1aebc38af092,5,Elementos de amarre y fondeo,1,0,1,100.00,0.00,"En relación con los elementos de amarre, ¿cuál de las siguientes afirmaciones es CORRECTA?"
f9c2e8ca-fd60-4067-bd35-de69a6d6a5fd,5,Elementos de amarre y fondeo,1,0,1,100.00,0.00,¿Cuál de las siguientes definiciones es CORRECTA?
9fec9f6a-2c6c-48d5-8576-42e5550bc4d7,5,Elementos de amarre y fondeo,1,0,1,100.00,0.00,¿Cuál de las siguientes afirmaciones es CORRECTA?
33d28450-9888-4c3e-b9ed-f0fc4a4f5f37,5,Elementos de amarre y fondeo,1,0,1,100.00,0.00,¿Cuál de las siguientes afirmaciones relativas al fondeo es INCORRECTA?
2f1e1787-dd47-4bb1-a5f6-1cca7c42573f,5,Elementos de amarre y fondeo,1,0,1,100.00,0.00,¿Qué nudo permite realizar una gaza no corrediza para encapillar un cabo?
8015134d-76d1-4d5e-b8aa-801d8fe2130c,5,Elementos de amarre y fondeo,1,0,1,100.00,0.00,¿Cómo se denomina a la pieza sólida de metal o de madera fuertemente unida a la cubierta – por lo re
f08af29e-9308-4ff9-bcea-c34314a43266,5,Elementos de amarre y fondeo,1,0,1,100.00,0.00,¿Cuál de los siguientes elementos NO se utiliza en el amarre de una embarcación?
77567344-247f-4d2b-8eed-689afcf1f4d2,6,Elementos de amarre y fondeo,1,0,1,100.00,0.00,¿Qué entendemos por gaza?
3ac9740b-2c5c-46b4-81ef-1b1b12a2095d,6,Elementos de amarre y fondeo,1,0,1,100.00,0.00,En el fondeo:
d12a25a7-e33b-460e-b533-c05161c4202f,30,Emergencias en la mar,1,0,1,100.00,0.00,¿Qué es un espiche?
2cc4e37b-ecc9-4f80-9e1b-6ab24c6d9bce,30,Emergencias en la mar,1,0,1,100.00,0.00,"En el caso de que detecte una vía de agua en su embarcación, ¿qué es lo que NO se debe hacer?"
46cbc4d5-285b-4d72-b082-dbab7d4a3347,30,Emergencias en la mar,1,0,1,100.00,0.00,"En el caso de que se vea obligado a abandonar una embarcación y si las circunstancias lo permiten, ¿"
29c3edab-46e8-4d8e-bf5b-4b87cf19d842,31,Emergencias en la mar,1,0,1,100.00,0.00,"Si descubre agua en la sentina de la embarcación, ¿cuál de las siguientes actuaciones es INCORRECTA?"
0b3e71de-9284-4868-acb3-3e07ef70272b,32,Emergencias en la mar,1,0,1,100.00,0.00,¿Cuándo abandonaremos el barco?
455e474a-e7f0-416c-af71-132b0ca5ef76,32,Emergencias en la mar,1,0,1,100.00,0.00,"Si se detecta a bordo un incendio originado en el tanque de combustible de la embarcación, ¿cuál de "
8ff0662c-50c6-4a83-a078-91f7d432ed62,32,Emergencias en la mar,1,0,1,100.00,0.00,"En caso de varada, para liberar una embarcación por medios propios utilizando las mareas, deberá esp"
79c5b5ae-b3b4-4138-9aa0-a57af98339e2,32,Emergencias en la mar,1,0,1,100.00,0.00,¿Cuál de las siguientes afirmaciones es INCORRECTA?
84691e74-e3fa-4006-8f72-4bef5f061514,11,Legislación,1,0,1,100.00,0.00,En un tramo de costa carente de señalización o balizamiento de la zona de baño:
52cfc208-a8fa-428e-a22b-a371e3c49647,11,Legislación,1,0,1,100.00,0.00,"De acuerdo con el Texto Refundido de la Ley de Puertos del Estado y de la Marina Mercante, de las in"
bb2a9108-d9fa-445e-8e42-86e4b33ade08,11,Legislación,1,0,1,100.00,0.00,"¿Cuándo deberán asegurar la responsabilidad civil o acreditar, en su caso, la existencia de un segur"
3ddffe51-445a-4c9c-9742-0dfdf3224ceb,12,Legislación,1,0,1,100.00,0.00,"¿Cuándo deberán asegurar la responsabilidad civil o acreditar, en su caso, la existencia de un segur"
3764238b-699b-426c-a825-4894b7c8c6c6,12,Legislación,1,0,1,100.00,0.00,"Según el artículo 23 del Real Decreto 339/2021, de 18 de mayo, por el que se regula el equipo de seg"
0f0fac17-2322-40df-b51b-c315bb305dcc,12,Legislación,1,0,1,100.00,0.00,"En el supuesto de observar una bandera roja con una franja en diagonal blanca, se entenderá el sigui"
b3d4b002-9c8e-4fa5-92df-2091b1ddca2a,12,Legislación,1,0,1,100.00,0.00,"Respecto a la seguridad en la navegación y los mensajes de socorro, señale la opción INCORRECTA."
1e1d57ae-35d2-433b-bf4c-3dbbaa942d9d,28,Maniobra y navegación,1,0,1,100.00,0.00,"En la curva de evolución, la fase de maniobra:"
a68c49f8-c996-4d45-8929-10535ea27bd9,28,Maniobra y navegación,1,0,1,100.00,0.00,La expresión “timón a la vía” significa:
6f87e63e-dbaa-4da0-8b77-807a3e8ddb43,29,Maniobra y navegación,1,0,1,100.00,0.00,"Atracados de punta por proa, para salir de forma segura, en general, ¿cómo procederemos?"
43e76036-c579-46f4-b8ed-64edb1619cfd,29,Maniobra y navegación,1,0,1,100.00,0.00,"Atracados de punta por proa, para salir de forma segura, en general, ¿cómo procederemos?"
3add61c7-de94-448a-a96e-dcf58109bb43,33,Meteorología,1,0,1,100.00,0.00,Se denomina persistencia del viento a:
78417448-fc50-4af1-8fc5-be15773e5775,33,Meteorología,1,0,1,100.00,0.00,"La presión atmosférica a nivel del mar, expresada en milibares, es aproximadamente de:"
7d0ca1b2-079b-41f8-9cca-0b468874eaee,34,Meteorología,1,0,1,100.00,0.00,Un catavientos:
46ea0bde-f2c4-407d-86c4-d976226a358e,34,Meteorología,1,0,1,100.00,0.00,"En términos náuticos, se denomina refrescar a:"
3da080f5-7f1f-4e4d-a7c5-b449703b5295,35,Meteorología,1,0,1,100.00,0.00,¿Es posible obtener la previsión meteorológica por VHF?
3a3c50d3-cc33-46d0-b96f-b8e8ca98219e,35,Meteorología,1,0,1,100.00,0.00,Se denomina rolar a:
13a7d1b8-f5a7-4e7b-b5a6-d36a40e13dd7,36,Meteorología,1,0,1,100.00,0.00,El viento de las regiones costeras que sopla durante el día desde el mar hacia tierra a consecuencia
826a66e2-4c60-4c8f-aa35-0dc5ac531f61,36,Meteorología,1,0,1,100.00,0.00,El terral es un viento o brisa:
efe49d36-adbc-4861-9d96-78e6ff89011b,36,Meteorología,1,0,1,100.00,0.00,Señale cuál de las siguientes afirmaciones relativas a la escala centígrada es la CORRECTA:
df83f5fd-1df5-488d-b24b-19ccd95254c8,1,Nomenclatura náutica,1,0,1,100.00,0.00,"Si dos embarcaciones están navegando en paralelo a rumbo norte con viento del Este, ¿cuál de las sig"
31567dd2-5d60-48b4-92e8-c5b2b6451d8f,1,Nomenclatura náutica,1,0,1,100.00,0.00,¿Cuál de las siguientes definiciones se corresponde con “lumbrera”?
7a55dbe9-b340-410b-a3a0-03d53f7ca459,1,Nomenclatura náutica,1,0,1,100.00,0.00,¿Cómo se denomina al elemento estructural que va de popa a proa por la parte inferior del barco y en
dcb8111b-2997-4922-8efe-57ac516ccea9,1,Nomenclatura náutica,1,0,1,100.00,0.00,Un grillete es:
af35415d-8051-4b3b-bab9-fb49a7b9d8dd,1,Nomenclatura náutica,1,0,1,100.00,0.00,"En relación con el ancla, indique cuál de las siguientes afirmaciones es CORRECTA:"
914d1cee-9680-4b42-a4fa-7b2e92375069,1,Nomenclatura náutica,1,0,1,100.00,0.00,Se define como escorar al movimiento de la embarcación que consiste en:
26bc2301-3144-4e47-a8d2-abdea9b4d33f,1,Nomenclatura náutica,1,0,1,100.00,0.00,Se define como adrizar al movimiento de la embarcación que consiste en:
2fdfb4d6-e436-4e83-956f-37968dad1603,2,Nomenclatura náutica,1,0,1,100.00,0.00,"¿Qué parte del timón mueve la pala de tal forma que, si gira a una banda, la pala del timón lo hace "
264ce316-2d8a-498e-9cd8-a88f6d8fe4b0,2,Nomenclatura náutica,1,0,1,100.00,0.00,"A la parte interior, casi horizontal, del fondo de la embarcación se la denomina:"
99a6fcfb-bf9c-48e0-b7de-196e999833e6,2,Nomenclatura náutica,2,0,2,100.00,0.00,Arriar progresivamente un cabo que está trabajando se denomina:
c148c34e-6b71-4ffe-856e-d3570860c473,2,Nomenclatura náutica,1,0,1,100.00,0.00,Un grillete es:
2f398b66-3628-4bcb-9073-899f41f30a2a,2,Nomenclatura náutica,1,0,1,100.00,0.00,El principal elemento propulsor de una embarcación a motor es:
8df36fd4-bbed-4714-ac48-0d9bcb818732,2,Nomenclatura náutica,1,0,1,100.00,0.00,¿Qué es un imbornal?
db70a3a8-f1da-4469-9e8c-a4c468566b7f,2,Nomenclatura náutica,1,0,1,100.00,0.00,"En caso de deterioro, ¿cuál de las siguientes partes que forman el propulsor con hélice puede supone"
eb7d9493-bc40-4126-80fb-e9a0295d5729,3,Nomenclatura náutica,1,0,1,100.00,0.00,"La parte más plana y horizontal del casco, próxima a la quilla, se denomina:"
e868727d-1cb1-4022-bab1-4e97517ea558,3,Nomenclatura náutica,1,0,1,100.00,0.00,A la pieza vertical del timón sobre la cual gira la pala se denomina:
9f6fcde4-b609-47cc-b387-d1ba9d07f024,3,Nomenclatura náutica,1,0,1,100.00,0.00,La línea de fondeo está formada por:
f0f391f5-de2f-4db9-a738-60a98682e9a6,3,Nomenclatura náutica,1,0,1,100.00,0.00,¿Cuál de las siguientes definiciones es INCORRECTA?
0d5937d9-fc33-4824-8ddc-0dd8321f872d,3,Nomenclatura náutica,2,0,2,100.00,0.00,¿Cuál de las siguientes definiciones es INCORRECTA?
dbe01fe7-d78a-47fa-8577-ff15da5e1385,3,Nomenclatura náutica,2,0,2,100.00,0.00,Señale la afirmación CORRECTA respecto a las hélices dextrógiras:
e8be2896-0af6-421f-951e-1e95814f89b4,3,Nomenclatura náutica,1,0,1,100.00,0.00,El francobordo es:
682e2f46-8b3b-413d-a1b3-46c58cec20a9,3,Nomenclatura náutica,1,0,1,100.00,0.00,El desplazamiento máximo de una embarcación se alcanza cuando dicha embarcación:
791af559-cc6f-45f6-952b-9a7810c7b069,3,Nomenclatura náutica,1,0,1,100.00,0.00,La bañera se define como:
ecdf8605-346e-4f15-965e-78da292d6fb3,4,Nomenclatura náutica,1,0,1,100.00,0.00,¿Por medio de qué elemento extraeremos el agua que ha entrado a bordo?
30f99931-9020-46a7-827e-d2edb03ed64d,4,Nomenclatura náutica,1,0,1,100.00,0.00,El término náutico “Imbornal” se refiere a:
a9bbcba0-4ad3-4319-bad3-72993f866ccd,4,Nomenclatura náutica,1,0,1,100.00,0.00,Se dice que una hélice es dextrógira cuando:
cf08cc64-8225-498e-9997-a9db642a8728,4,Nomenclatura náutica,1,0,1,100.00,0.00,¿Cuál de las siguientes definiciones se corresponde con “lumbrera”?
7a460c25-8e92-4bc1-bcda-bb78c947c391,4,Nomenclatura náutica,1,0,1,100.00,0.00,Se conoce como calado medio a:
6da0f5bc-10bd-4a7e-8e6e-0e6e6269c56f,18,Reglamento (RIPA),1,0,1,100.00,0.00,"De conformidad con la Regla 18 del RIPA, “Obligaciones entre categorías de buques”, si se encuentran"
684ce2bc-1de6-430a-9837-3fd9a1cdf578,18,Reglamento (RIPA),1,0,1,100.00,0.00,"De acuerdo con la Regla 33.a del RIPA, la campana o el gong, o ambos, podrán:"
579b149b-ded8-4c4d-89a6-761564819036,18,Reglamento (RIPA),1,0,1,100.00,0.00,"De acuerdo con la Regla 3.g del RIPA, indique cuál de los siguientes buques NO se calificaría como """
e23fa9a6-e6c2-4b9e-a0b5-2f1137917361,18,Reglamento (RIPA),1,0,1,100.00,0.00,"Según la Regla 18 del RIPA, Obligaciones entre categorías de buques, sin perjuicio de lo dispuesto e"
a48df2b4-8474-48b5-9840-115a851c7de7,19,Reglamento (RIPA),1,0,1,100.00,0.00,"Encontrándonos en navegación, observamos por nuestro costado de estribor, hacia proa del través, una"
751b6197-325a-4110-aba2-1bda4e8dd364,19,Reglamento (RIPA),1,0,1,100.00,0.00,En caso de ver por nuestra proa las dos luces de tope de un barco enfiladas y sus dos luces de costa
20e53730-9d92-4079-a393-94632ed78c08,20,Reglamento (RIPA),1,0,1,100.00,0.00,Según la regla 2 del RIPA:
51e532c3-e653-4a03-873b-1f757010c53c,20,Reglamento (RIPA),1,0,1,100.00,0.00,"En relación con la Regla 26 de la parte C del RIPA sobre “Luces y Marcas”, si durante la navegación "
c7cedee4-06be-4833-a96d-108fb146f1d4,20,Reglamento (RIPA),1,0,1,100.00,0.00,"Según la Regla 18 del RIPA, “Obligaciones entre categorías de buques”, los buques de vela, en navega"
8a5708b7-bbd1-4c63-af64-8db0dbc41017,20,Reglamento (RIPA),1,0,1,100.00,0.00,"Según la Regla 6 del RIPA, “Velocidad de seguridad”, la citada velocidad:"
ba3b19c6-3294-425f-8bb6-416c186b35e8,20,Reglamento (RIPA),1,0,1,100.00,0.00,"De conformidad con la Regla 21 del RIPA, “Definiciones de la parte C relativa a Luces y Marcas”, la "
daa47a7f-1580-447d-944f-b319d0e9bb19,21,Reglamento (RIPA),1,0,1,100.00,0.00,"Según la Regla 3 del RIPA, un buque sin arrancada, pero que no está ni fondeado, ni amarrado a tierr"
0b0cb7f6-57c3-492c-ab0a-ae523e1d9b6a,21,Reglamento (RIPA),1,0,1,100.00,0.00,"Según la Regla 6.a.ii )del RIPA, ¿cuál de las siguientes afirmaciones es CORRECTA?"
47e2752c-e135-48de-9d26-95046b721b36,21,Reglamento (RIPA),1,0,1,100.00,0.00,"Conforme a la Regla 10 del RIPA, “Dispositivos de separación del tráfico”, un buque de propulsión de"
d2c54e5d-f703-4e42-8e84-402220761634,22,Reglamento (RIPA),1,0,1,100.00,0.00,"De acuerdo con la Regla 20 del RIPA, “Ámbito de aplicación” de la Parte C. Luces y marcas, si nos en"
b6933234-95d2-4b4f-bfe9-dd2e9ba2f210,22,Reglamento (RIPA),1,0,1,100.00,0.00,"Según la Regla 3 del RIPA, un buque de vela que utiliza simultáneamente su maquinaria propulsora mie"
d1617727-1b61-4475-9cae-5b3e360fe58b,22,Reglamento (RIPA),1,0,1,100.00,0.00,"Según la Regla 12 del RIPA, Buques de vela, si dos buques de vela se aproximan el uno al otro, con r"
7cc5235d-5514-4cb9-a260-61d85e1193be,23,Reglamento (RIPA),1,0,1,100.00,0.00,"Según la Regla 25.e del RIPA, un buque que navegue a vela, cuando sea también propulsado mecánicamen"
e1e2de6e-7f99-4167-9b5d-1d2302ecd98f,23,Reglamento (RIPA),1,0,1,100.00,0.00,"De acuerdo con la Regla 3.g del RIPA, indique cuál de los siguientes buques NO se calificaría como """
11af0acc-6d83-4795-8db8-3d90f1508048,24,Reglamento (RIPA),1,0,1,100.00,0.00,"Conforme a la Regla 10 del RIPA, “Dispositivos de separación del tráfico”, un buque de 15 metros de "
225d632b-420e-4b10-8885-8d6355e65564,24,Reglamento (RIPA),1,0,1,100.00,0.00,"Aproximándose, vemos un buque remolcando a otro. En esta situación, y atendiendo a la Regla 27 del R"
3a9f0356-c200-4628-a08b-8366d3891a98,26,Reglamento (RIPA),1,0,1,100.00,0.00,"Conforme a la Regla 3 del RIPA, “Definiciones generales”, todo buque que, debido a la naturaleza de "
7af478dc-c4f3-46a7-ac53-34d814120857,26,Reglamento (RIPA),1,0,1,100.00,0.00,"Según la Regla 6.a.ii )del RIPA, ¿cuál de las siguientes afirmaciones es CORRECTA?"
b29bd24f-f3fc-4198-804b-594fb3295e07,26,Reglamento (RIPA),1,0,1,100.00,0.00,"De acuerdo con la Regla 2.b del RIPA, un buque puede apartarse de dicho Reglamento:"
10a8d200-ae12-438e-808e-a27366238556,26,Reglamento (RIPA),1,0,1,100.00,0.00,"Navegando en un velero de 6 metros por un canal angosto, vemos aproximarse de vuelta encontrada
a un"
747a7b4e-b8b2-4eed-b5dc-713139ad2fc6,27,Reglamento (RIPA),1,0,1,100.00,0.00,"De acuerdo con la Regla 28 del RIPA, si observamos un buque exhibiendo en el lugar más visible, tres"
2cdac66f-a0b8-47e4-bd9d-a352faf28529,27,Reglamento (RIPA),1,0,1,100.00,0.00,"Conforme a la Regla 9 del RIPA, “Canales angostos”, los buques de eslora inferior a 20 metros:"
03520a6d-4a8b-49d6-a818-fcd9a72cb7df,27,Reglamento (RIPA),1,0,1,100.00,0.00,"Según el Anexo IV del RIPA, ¿cuál de las siguientes señales NO es una señal de peligro?"
00b5d921-c2da-49e5-b0b5-7458d7772a72,7,Seguridad,1,0,1,100.00,0.00,"En una embarcación de recreo, al aumentar los pesos en cubierta:"
8f063a91-9f3e-4bd2-8f0a-7f2cb50242da,7,Seguridad,1,0,1,100.00,0.00,"Para contactar con Salvamento Marítimo, ¿de que forma realizaremos la llamada?"
06d3005b-9626-4eea-8a5a-8da79f72f5f4,7,Seguridad,1,0,1,100.00,0.00,Con la máquina avante y una costa a sotavento:
32cbfa8e-d165-484d-8d4b-439268082a1b,7,Seguridad,1,0,1,100.00,0.00,¿Qué es un reflector RADAR?
a5592ee2-0371-4f7f-a799-5a16bf0ec4b4,7,Seguridad,1,0,1,100.00,0.00,"Para contactar con Salvamento Marítimo, ¿de que forma realizaremos la llamada?"
6e623c37-f845-4821-8f72-263b3b65beec,8,Seguridad,1,0,1,100.00,0.00,"Si vemos caer un hombre al agua por la banda de estribor, ¿cuál de las siguientes acciones es la más"
7999752b-6e3a-4b6c-b580-5457cf09795c,9,Seguridad,1,0,1,100.00,0.00,¿Cómo se debe actuar ante movimientos de cabezada excesivos cuando llevamos la mar por la proa?
3e2aec7b-b2c1-446b-8fb9-97043a858edb,9,Seguridad,1,0,1,100.00,0.00,Señale la afirmación VERDADERA:
623d6b54-cc5b-4e6e-827d-337ab6aa368a,9,Seguridad,1,0,1,100.00,0.00,"En relación con los aros salvavidas, ¿cuál de las siguientes recomendaciones debemos tener en cuenta"
82e95ffa-ac87-48fd-9b13-ad9a3f5eb89f,10,Seguridad,1,0,1,100.00,0.00,¿Qué es un reflector RADAR?
d26d0c6d-aeb7-4f8d-bae0-6fe98fc953e4,37,Teoría de la navegación,1,0,1,100.00,0.00,¿Cómo se debe medir una distancia en carta?
787737ae-9f8b-4ae0-b502-2db31d38de9d,38,Teoría de la navegación,1,0,1,100.00,0.00,Entre las características de las luces marítimas están:
b70dcd08-6a6a-4153-95ab-daa3f22610b0,41,Teoría de la navegación,1,0,1,100.00,0.00,"Al incidir el viento sobre la obra muerta de nuestra embarcación, la fuerza que ejercerá sobre ella:"
c4e562d8-b256-464f-9537-e4a5acfd45d3,41,Teoría de la navegación,1,0,1,100.00,0.00,"En un lugar determinado, la declinación magnética:"
43ee8a1c-1e0a-4c2c-aa9e-0539693f136a,13,Balizamiento,0,0,0,0.00,0.00,Señale la afirmación que NO aplica a las Marcas Especiales:
9e1aa134-902a-4a5f-a206-b13adf7e6910,13,Balizamiento,0,0,0,0.00,0.00,Una Marca cardinal NO puede ser utilizada para:
8fef2087-21d0-48dc-bb6b-e07c782217ec,13,Balizamiento,0,0,0,0.00,0.00,Señale cuál de las siguientes Marcas compone su color con franjas verticales rojas y blancas:
97ef8312-32e3-4977-9a14-4cccacc6b76b,13,Balizamiento,0,0,0,0.00,0.00,"En referencia a las Marcas especiales, ¿cuál de las siguientes afirmaciones es INCORRECTA?"
b8725e4f-513c-422d-9abb-c5c649810ee3,13,Balizamiento,0,0,0,0.00,0.00,"Arribando de noche al puerto de Panxón, vislumbramos una luz blanca centelleante de grupos de seis c"
77cb799f-112f-4eee-98eb-7a04b43edbbc,13,Balizamiento,0,0,0,0.00,0.00,Las Marcas de aguas navegables:
c219aef5-8af9-48e3-aaa5-bcc0041f65a1,13,Balizamiento,0,0,0,0.00,0.00,La marca de tope de las marcas de peligro aislado será:
14de870e-e939-405f-afae-2e8670d48161,13,Balizamiento,0,0,0,0.00,0.00,"De acuerdo con la Regla 1.2.2 del IALA-AISM, indique a qué equipo del buque se utilizan asociadas la"
613a03a5-747b-4876-801b-3b5ca445e142,13,Balizamiento,0,0,0,0.00,0.00,"¿Qué tipo de marcas están rodeadas de aguas seguras, pero no señalan ningún peligro?"
63c2f863-fac6-49ba-8507-3ad45d4fe64a,13,Balizamiento,0,0,0,0.00,0.00,Las Marcas Cardinales siempre estarán pintadas:
6387ca57-7995-4b6e-80e6-e3fae97f1a30,13,Balizamiento,0,0,0,0.00,0.00,La forma de las marcas especiales es:
4beef85b-10d6-4d6d-a3dc-f409e7240f75,13,Balizamiento,0,0,0,0.00,0.00,La marca de tope en las marcas de aguas navegables:
e89f71be-6056-4215-bdf6-befb0ae04cc5,13,Balizamiento,0,0,0,0.00,0.00,La marca de tope de una Marca Cardinal Norte es:
5235500f-5347-4529-9afd-5a5e04db6ab6,13,Balizamiento,0,0,0,0.00,0.00,El objetivo principal de las Marcas especiales es:
192f4563-27f9-4fdf-8161-15697900087f,13,Balizamiento,0,0,0,0.00,0.00,La luz de una Marca de Aguas Navegables:
96d59aba-2996-4027-9bc3-974afd70a0f5,13,Balizamiento,0,0,0,0.00,0.00,El color de las Marcas de aguas navegables es:
0c3f47cf-3382-4cd0-9e35-8d2a08662779,13,Balizamiento,0,0,0,0.00,0.00,La marca de tope de una Marca Cardinal Norte es:
11ca0bf0-3603-4cbb-96e9-a56204c16eb7,13,Balizamiento,0,0,0,0.00,0.00,La forma de las Marcas de aguas navegables es:
1270fe60-a9ff-4a00-b8c2-2b7595cac833,13,Balizamiento,0,0,0,0.00,0.00,La forma de las marcas especiales es:
e5d74b68-1ece-40a7-96bb-2288bf311635,13,Balizamiento,0,0,0,0.00,0.00,Las Marcas Cardinales siempre estarán pintadas:
69d9fbe5-4b26-4860-8a0f-671148bd545c,13,Balizamiento,0,0,0,0.00,0.00,"En el punto de bifurcación de un canal, siguiendo el sentido convencional de balizamiento, el canal "
bc732015-35a0-43b0-8162-6c1247f58ecb,13,Balizamiento,0,0,0,0.00,0.00,"Arribando de noche a la marina de Punta Lagoa, vemos por proa una luz roja en grupos de 2+1 destello"
8d2cb614-59db-4936-bf66-52716dc378c0,13,Balizamiento,0,0,0,0.00,0.00,Las marcas de tope de las Marcas cardinales serán siempre:
5e2525c8-cb36-457b-88d5-caf4c0a8050a,13,Balizamiento,0,0,0,0.00,0.00,Una Marca Especial tendrá el siguiente ritmo:
b69cf06a-0e0f-4ca1-9272-5a9a84ce4a1c,13,Balizamiento,0,0,0,0.00,0.00,"Entrando en la Bahía de Santander, nos dirigimos a la Marina de Pedreña abandonando el canal princip"
3e28b4cf-f882-456b-b7eb-70728ad7f43a,13,Balizamiento,0,0,0,0.00,0.00,La marca de tope de la Marca Cardinal Oeste está formada por dos conos negros superpuestos:
e4144fe4-760c-4353-9f42-56fe502d11eb,13,Balizamiento,0,0,0,0.00,0.00,Las Marcas de Peligro Aislado y de Aguas Navegables utilizan luces blancas:
9be88f2b-d3d5-4890-a980-1bd0f52d8796,13,Balizamiento,0,0,0,0.00,0.00,Cuando la luz de una Marca cardinal tiene un ritmo de 3 centelleos muy rápidos o rápidos seguidos de
18b65f66-583c-4c47-8d6a-2e5e5a4ecee6,13,Balizamiento,0,0,0,0.00,0.00,¿Cuál es la marca de tope de la Marca Cardinal que nos indica aguas navegables en el cuadrante oeste
27810ca5-f6fa-4974-a6b0-759973feaa2b,13,Balizamiento,0,0,0,0.00,0.00,Las Marcas especiales:
c7b59d6e-eaa2-427a-9466-fa0153b76e42,13,Balizamiento,0,0,0,0.00,0.00,"Navegando se observa de manera más inmediata por estribor una boya con forma de cono verde, esto sig"
e6ee475b-e02d-49ac-a09a-3f68b28a483b,13,Balizamiento,0,0,0,0.00,0.00,¿A qué tipo de marca le corresponde un espeque de color negro con una banda ancha horizontal roja?
7bbd9757-534a-4be9-b602-87441bb86faf,13,Balizamiento,0,0,0,0.00,0.00,"En relación con las Marcas Especiales, indique la afirmación CORRECTA."
709516c5-93f7-4bee-85a8-3028f8754d43,13,Balizamiento,0,0,0,0.00,0.00,Las Marcas de Aguas Navegables:
b5f21e0a-65f3-4c02-a2a8-0d1258dfd7fd,13,Balizamiento,0,0,0,0.00,0.00,Si avistamos una marca de color amarillo con una ancha banda horizontal negra coronada por dos conos
0627ac2a-f543-479a-aa07-b4f18318e431,13,Balizamiento,0,0,0,0.00,0.00,Las Marcas de aguas navegables sirven para:
d356d15b-1083-47af-993e-ef531c74d684,13,Balizamiento,0,0,0,0.00,0.00,"En relación a las marcas cardinales, indique la respuesta INCORRECTA:"
72a38cb8-cb4f-4fad-80ab-a6695b6452fb,13,Balizamiento,0,0,0,0.00,0.00,"Navegando, observamos por proa una luz blanca en grupo de dos destellos GpD (2). ¿Qué Marca es?"
3e15a547-6bd7-4027-a70b-2a4e8521fe68,13,Balizamiento,0,0,0,0.00,0.00,En las Marcas de peligro aislado la luz es:
5626ae33-7152-49e1-b25a-6eecb932dc6e,13,Balizamiento,0,0,0,0.00,0.00,Las Marcas Especiales indican:
6821a2a9-0a7c-49e0-a9aa-6fbf199c0985,13,Balizamiento,0,0,0,0.00,0.00,Las Marcas de Aguas Navegables:
2e7cb0fc-21d2-4ac2-9e60-6f7f95c81f55,13,Balizamiento,0,0,0,0.00,0.00,"De acuerdo con la Regla 1.2.2 del IALA-AISM, indique a qué equipo del buque se utilizan asociadas la"
162ad6e1-386f-4027-bf06-bd652aef740c,13,Balizamiento,0,0,0,0.00,0.00,Las marcas de aguas navegables son:
2b326303-0535-41fc-87f7-b0870635aa9e,13,Balizamiento,0,0,0,0.00,0.00,Las Marcas de aguas navegables tendrán:
532a4700-8c10-4b87-bbac-3a7c1d362dfe,13,Balizamiento,0,0,0,0.00,0.00,¿Cómo se define el ritmo centelleante de la señal luminosa de la Marca Cardinal Sur?
60b8ab4e-26a1-466f-bd50-b958fcb55f26,13,Balizamiento,0,0,0,0.00,0.00,"Indique a qué equipo del buque, de acuerdo a la regla 1.2.2 del IALA-AISM, se utilizan asociadas las"
5e11bfc3-1521-4909-bb14-31efdf350d7f,13,Balizamiento,0,0,0,0.00,0.00,¿Qué ritmo y color tendrá la luz de una marca de peligro aislado?
53ec21d1-a77c-4a33-bfdc-693247339365,13,Balizamiento,0,0,0,0.00,0.00,La Marca de Peligro Aislado:
c5790310-5949-4f94-85e3-89f537a2afc6,13,Balizamiento,0,0,0,0.00,0.00,"La luz de las Marcas de Peligro Aislado, si la tuviera:"
9ad504df-504c-4627-a228-10d3c2026131,13,Balizamiento,0,0,0,0.00,0.00,"Si avistamos una Marca de peligro aislado por duplicado, ¿qué indica?"
d62468bd-b8fa-48cf-aca1-ec48f2c6bf56,13,Balizamiento,0,0,0,0.00,0.00,Las Marcas de Peligro Aislado se utilizan para indicar:
d3aedee5-9244-4eab-8a3f-025d1e7f01c5,13,Balizamiento,0,0,0,0.00,0.00,"En relación con las Marcas de Peligro Aislado, indique cuál de las siguientes afirmaciones es CORREC"
efc7c82b-1ad2-44c1-8371-089eb5af234d,13,Balizamiento,0,0,0,0.00,0.00,¿Qué color y forma tendrá una señal lateral de la región A de babor?
c4ca1f7c-c900-4e4a-b932-771ddf25db79,14,Balizamiento,0,0,0,0.00,0.00,¿Qué ritmo y color tendrá la luz de una marca lateral de bifurcación de la región A que indique el c
e25e031d-9069-47a3-8946-69126d2faf45,14,Balizamiento,0,0,0,0.00,0.00,La forma de las boyas de las marcas cardinales será:
2ef020ca-2f70-4737-b275-cc17b5547220,14,Balizamiento,0,0,0,0.00,0.00,"Entrando en un puerto vemos una boya cónica de color verde con una banda roja en el medio, ¿qué indi"
1ce7d754-7a2e-469a-b377-41f891b36c37,14,Balizamiento,0,0,0,0.00,0.00,Las Marcas especiales:
fe14895d-5179-42ff-8dbd-9516645bcc24,14,Balizamiento,0,0,0,0.00,0.00,"Si una Marca de Aguas Navegables tuviese marca de tope, esta estaría compuesta por:"
53d4b1e5-93bc-4180-800a-216dd9d1ae18,14,Balizamiento,0,0,0,0.00,0.00,La marca de tope de una Marca de Aguas Navegables es:
f972297d-8ef7-4628-84f4-a50c03a19b72,14,Balizamiento,0,0,0,0.00,0.00,Las Marcas Especiales:
ba501748-889e-4369-81e6-d7acd70c7db0,14,Balizamiento,0,0,0,0.00,0.00,"La marca de tope de la Marca cardinal Este, son dos conos negros superpuestos:"
627b6c91-fdc7-4fc7-8de3-850f58a0570c,14,Balizamiento,0,0,0,0.00,0.00,Las Marcas de aguas navegables se distinguen por tener:
ed1c63f9-c2bb-4ecf-a78e-da8446ad3bff,14,Balizamiento,0,0,0,0.00,0.00,En las Marcas de peligro aislado la luz es:
4bb3377b-7a01-498f-b43e-ba43914f90cf,14,Balizamiento,0,0,0,0.00,0.00,"Arribando a la zona de la Isla de Ons, observamos una Marca de balizamiento con una marca de tope co"
34c23954-12b6-4d94-804b-dfbf2e1c533f,14,Balizamiento,0,0,0,0.00,0.00,Las Marcas de aguas navegables:
147e5442-516c-4d3c-aa5e-29df1aa33dae,14,Balizamiento,0,0,0,0.00,0.00,"En una Marca Cardinal Oeste, la marca de tope tiene los conos superpuestos:"
cc8a8630-81ae-49e4-9323-8f12b026c93d,14,Balizamiento,0,0,0,0.00,0.00,El color de las Marcas de Peligro Aislado es:
d619b1c4-1ee2-4b35-9165-09d30493cc93,14,Balizamiento,0,0,0,0.00,0.00,Las Marcas de peligro aislado son:
2f8167e2-7e1f-4dde-9770-4635dae8e6be,14,Balizamiento,0,0,0,0.00,0.00,¿Cuál es la marca de tope de la Marca Cardinal que nos indica aguas navegables en el cuadrante oeste
42a72451-835f-4141-bb40-db96d5cf6048,14,Balizamiento,0,0,0,0.00,0.00,Si navegando se observa una boya roja por estribor:
ec390927-44f7-433f-ae21-6a3c4800177a,14,Balizamiento,0,0,0,0.00,0.00,Las Marcas Cardinales se usan para indicar:
a45d818c-018b-487b-9dbd-ebd857ae0ce5,14,Balizamiento,0,0,0,0.00,0.00,El color de las boyas de las marcas de peligro aislado será:
80bc2759-4805-4e37-ba0a-80c712987247,14,Balizamiento,0,0,0,0.00,0.00,"Recalando de noche, avistamos por el través de babor una luz verde con un ritmo en grupos de (2+1) d"
a0ed9b4e-1f3e-4fd8-bc8d-31742781df56,14,Balizamiento,0,0,0,0.00,0.00,"Navegando de noche cerca de la Isla de Sálvora, vemos por proa una luz verde en grupos de 2 destello"
010cd457-a806-4b26-bc5c-03a4e32cb389,14,Balizamiento,0,0,0,0.00,0.00,¿Qué forma tendrá la marca de tope de una marca lateral de bifurcación de la región A que indique el
4478efdd-2b1e-4bf5-acf2-cdd5c25dec6a,14,Balizamiento,0,0,0,0.00,0.00,"Arribando a la marina de Barbate, vislumbramos una luz blanca centelleante rápida de grupos de tres "
f16dcfb4-6fb1-4b72-87b1-17cde5574e2e,14,Balizamiento,0,0,0,0.00,0.00,El color de las Marcas Especiales es:
34eaf70e-65a0-4cc2-ad49-0446e2e1188f,14,Balizamiento,0,0,0,0.00,0.00,Si al entrar a un puerto vemos una marca cilíndrica de color rojo:
137c0f55-753b-462b-baf5-34eb4224b900,14,Balizamiento,0,0,0,0.00,0.00,"En relación a las marcas cardinales, indique cuál de las siguientes afirmaciones es INCORRECTA:"
eedeaaee-74d5-45eb-9f02-ce991f3b9282,14,Balizamiento,0,0,0,0.00,0.00,Las Marcas de aguas navegables se distinguen por tener:
405d9963-2987-4c9f-a0e0-878938835801,14,Balizamiento,0,0,0,0.00,0.00,¿Cuál de los siguientes ritmos de luz blanca corresponde a una Marca Cardinal Este?
cd5e5425-e548-4c8f-a385-4262117369bf,14,Balizamiento,0,0,0,0.00,0.00,La forma de las boyas de las marcas cardinales será:
a8f4cf05-45a9-4a32-b9d1-faf2a1e69622,14,Balizamiento,0,0,0,0.00,0.00,"Recalando de noche, avistamos por el través de babor una luz verde con un ritmo en grupos de (2+1) d"
44ade885-ca89-4b4e-a5cb-ceb2ac506606,14,Balizamiento,0,0,0,0.00,0.00,"El protocolo para la numeración de las marcas laterales, especialmente en vías navegables confinadas"
8edc851c-204c-49bc-ac2f-d2ae8ce73fe6,14,Balizamiento,0,0,0,0.00,0.00,"Con respecto a las Marcas de Aguas Navegables, señale la respuesta CORRECTA."
975f5187-b5c3-4587-b29a-360c5bdeb026,14,Balizamiento,0,0,0,0.00,0.00,Una Marca Especial tendrá el siguiente ritmo:
88b581b5-0fcb-4021-b70e-a91b93bc008a,14,Balizamiento,0,0,0,0.00,0.00,"Las Marcas Laterales de babor de la región A, son de color:"
673b52f4-1ba3-4b64-b10c-4701848b0056,14,Balizamiento,0,0,0,0.00,0.00,"La luz de la Marca de Peligro Aislado, si la tuviera, será de color:"
720fb2a8-f304-4e85-8c4b-c6a368c9cd30,14,Balizamiento,0,0,0,0.00,0.00,"El ritmo de la luz de la Marca de aguas navegables es isofase, de ocultaciones:"
a2622ca2-dadf-4312-ba7c-d1d7b4160157,14,Balizamiento,0,0,0,0.00,0.00,"Si avistamos una marca de peligro aislado, ¿qué maniobra es la más recomendable?"
12f44c41-fe2b-43c3-983f-a67b6f53ff60,14,Balizamiento,0,0,0,0.00,0.00,"En relación con las luces de las Marcas laterales de la región A, ¿qué modos de sincronización exist"
aa4710c5-028f-43ce-86cc-3bbbdfa6fe04,14,Balizamiento,0,0,0,0.00,0.00,"Si una Marca de Aguas Navegables tuviese marca de tope, esta estaría compuesta por:"
bc3d5b6e-365d-4205-9971-b9bdf2717939,14,Balizamiento,0,0,0,0.00,0.00,"En una Marca Cardinal Oeste, la marca de tope tiene los conos superpuestos:"
e7ec6ccc-020b-40da-9fc9-2b6e77f86553,14,Balizamiento,0,0,0,0.00,0.00,Si avistamos una marca de color negro con una ancha banda horizontal amarilla coronada por dos conos
3b188c69-72f6-48c2-b9e3-a1373cf47d62,14,Balizamiento,0,0,0,0.00,0.00,Las Marcas laterales que emiten una luz roja son:
1fefb62c-eef4-4364-8e7a-a56c4e41dbeb,14,Balizamiento,0,0,0,0.00,0.00,"Arribando a la zona de la Isla de Ons, observamos una Marca de balizamiento con una marca de tope co"
cdc043bb-230b-4f5e-a38b-4adb5eb3cf51,14,Balizamiento,0,0,0,0.00,0.00,"Arribando de noche al puerto deportivo de Cangas, vemos por proa una luz roja en grupos de 2+1 deste"
98b1bda1-d978-46b5-9de3-52f01e1d2369,14,Balizamiento,0,0,0,0.00,0.00,¿Qué marcas emiten una luz de color blanco y ritmo en grupos de dos destellos?
799e3af6-bb11-4318-9ea2-d1334dc312fd,14,Balizamiento,0,0,0,0.00,0.00,"En relación con las Marcas de Peligro Aislado, indique cuál de las siguientes afirmaciones es INCORR"
cd1ee89b-2fc5-4a7e-bb49-b44e7c10b601,14,Balizamiento,0,0,0,0.00,0.00,Las Marcas especiales:
f67e90b9-7e16-4cfa-a1a0-f79aa8b3474b,14,Balizamiento,0,0,0,0.00,0.00,La marca de tope de la Marca Cardinal Oeste está formada por dos conos negros superpuestos:
77c91e8c-56a0-47c8-8d4b-1f3ffe75e748,14,Balizamiento,0,0,0,0.00,0.00,Las Marcas de aguas navegables pueden utilizarse:
9f9967c2-7756-457c-86fa-da533dec9192,14,Balizamiento,0,0,0,0.00,0.00,¿Cómo se define el ritmo centelleante de la señal luminosa de la Marca Cardinal Sur?
444e2cf9-a6d0-4cab-8b9a-2c3cd28d9fe1,14,Balizamiento,0,0,0,0.00,0.00,"En relación con las Marcas de Peligro Aislado, indique cuál de las siguientes afirmaciones es CORREC"
a04e5611-40c6-446b-9d37-98f36450e93e,14,Balizamiento,0,0,0,0.00,0.00,"Si avistamos una Marca de peligro aislado por duplicado, ¿qué indica?"
bb60f919-e84b-43d9-99df-d3ffc86c35d9,15,Balizamiento,0,0,0,0.00,0.00,Las Marcas de Peligro Aislado y de Aguas Navegables utilizan luces blancas:
3db63ea7-ae47-456e-92c4-4a27632f3451,15,Balizamiento,0,0,0,0.00,0.00,"Con respecto a las Marcas de Aguas Navegables, señale la respuesta CORRECTA."
78c6df75-5c4c-4479-b75e-8a601e38c01b,15,Balizamiento,0,0,0,0.00,0.00,Las Marcas de peligro aislado sirven para indicar:
f2fcf4b1-8b03-4e12-a64d-6f7a8dda453a,15,Balizamiento,0,0,0,0.00,0.00,La marca de tope de una Marca de Peligro Aislado es:
f96ac416-5b71-47b8-a887-f312a7ad1cd3,15,Balizamiento,0,0,0,0.00,0.00,"Las Marcas de Peligro Aislado, si tienen luz, esta será:"
9b98c1ec-ade3-4d28-b430-b8ef2cdcce79,15,Balizamiento,0,0,0,0.00,0.00,"La “dirección convencional de balizamiento” que usamos con las marcas laterales, puede ser la"
62c18c58-4b64-4789-b613-94b746696f2c,15,Balizamiento,0,0,0,0.00,0.00,¿Qué ritmo y color tendrá la luz de una marca de peligro aislado?
1b373afd-40f1-46bd-87be-4c18fea50ad4,15,Balizamiento,0,0,0,0.00,0.00,¿Cuál es la característica diurna más importante de una Marca cardinal?
8c545faa-f7e5-443e-831d-3ec27376ffe2,15,Balizamiento,0,0,0,0.00,0.00,Si navegando observamos una Marca cardinal con una banda negra entre dos bandas amarillas y con una 
62f2f352-209f-43ae-a136-57efa0a9a432,15,Balizamiento,0,0,0,0.00,0.00,"¿Por qué demoras verdaderas, tomadas desde el punto a balizar, está limitado el cuadrante Sur en las"
6e957fb1-c837-4ecb-91fe-19d6d0de2bca,15,Balizamiento,0,0,0,0.00,0.00,Las Marcas laterales que emiten una luz roja son:
d18ee032-3859-4dac-a012-cbbc56276a7c,15,Balizamiento,0,0,0,0.00,0.00,"La luz de las Marcas de Peligro Aislado, si la tuviera:"
5e0ae8bb-613b-455b-a8df-b42611446548,15,Balizamiento,0,0,0,0.00,0.00,Una marca cardinal de color negro con una ancha banda horizontal de color amarillo será:
13cadb20-277d-49a4-83ed-7f857fd78a7d,15,Balizamiento,0,0,0,0.00,0.00,¿Qué indica una Marca Cardinal?
217e93dd-b268-4966-921a-a1be4771971e,15,Balizamiento,0,0,0,0.00,0.00,Es una marca especial:
3ed9813a-a4f7-4e64-861e-1bf17b654845,15,Balizamiento,0,0,0,0.00,0.00,Las Marcas especiales:
626864c1-4243-4857-82d4-872ca126d41f,15,Balizamiento,0,0,0,0.00,0.00,¿Cómo es la marca de tope de las Marcas laterales de estribor?
cacd795d-9004-4e10-94f3-0bc34e8c2680,15,Balizamiento,0,0,0,0.00,0.00,Si avistamos una marca de color amarillo con una ancha banda horizontal negra coronada por dos conos
6c0aa06d-e369-4b4e-ad7e-c1801b9d4e97,15,Balizamiento,0,0,0,0.00,0.00,Las Marcas de peligro aislado sirven para indicar:
539ff650-d3cc-496b-9cb8-94ed6c7b14f7,15,Balizamiento,0,0,0,0.00,0.00,El color de las Marcas de Peligro Aislado es:
b7d1ca85-56e1-420a-a55b-ac8f24dee5ba,15,Balizamiento,0,0,0,0.00,0.00,Las Marcas especiales indican una zona o una configuración particular cuya naturaleza exacta está in
ef60d80e-13c0-4464-8082-33874d78bc60,15,Balizamiento,0,0,0,0.00,0.00,"En el punto de bifurcación de un canal, siguiendo el sentido convencional de balizamiento, el canal "
636b2666-cf4e-4836-bedb-7f9a78a99aa4,15,Balizamiento,0,0,0,0.00,0.00,¿Cuál de las siguientes afirmaciones sobre Marcas Especiales es INCORRECTA?
74204abd-600e-443d-beb5-e88d2178de79,15,Balizamiento,0,0,0,0.00,0.00,La marca de tope de las Marcas de peligro aislado será:
8e8e240c-c31a-4be5-b1b0-3aad7975465a,15,Balizamiento,0,0,0,0.00,0.00,El color de las boyas de las marcas de peligro aislado será:
31cd9130-a285-48f5-aff3-9f5329f5e4f0,15,Balizamiento,0,0,0,0.00,0.00,"Indique a qué equipo del buque, de acuerdo a la regla 1.2.2 del IALA-AISM, se utilizan asociadas las"
9961f76e-192d-4684-9427-7d3ee2f09adb,15,Balizamiento,0,0,0,0.00,0.00,"El protocolo para la numeración de las Marcas Laterales, especialmente en vías navegables confinadas"
b13acbfd-75e1-412b-83ee-2eaf050cd0e5,15,Balizamiento,0,0,0,0.00,0.00,"En relación a las marcas cardinales, indique la respuesta INCORRECTA:"
ad0cd3b1-9d24-415c-8a93-7b02c024c998,15,Balizamiento,0,0,0,0.00,0.00,La marca de tope de una Marca de Peligro Aislado es:
1e3f9c13-4a3c-49a1-8101-2ea0d9dda317,15,Balizamiento,0,0,0,0.00,0.00,¿Qué grupo de destellos y qué color tendrá la luz de una Marca de peligro aislado?
8d66141a-8f48-4b18-a7f6-48268fa4bd41,15,Balizamiento,0,0,0,0.00,0.00,Una Marca Especial nunca se empleará para indicar o señalizar:
c39a3b58-cd1c-47e0-b092-6f3790916e30,15,Balizamiento,0,0,0,0.00,0.00,Una Marca cardinal NO puede ser utilizada para:
fcc126aa-a6b9-44e0-895e-aed88f85ed01,15,Balizamiento,0,0,0,0.00,0.00,"Navegando de entrada en Puerto Sherry, avistamos por proa una boya cilíndrica roja, ¿cuál sería la m"
a354828f-b06c-4941-a89f-2aa38792145a,15,Balizamiento,0,0,0,0.00,0.00,El color de las Marcas de aguas navegables es:
39eb1509-de96-462a-90a2-a4a5e07eabe3,15,Balizamiento,0,0,0,0.00,0.00,Una marca cardinal de color negro con una ancha banda horizontal de color amarillo será:
bc8876ce-6e66-42ff-a2ce-0c6078acfb51,15,Balizamiento,0,0,0,0.00,0.00,La marca de tope de las Marcas de peligro aislado será:
96316cd4-d0d6-4fa5-9011-f32a9ccbd9c1,15,Balizamiento,0,0,0,0.00,0.00,La marca de tope de una Marca de Aguas Navegables es:
3d97907d-0ddf-4fee-a02b-c82418aa323a,15,Balizamiento,0,0,0,0.00,0.00,La marca de tope de una marca cardinal Oeste será:
7c1f295b-1b0c-4341-9873-4af8d233103e,15,Balizamiento,0,0,0,0.00,0.00,¿Cuál de los siguientes ritmos de luz blanca corresponde a una Marca Cardinal Este?
98f491d2-6fa6-41c4-bfb5-cafafcbde097,15,Balizamiento,0,0,0,0.00,0.00,"En referencia a las Marcas especiales, ¿cuál de las siguientes afirmaciones es INCORRECTA?"
fe20ca7c-f9b1-48cf-a48f-adfec61dbc36,15,Balizamiento,0,0,0,0.00,0.00,"En relación a las marcas cardinales, indique cuál de las siguientes afirmaciones es INCORRECTA:"
240ff58f-41f4-452f-b847-a0e57d47182d,15,Balizamiento,0,0,0,0.00,0.00,Las Marcas de Aguas Navegables pueden:
0969da7a-b3d2-46a6-bdd6-99eaee548c82,15,Balizamiento,0,0,0,0.00,0.00,Las marcas de aguas navegables son:
541efad9-cf8c-473d-bf60-e3113c84b0e2,15,Balizamiento,0,0,0,0.00,0.00,¿Cómo es la marca de tope de las Marcas laterales de estribor?
d3abd228-e62b-4eae-a212-6a66f77cd807,15,Balizamiento,0,0,0,0.00,0.00,"Las Marcas Laterales de babor de la región A, son de color:"
9f912043-f33a-4f40-8992-ba580d793a67,15,Balizamiento,0,0,0,0.00,0.00,Las Marcas de aguas navegables sirven para:
3801c17e-8816-4088-bad2-3a8f47938d97,15,Balizamiento,0,0,0,0.00,0.00,"En relación con las Marcas de Peligro Aislado, indique cuál de las siguientes afirmaciones es INCORR"
cde1a554-ae07-4b52-b2b9-9cd9a1cc3a02,15,Balizamiento,0,0,0,0.00,0.00,"Navegando, observamos por proa una luz blanca en grupo de dos destellos GpD (2). ¿Qué Marca es?"
08411a2e-72cd-4d75-8b08-c6d422dff8a6,15,Balizamiento,0,0,0,0.00,0.00,El objetivo principal de las Marcas especiales es:
aa1cc0d6-2346-4515-a1cf-aa996bd84180,15,Balizamiento,0,0,0,0.00,0.00,¿Dónde se encuentran las aguas navegables respecto a una Marca de Peligro Aislado?
c6eee892-08f1-4df8-b4c6-e0bf3233d917,16,Balizamiento,0,0,0,0.00,0.00,Una Marca Especial nunca se empleará para indicar o señalizar:
4d664b0b-2322-40c1-a47f-a9c5641b4de1,16,Balizamiento,0,0,0,0.00,0.00,La marca de tope de las marcas de peligro aislado será:
1d934612-d112-4c28-935b-5f822a7d5112,16,Balizamiento,0,0,0,0.00,0.00,¿Cuál de las siguientes afirmaciones sobre Marcas Especiales es INCORRECTA?
42a65425-5dc8-4733-8074-36ab43f70de4,16,Balizamiento,0,0,0,0.00,0.00,Las Marcas Laterales de la región A utilizadas para indicar el lado de babor son de:
62e1c835-3414-4bbc-a5a7-39bef357aebc,16,Balizamiento,0,0,0,0.00,0.00,Las marcas de tope de las Marcas cardinales serán siempre:
d03f15b9-27c3-44b3-b358-508cab1aae7c,16,Balizamiento,0,0,0,0.00,0.00,Las Marcas de Peligro Aislado son de color:
955e9936-01ed-4119-befd-32637af9da9a,16,Balizamiento,0,0,0,0.00,0.00,"En relación con las luces de las Marcas laterales de la región A, ¿qué modos de sincronización exist"
f344708e-e2c2-4965-8ee7-067440c891a8,16,Balizamiento,0,0,0,0.00,0.00,"Si avistamos una marca de peligro aislado, ¿qué maniobra es la más recomendable?"
72b24b43-8c84-4d42-a224-9f1c7e9439a0,16,Balizamiento,0,0,0,0.00,0.00,"La luz de la Marca de Peligro Aislado, si la tuviera, será de color:"
1579d3c0-39ab-4be1-ba86-e1f418e81726,16,Balizamiento,0,0,0,0.00,0.00,"La marca de tope de la Marca cardinal Este, son dos conos negros superpuestos:"
4d104891-73f7-4eea-9795-9d5eecbcb45a,16,Balizamiento,0,0,0,0.00,0.00,"Entrando en la Bahía de Santander, nos dirigimos a la Marina de Pedreña abandonando el canal princip"
d53d1118-648d-4f8a-8663-5c0b39e0ce55,16,Balizamiento,0,0,0,0.00,0.00,Las Marcas de aguas navegables:
a44c47a7-0ad1-416c-a5b2-260b2f36ad1c,16,Balizamiento,0,0,0,0.00,0.00,Las Marcas especiales:
943455ea-26a5-43fd-a6bc-13fc2d00a9a8,16,Balizamiento,0,0,0,0.00,0.00,Las Marcas de peligro aislado tienen una marca de tope formada por:
bbf6c75c-f3cf-4b57-9800-c018eca8846b,16,Balizamiento,0,0,0,0.00,0.00,"Navegando en la Ría de Vigo, avistamos una marca negra con varias bandas horizontales rojas. ¿Qué Ma"
69fdd7ba-058b-417d-91ea-b99838c1c98f,16,Balizamiento,0,0,0,0.00,0.00,Las Marcas especiales:
4cf360a6-98a1-4942-9e8c-c43604c9ab22,16,Balizamiento,0,0,0,0.00,0.00,"En relación con las Marcas Especiales, señale la opción CORRECTA."
a6154081-c5b4-4e5e-b20b-b6167e3c1cfe,16,Balizamiento,0,0,0,0.00,0.00,Una Marca Especial será de color:
f55ce4c4-3ddb-4ca9-8fa5-a15919f47b4d,16,Balizamiento,0,0,0,0.00,0.00,Las Marcas especiales:
3a53e091-75c4-4819-9cfd-7bf5c73d6053,16,Balizamiento,0,0,0,0.00,0.00,Las Marcas de peligro aislado son:
05109a24-380b-4c51-b212-3d843f3bdb40,16,Balizamiento,0,0,0,0.00,0.00,Las Marcas de peligro aislado tienen una marca de tope formada por:
cac15bc2-e709-47f9-b3ff-455c08da1885,16,Balizamiento,0,0,0,0.00,0.00,Las Marcas de Aguas Navegables incluyen:
26c5d950-b762-4828-92a1-497042af4ed6,16,Balizamiento,0,0,0,0.00,0.00,Las Marcas de Aguas Navegables incluyen:
a54caad6-e45d-4479-bef3-6ec6f6511de5,16,Balizamiento,0,0,0,0.00,0.00,¿Qué color y forma tendrá una señal lateral de la región A de babor?
9435d138-35b1-4c81-85a8-88f464b1afd0,16,Balizamiento,0,0,0,0.00,0.00,"La “dirección convencional de balizamiento” que usamos con las marcas laterales, puede ser la"
4f762df8-035e-49d4-91fb-0cbfcc2e603e,16,Balizamiento,0,0,0,0.00,0.00,"Si, en la región A, observamos una Marca lateral modificada con bandas horizontales rojas o verdes, "
0acd4f07-2954-41bd-9ef7-7864fd9be873,16,Balizamiento,0,0,0,0.00,0.00,"En referencia a las Marcas Especiales, su marca de tope, si tuviera, sería:"
4938cf61-bd54-4bac-ad98-d5d4843cf543,16,Balizamiento,0,0,0,0.00,0.00,¿A qué tipo de marca le corresponde un espeque de color negro con una banda ancha horizontal roja?
e552b014-cc55-4043-827f-2c32e54cd0ea,16,Balizamiento,0,0,0,0.00,0.00,Las Marcas de Aguas Navegables se usan para indicar:
4f18a0f7-3493-4c9e-9353-e3a4b05584de,16,Balizamiento,0,0,0,0.00,0.00,"En relación con las Marcas Especiales, indique la afirmación CORRECTA."
2bd505fa-e106-4729-9a71-3139eba940a4,16,Balizamiento,0,0,0,0.00,0.00,Las Marcas de Aguas Navegables son:
5ab054b8-df4d-49c1-bfa0-379a47be5864,16,Balizamiento,0,0,0,0.00,0.00,Señale la afirmación que NO aplica a las Marcas Especiales:
65363d86-fdbf-4a6c-af7c-20e233660083,16,Balizamiento,0,0,0,0.00,0.00,¿Qué forma tendrá la marca de tope de una marca lateral de bifurcación de la región A que indique el
3572fd8e-ba26-4094-ae86-500ba9cc2004,16,Balizamiento,0,0,0,0.00,0.00,En las marcas especiales:
3a6c862c-131d-4b01-8396-d63bc6b1fa53,16,Balizamiento,0,0,0,0.00,0.00,Las Marcas Cardinales se usan para indicar:
7023983e-ba96-437d-87d2-c770f8c4845b,16,Balizamiento,0,0,0,0.00,0.00,La marca de tope de una Marca Cardinal Norte es:
a9b0107c-ce29-49ef-a65e-c900f789bebd,16,Balizamiento,0,0,0,0.00,0.00,Las Marcas especiales:
4c2c5c48-0bca-4a20-9b90-46ee1bc5574b,16,Balizamiento,0,0,0,0.00,0.00,La marca de tope de una Marca Cardinal Este tiene conos superpuestos:
651c09a1-216f-49d2-a6c4-e12c8d82eafa,16,Balizamiento,0,0,0,0.00,0.00,Las Marcas especiales:
166eb096-aa6b-4a32-973c-c655ca61ca80,16,Balizamiento,0,0,0,0.00,0.00,Si al entrar a un puerto vemos una marca cilíndrica de color rojo:
4f103b52-154f-47cc-b2b7-f416771833c4,16,Balizamiento,0,0,0,0.00,0.00,"Entrando en un puerto vemos una boya cónica de color verde con una banda roja en el medio, ¿qué indi"
dc350b6d-fb57-451e-b367-8bd4d04baed3,16,Balizamiento,0,0,0,0.00,0.00,El color de las Marcas Especiales es:
a6451dbb-53af-42aa-9c26-0d14868af555,16,Balizamiento,0,0,0,0.00,0.00,La marca de tope en las marcas de aguas navegables:
77d07a6a-4953-4494-8cd4-292dc11290a6,16,Balizamiento,0,0,0,0.00,0.00,"Las Marcas de Peligro Aislado, si tienen luz, esta será:"
c606db24-3303-42d8-975d-107d75547563,16,Balizamiento,0,0,0,0.00,0.00,Las Marcas de aguas navegables tendrán:
dcd9e148-7e4e-4d6d-85aa-7c81e38b2738,16,Balizamiento,0,0,0,0.00,0.00,Las Marcas especiales:
8c39453c-defe-4a7a-91a3-eb93ad7f85e8,16,Balizamiento,0,0,0,0.00,0.00,Las Marcas de Peligro Aislado se utilizan para indicar:
a08a503c-2f85-4645-88ae-20695d165ad0,16,Balizamiento,0,0,0,0.00,0.00,"En la región A, ¿qué indica una Marca lateral cónica de color verde con una banda ancha horizontal r"
559df384-77ce-4be5-811c-65a6f827d7ca,16,Balizamiento,0,0,0,0.00,0.00,¿Qué grupo de destellos y qué color tendrá la luz de una Marca de peligro aislado?
c450aa5e-205c-4c82-b826-0c63ecb849e9,16,Balizamiento,0,0,0,0.00,0.00,"Navegando de entrada en Puerto Sherry, avistamos por proa una boya cilíndrica roja, ¿cuál sería la m"
3bb769de-6284-44ab-8d5a-d1f235dd02df,16,Balizamiento,0,0,0,0.00,0.00,Una Marca Especial será de color:
8c4dcac5-800d-47cc-a780-f581d9c0b3e0,16,Balizamiento,0,0,0,0.00,0.00,Las Marcas Especiales:
b645687e-ed41-40cb-a06f-7634ca36aebb,16,Balizamiento,0,0,0,0.00,0.00,Las Marcas de Aguas Navegables:
e75f4238-20e9-4d3e-91e3-63cc9746bd18,16,Balizamiento,0,0,0,0.00,0.00,La forma de las Marcas de aguas navegables es:
eee807c2-5e90-4b45-b17b-7f5ddb099760,16,Balizamiento,0,0,0,0.00,0.00,"En las marcas de aguas navegables, su marca de tope es:"
96d813fd-3139-4281-80ee-cfd5110dfdb2,17,Balizamiento,0,0,0,0.00,0.00,Las Marcas de aguas navegables:
870050e5-dab6-4002-bb14-e51aba8d9aeb,17,Balizamiento,0,0,0,0.00,0.00,"Cuando la visibilidad no es buena, los ritmos de las luces amarillas de las Marcas especiales pueden"
00dc0107-b16d-4af0-9b4e-e81a88c8a153,17,Balizamiento,0,0,0,0.00,0.00,"¿Qué tipo de marcas están rodeadas de aguas seguras, pero no señalan ningún peligro?"
6b8cab46-2c81-42b8-951d-ae2e7d50564d,17,Balizamiento,0,0,0,0.00,0.00,En las Marcas de aguas navegables:
8b20f162-51a2-4020-81a2-8b27b10cc0c9,17,Balizamiento,0,0,0,0.00,0.00,"En las marcas de aguas navegables, su marca de tope es:"
e8fc7249-1825-4342-91e6-1d2fa3606ad2,17,Balizamiento,0,0,0,0.00,0.00,"En relación con las Marcas de Peligro Aislado, indique cuál de las siguientes afirmaciones es CORREC"
6fda3060-0d52-40f4-a7de-8c90b482f667,17,Balizamiento,0,0,0,0.00,0.00,"Si, en la región A, observamos una Marca lateral modificada con bandas horizontales rojas o verdes, "
75cbb69d-9fc5-47b5-97d1-20aca8a72377,17,Balizamiento,0,0,0,0.00,0.00,¿Qué marcas emiten una luz de color blanco y ritmo en grupos de dos destellos?
e5a94792-7255-4ec9-8c93-be4f9d261939,17,Balizamiento,0,0,0,0.00,0.00,"Recalando de noche, avistamos por el través de babor una luz roja con un ritmo de destello en grupos"
3744b2da-56c8-4150-a669-a736248f484f,17,Balizamiento,0,0,0,0.00,0.00,El color de las Marcas de Peligro Aislado es:
da079ad1-9be7-41e1-89a4-bc3636dc8790,17,Balizamiento,0,0,0,0.00,0.00,Las marcas de aguas navegables pueden utilizarse para indicar:
8c96dd2d-c16e-4082-ad35-58887f14fea3,17,Balizamiento,0,0,0,0.00,0.00,"En la región A, ¿qué indica una Marca lateral cónica de color verde con una banda ancha horizontal r"
d3a51153-80f7-4441-acfe-af8625bbb4d8,17,Balizamiento,0,0,0,0.00,0.00,En las Marcas de aguas navegables:
93ae0869-5270-4026-bd5b-b894992cd5d1,17,Balizamiento,0,0,0,0.00,0.00,"El ritmo de la luz de la Marca de aguas navegables es isofase, de ocultaciones:"
8da067da-e69e-46be-8454-ccde0c02a9e6,17,Balizamiento,0,0,0,0.00,0.00,"En relación con las Marcas de Peligro Aislado, indique cuál de las siguientes afirmaciones es CORREC"
75832195-6d19-4e5b-ab17-e5f4e4246707,17,Balizamiento,0,0,0,0.00,0.00,Las Marcas de Aguas Navegables se usan para indicar:
10e65fef-f849-49e7-a87f-7519056dfcf2,17,Balizamiento,0,0,0,0.00,0.00,Una Marca Lateral que indique canal principal a babor será:
aec3e27d-21f2-42ab-9f99-6cf13e9193e2,17,Balizamiento,0,0,0,0.00,0.00,Es una marca especial:
d76c6498-ac62-4712-a785-e082c75a304c,17,Balizamiento,0,0,0,0.00,0.00,Una Marca Lateral que indique canal principal a babor será:
fc651acf-2063-4664-b6c1-9689d6dcd9c7,17,Balizamiento,0,0,0,0.00,0.00,"En relación con las Marcas Especiales, indique la afirmación CORRECTA."
94464614-9540-4341-aa24-8a8d6ddb042c,17,Balizamiento,0,0,0,0.00,0.00,El color de las Marcas de Peligro Aislado es:
af4cd8f9-0e73-4fa6-b0a8-514d7b1d9f00,17,Balizamiento,0,0,0,0.00,0.00,¿Qué indica una Marca Cardinal?
77a108a6-7f49-49b5-8ad9-0364b37e7f49,17,Balizamiento,0,0,0,0.00,0.00,Ante una Marca de peligro aislado el navegante deberá:
7b3a268a-35ed-4069-a139-0ae955a05982,17,Balizamiento,0,0,0,0.00,0.00,La Marca de Peligro Aislado:
31f8d4ae-3eb5-43c6-b637-ca0db1b23099,17,Balizamiento,0,0,0,0.00,0.00,"Cuando la visibilidad no es buena, los ritmos de las luces amarillas de las Marcas especiales pueden"
c7062003-d754-48cc-92a8-f03896e02124,17,Balizamiento,0,0,0,0.00,0.00,Las Marcas especiales indican una zona o una configuración particular cuya naturaleza exacta está in
de93fefc-17ae-474b-aa4f-259948bff07f,17,Balizamiento,0,0,0,0.00,0.00,Si avistamos una marca de color negro con una ancha banda horizontal amarilla coronada por dos conos
e2a9ee39-6a71-4ea2-8c74-6fcf6d7542a4,17,Balizamiento,0,0,0,0.00,0.00,Las Marcas de Aguas Navegables pueden:
410e1d51-684d-4f36-8634-f0365f0b0779,17,Balizamiento,0,0,0,0.00,0.00,Ante una Marca de peligro aislado el navegante deberá:
96f51e51-ae90-4f59-8430-2fc2bc266828,17,Balizamiento,0,0,0,0.00,0.00,"Navegando se observa de manera más inmediata por estribor una boya con forma de cono verde, esto sig"
3d7d5e43-0f7d-430d-a2aa-4424cfcf336e,17,Balizamiento,0,0,0,0.00,0.00,Las Marcas de Aguas Navegables:
e6aa1389-4d35-4fcf-8cfd-a7735a9f7db0,17,Balizamiento,0,0,0,0.00,0.00,Las Marcas Laterales de la región A utilizadas para indicar el lado de babor son de:
0edb9bdc-8bed-4cc5-9b5d-339952c202b0,17,Balizamiento,0,0,0,0.00,0.00,Las Marcas de aguas navegables pueden utilizarse:
857b6af9-3338-4735-bafe-13747af4c870,17,Balizamiento,0,0,0,0.00,0.00,La marca de tope de una Marca Cardinal Este tiene conos superpuestos:
78449c79-eb10-47df-bd5b-43f656ebde5b,17,Balizamiento,0,0,0,0.00,0.00,Cuando la luz de una Marca cardinal tiene un ritmo de 3 centelleos muy rápidos o rápidos seguidos de
d1fa18b7-f4f1-4f5d-a473-ea2b4e352d4d,17,Balizamiento,0,0,0,0.00,0.00,La marca de tope de una Marca Cardinal Norte es:
d836c123-1c0b-429f-8586-08f9410262bb,17,Balizamiento,0,0,0,0.00,0.00,Las marcas especiales:
8e139ee9-27b7-43d2-8342-1678ff86738d,17,Balizamiento,0,0,0,0.00,0.00,La naturaleza de las Marcas Especiales:
5db534af-e790-4170-b775-63cba97169b6,17,Balizamiento,0,0,0,0.00,0.00,Si navegando observamos una Marca cardinal con una banda negra entre dos bandas amarillas y con una 
51731ffc-ca95-40c7-a9b8-b3440038ad8e,17,Balizamiento,0,0,0,0.00,0.00,Las marcas de aguas navegables pueden utilizarse para indicar:
e37ed1ac-b2c1-41d0-9e8e-11bcb4560b0a,17,Balizamiento,0,0,0,0.00,0.00,Las Marcas de Peligro Aislado son de color:
18ff92ab-bad5-49ed-9574-1996d82b31d7,17,Balizamiento,0,0,0,0.00,0.00,"¿Por qué demoras verdaderas, tomadas desde el punto a balizar, está limitado el cuadrante Sur en las"
b2fc7863-ab6f-4bb9-8419-446d03981328,17,Balizamiento,0,0,0,0.00,0.00,"Arribando de noche al puerto deportivo de Cangas, vemos por proa una luz roja en grupos de 2+1 deste"
645d4ea5-7d6a-471c-95a7-dff1482e9f23,17,Balizamiento,0,0,0,0.00,0.00,"Recalando de noche, avistamos por el través de babor una luz roja con un ritmo de destello en grupos"
1fecb403-1836-4d39-939f-8272d86dc154,17,Balizamiento,0,0,0,0.00,0.00,La marca de tope de una marca cardinal Oeste será:
77761b3d-9121-4752-81f2-fe577729e7f9,17,Balizamiento,0,0,0,0.00,0.00,¿Dónde se encuentran las aguas navegables respecto a una Marca de Peligro Aislado?
067bee5d-21d5-4b5c-9da4-b14fdd00f7db,17,Balizamiento,0,0,0,0.00,0.00,Las marcas especiales:
8fa6286b-828d-4553-b066-d9f0604d2443,17,Balizamiento,0,0,0,0.00,0.00,La naturaleza de las Marcas Especiales:
92dfa971-d4cb-43f9-a097-460767b119ab,17,Balizamiento,0,0,0,0.00,0.00,"Arribando de noche a la marina de Punta Lagoa, vemos por proa una luz roja en grupos de 2+1 destello"
b2f1060c-c6ab-4ed2-a1eb-797c153594de,17,Balizamiento,0,0,0,0.00,0.00,En las marcas especiales:
dbb14627-78c9-4bba-b26f-3631e9e515da,42,Carta de navegación,0,0,0,0.00,0.00,"El 04 de septiembre de 2021 en Rota, se pide calcular las Horas Oficiales (Ho) de la última pleamar"
50a2730e-7437-4f76-9b2d-5a82eb61b2b8,42,Carta de navegación,0,0,0,0.00,0.00,"Dadas las coordenadas del punto con latitud 36º 07,3'N y Longitud 005º 45,8'W, sitúelo en la carta e"
7d28cb14-269b-454b-9d98-b4a56c5edcd5,42,Carta de navegación,0,0,0,0.00,0.00,"Navegando en una embarcación en aguas de Bilbao, el día 26 de abril de 2025, sabemos que la"
15c7e46f-0472-4531-98a4-ff61d67a2dda,42,Carta de navegación,0,0,0,0.00,0.00,"Hallar la sonda en el momento de la primera bajamar, el día 09 de diciembre de 2022 en Algeciras,"
d37d252c-4d4f-467f-877f-3bcbe0bb01a9,42,Carta de navegación,0,0,0,0.00,0.00,"Siendo Hrb 14:00 situados en el veril (línea isobática) de los 200 metros, navegando con rumbo de ag"
07028b60-ae55-471e-8f26-0593181d0b82,42,Carta de navegación,0,0,0,0.00,0.00,"Año 2021, una embarcación situada a 1,5´ al SE del faro de Isla de Tarifa navega hacia el NE buscand"
cf345f1a-c767-4204-8c2f-db516fa33a0b,42,Carta de navegación,0,0,0,0.00,0.00,Nos encontramos en las inmediaciones del dispositivo de separación de tráfico del Estrecho de Gibral
ba857141-cc85-4361-b320-b675435f0167,42,Carta de navegación,0,0,0,0.00,0.00,"Siendo Hrb 14:00 situados en el veril (línea isobática) de los 200 metros, navegando con rumbo de ag"
d20d73bb-e3d0-48d3-856d-4ec96f0d5de1,42,Carta de navegación,0,0,0,0.00,0.00,¿Cuál de los siguientes puntos tiene una sonda en la carta inferior a 10 metros?
3d053b8a-ecdf-4850-875f-8c11b9c49857,42,Carta de navegación,0,0,0,0.00,0.00,Navegando por el Estrecho de Gibraltar tomamos en el radar una distancia al Faro de Isla Tarifa de 5
6c7ac333-896c-4850-b56d-47372e95d12a,42,Carta de navegación,0,0,0,0.00,0.00,"A Hrb: 08:00, navegando con rumbo de aguja= 355° y un desvío= 3°(-), se toman simultáneamente las si"
8477e8bf-e4fd-42ca-8196-6e0c667720ea,42,Carta de navegación,0,0,0,0.00,0.00,"A Hrb: 10:00, navegando con un desvío de aguja de 3°(-) tomamos simultáneamente demora de aguja a Is"
851714bc-7b6d-4118-924f-20088f266f2a,42,Carta de navegación,0,0,0,0.00,0.00,Calcular la situación verdadera de una embarcación que se encuentra situada en la zona de precaución
6b9e1952-b63f-48f9-bc5b-163192cec2a8,42,Carta de navegación,0,0,0,0.00,0.00,"A las 17:00 Hrb, navegando al rumbo verdadero 270°, tomamos una demora de aguja al Faro de Cabo Espa"
af083cbf-2160-4f1e-bf0c-0b6ec16313d6,42,Carta de navegación,0,0,0,0.00,0.00,"¿Qué objeto se encuentra en la siguiente posición: Latitud 36º08,2´N / Longitud 005º55´W?"
81f528a9-9367-4dd6-85be-f86b8f468f99,42,Carta de navegación,0,0,0,0.00,0.00,"El día 29 de junio, al ser Hrb = 11:30, navegando a Ra= 208º, Ct= 2º (+), nos encontramos en la opos"
06308e14-f091-4ccf-9af3-c2c0d0a5c731,42,Carta de navegación,0,0,0,0.00,0.00,A las 12:00 horas (GMT + 2) del 12 de junio de 2024 nos encontramos en la enfilación de los Faros de
3cbdb4e9-a56f-40bb-9c50-9eebc5754c6a,42,Carta de navegación,0,0,0,0.00,0.00,Nos encontramos el día 24 de mayo de 2022 en el Faro de Cabo Trafalgar y queremos poner rumbo para p
c26090d4-bd01-4a88-aa4f-31215131b178,42,Carta de navegación,0,0,0,0.00,0.00,Encontrándonos el día 5 de diciembre de 2022 a las 12:58 UTC en un lugar de sonda en la carta de ese
ee290600-6ab0-4a63-8515-d19f5a134897,42,Carta de navegación,0,0,0,0.00,0.00,"Sabiendo que nuestra embarcación a Hrb 12:00 está a 5 millas de Cabo Espartel, tomamos demora verdad"
b05ec1f6-f560-4f16-a947-4d6388d2847f,42,Carta de navegación,0,0,0,0.00,0.00,"Determine las coordenadas de una embarcación situada a 6 millas del Cabo Espartel y a 5,5 millas de "
5eb53473-1e4b-4eef-b6f7-4e1ce7207af0,42,Carta de navegación,0,0,0,0.00,0.00,"A las 09:00 Hrb, navegando al rumbo verdadero 090° en las proximidades del Puerto de Barbate, tomamo"
da21500e-a9ce-4415-a95f-e154644c77fe,42,Carta de navegación,0,0,0,0.00,0.00,"A HRB= 10:00, tomamos simultáneamente Demora de aguja al Faro de Punta Europa = 359º y Demora de agu"
a7c4bd4e-b647-4831-a3b1-ad04fb7dd0e8,42,Carta de navegación,0,0,0,0.00,0.00,"A Hrb: 10:00, navegando con un desvío de aguja de 3°(-) tomamos simultáneamente demora de aguja a Is"
483eaacb-ef72-40e7-9eb8-358571093a1a,42,Carta de navegación,0,0,0,0.00,0.00,"Sabiendo que nuestra embarcación a Hrb 12:00 está a 5 millas de Cabo Espartel, tomamos demora verdad"
deaf350c-ed5c-47ca-a9a6-cc3e9b704622,42,Carta de navegación,0,0,0,0.00,0.00,Nos encontramos el día 24 de mayo de 2022 en el Faro de Cabo Trafalgar y queremos poner rumbo para p
5ccd53ee-c98b-460d-a7e2-ed3b13782461,42,Carta de navegación,0,0,0,0.00,0.00,"Siendo Hrb= 11:00, navegando con rumbo de aguja= 288° y un desvío= 3° (-) se toma marcación al Faro "
28a412de-fd4c-4f5d-a982-aa6f1872a2d2,42,Carta de navegación,0,0,0,0.00,0.00,¿Cuál es la distancia entre Punta Leona y Punta Kalúli o Sainar?
3f54cb99-aba2-4355-a7f5-78a99fda2aaa,42,Carta de navegación,0,0,0,0.00,0.00,"Encontrándonos con nuestra embarcación en la oposición Isla Tarifa – Punta Alcázar, tomamos simultán"
ad489fb9-0a05-46d3-ab88-85b6e0e1c417,42,Carta de navegación,0,0,0,0.00,0.00,"Navegando a rumbo de aguja 297º, se toma simultáneamente marcación del Faro de Cabo Espartel = 275º "
e78846f3-11eb-42c4-902f-1574bbb38696,42,Carta de navegación,0,0,0,0.00,0.00,Entrando en el puerto de Vigo el día 23 de noviembre de 2024 nos encontramos en un lugar de
255892a4-6fb7-4498-af9e-55aaf82819fb,42,Carta de navegación,0,0,0,0.00,0.00,"¿Qué distancia (d) se tiene entre la posición A (l = 36º 20,0´N L = 006º 19,0´W) y la posición B (l "
d539a8c3-24b3-4218-ab58-6370a374897c,42,Carta de navegación,0,0,0,0.00,0.00,"Determine las coordenadas de una embarcación situada a 6 millas del Cabo Espartel y a 5,5 millas de "
2a66ac28-e27c-4500-9c20-ec7b274acf5f,42,Carta de navegación,0,0,0,0.00,0.00,"A Hrb: 08:00, navegando con rumbo de aguja= 355° y un desvío= 3°(-), se toman simultáneamente las si"
b4f5ae37-1d81-47f2-a4d9-beadebcbe3cb,42,Carta de navegación,0,0,0,0.00,0.00,"Hallar la sonda en el momento de la primera bajamar el día 07 de noviembre de 2023 en Algeciras,"
b7dea1f9-08f3-4ced-a28d-fee3e7f872d3,42,Carta de navegación,0,0,0,0.00,0.00,Nos encontramos en las inmediaciones del dispositivo de separación de tráfico del Estrecho de Gibral
34f6ddcb-318d-4ea9-8a49-65912b218fa4,42,Carta de navegación,0,0,0,0.00,0.00,"A Hrb= 09:00 nos encontramos situados al Sur verdadero de Isla Tarifa, cuando con nuestra aguja obte"
e9d1df19-7481-4e15-b46d-1c64751dffba,42,Carta de navegación,0,0,0,0.00,0.00,Nuestra embarcación navega enfilando Punta Carnero y Punta Europa y al tener Punta Almina con demora
9f79a943-4dfb-4430-b6c4-6caba85af1a5,42,Carta de navegación,0,0,0,0.00,0.00,"¿Qué distancia (d) se tiene entre la posición A (l = 36º 20,0´N L = 006º 19,0´W) y la posición B (l "
559404c7-8c18-4bd9-9b90-6e88ef4830d9,42,Carta de navegación,0,0,0,0.00,0.00,"Navegando a Hrb=10:00 a Rumbo de aguja=S50°W, con una Velocidad de máquinas de 12 nudos, tomamos mar"
85adadee-6f7a-4fc6-a060-cb197bc2ded3,42,Carta de navegación,0,0,0,0.00,0.00,"Navegando obtenemos una demora de aguja al faro de Cabo Trafagar de 315°, simultáneamente tomamos ot"
8e6c1076-4a38-49a7-b20c-2d1d984dfdfc,42,Carta de navegación,0,0,0,0.00,0.00,"Siendo Hrb= 11:00, navegando con rumbo de aguja= 288° y un desvío= 3° (-) se toma marcación al Faro "
33234cc3-bf1e-4d91-a63a-aba50a9e184a,42,Carta de navegación,0,0,0,0.00,0.00,"Calcular la sonda en la primera bajamar del día 16 de octubre de 2021 en el puerto de Rota, si la"
43730f8e-ed60-4f5d-ac7b-1fd4cbef426a,42,Carta de navegación,0,0,0,0.00,0.00,"Encontrándonos a Hrb=10:00 en la oposición Cabo Trafalgar­Cabo Espartel, con un desvío de aguja de 6"
3423238f-31ca-469f-8705-ad48ead52778,42,Carta de navegación,0,0,0,0.00,0.00,"Partiendo del punto medio entre la oposición de los faros Punta Carnero y Punta Europa, dirigiéndono"
a8dbdc9d-fbec-4234-8250-658c8ccc3b8f,42,Carta de navegación,0,0,0,0.00,0.00,"A HRB= 10:00, tomamos simultáneamente Demora de aguja al Faro de Punta Europa = 359º y Demora de agu"
3a4bdc8f-8903-496a-a329-be79eb2dc7f8,42,Carta de navegación,0,0,0,0.00,0.00,"Encontrándonos con nuestra embarcación en la oposición Isla Tarifa – Punta Alcázar, tomamos simultán"
8daeaab8-1964-469f-bca0-9ca37ea1c6a4,42,Carta de navegación,0,0,0,0.00,0.00,"Determine la posición de una embarcación situada en la oposición Cabo Trafalgar – Punta de Gracia, q"
c597b79a-e98b-49ca-9a1e-04b0a32f6e11,42,Carta de navegación,0,0,0,0.00,0.00,"El día 29 de junio, al ser Hrb = 11:30, navegando a Ra= 208º, Ct= 2º (+), nos encontramos en la opos"
566dfb43-f700-49e1-b584-46c8034c4bcf,42,Carta de navegación,0,0,0,0.00,0.00,¿Cuál es la situación de nuestra embarcación si estamos a 5 millas de Punta Paloma y con una demora 
64706078-0751-4c53-ad5f-01864c25f526,42,Carta de navegación,0,0,0,0.00,0.00,Entrando en el puerto de Vigo el día 23 de noviembre de 2024 nos encontramos en un lugar de
20fc1d7b-8c9b-404b-839f-2b523da010f8,42,Carta de navegación,0,0,0,0.00,0.00,"El día 16 de octubre de 2020, nos encontramos atracados en el puerto de Chipiona, en un lugar"
d49e84bc-5309-4402-a192-6cceea849556,42,Carta de navegación,0,0,0,0.00,0.00,Obtenga la situación sabiendo que estamos en la oposición de Punta Cires con Punta Carnero y tenemos
1c88cd22-cb05-4125-83e0-b9aaf5d377c2,42,Carta de navegación,0,0,0,0.00,0.00,"Navegando a Hrb=10:00 a Rumbo de aguja=S50°W, con una Velocidad de máquinas de 12 nudos, tomamos mar"
07c0afa8-cd1f-4f54-b2f7-30543a626b9c,42,Carta de navegación,0,0,0,0.00,0.00,"A Hrb= 09:00 nos encontramos situados al Sur verdadero de Isla Tarifa, cuando con nuestra aguja obte"
4bf14b74-a62a-4e4e-ae9f-b44406ef3acb,42,Carta de navegación,0,0,0,0.00,0.00,"Navegando al rumbo verdadero 312º, tomamos marcación por estribor del faro de Punta Paloma de 25º, y"
786b05b6-d745-4334-af10-ecad92354258,42,Carta de navegación,0,0,0,0.00,0.00,Partiendo de las siguientes coordenadas: 36º05´N; 006º20´W damos rumbo para pasar a 6 millas al sur 
333578bb-5246-4e93-9577-51c6dff07a54,42,Carta de navegación,0,0,0,0.00,0.00,Situados en la oposición de los Faros de Cabo Trafalgar y Punta de Gracia sabemos que nos encontramo
6840a090-9f6b-4dfb-bcdb-2944c4693c40,42,Carta de navegación,0,0,0,0.00,0.00,El día 12 de diciembre de 2021 nos encontramos navegando en las inmediaciones del puerto de
29e508cb-8b95-4106-a4cd-797b09697248,42,Carta de navegación,0,0,0,0.00,0.00,Siendo Hrb=11:00 obtenemos simultáneamente desde nuestra embarcación demora de aguja del faro de Isl
25b8f5c3-611a-4f92-9370-5163d039bad6,42,Carta de navegación,0,0,0,0.00,0.00,"Hallar la sonda en el momento de la primera bajamar del día 06 de junio de 2023 en Algeciras, con"
a344ae41-d860-4472-bec5-f1abf08dd733,42,Carta de navegación,0,0,0,0.00,0.00,"A Hrb = 08:00, navegando con rumbo de aguja 265° y un desvío de 3°(-), situados en la oposición de l"
e0af72d4-eb74-47ba-b959-f7f6cfd59ba6,42,Carta de navegación,0,0,0,0.00,0.00,"Navegando en una embarcación en aguas de Bilbao, el día 26 de abril de 2025, sabemos que la"
72abd254-b778-4ff0-92e8-8bfead6f43b9,42,Carta de navegación,0,0,0,0.00,0.00,"El día 16 de octubre de 2021, a las HRB: 13:12 con Rumbo verdadero 295º tomamos una marcación por es"
47d4689a-bb9c-4c93-9c0c-5c4cfaff053a,42,Carta de navegación,0,0,0,0.00,0.00,"Navegando en una embarcación en aguas de Bilbao, el día 26 de abril de 2025, sabemos que la"
7ccf6f9a-75d3-4093-b932-754e0bb54bdb,42,Carta de navegación,0,0,0,0.00,0.00,Partiendo de la situación conocida latitud: 39º 20' N y Longitud: 016º 45'W se navega a rumbo de -3º
f7277118-3383-47dd-a2f8-92f36f30afcc,42,Carta de navegación,0,0,0,0.00,0.00,"Encontrándonos el día 26 de marzo en el puerto de San Juan de Nieva a las 02:12 Hora Oficial, en Ind"
9ad2e8f3-0180-4b83-8760-66355e0b2bce,42,Carta de navegación,0,0,0,0.00,0.00,"Navegando en una embarcación en aguas de Bilbao, el día 26 de abril de 2025, sabemos que la"
82e75ada-56ec-414c-8318-864da6843fa6,42,Carta de navegación,0,0,0,0.00,0.00,Nos encontramos navegando al rumbo de aguja 308°. A HRB = 02:45 del día 3 de noviembre de 2021 tomam
e4082723-1da2-4411-ab0c-fd4f721e3335,42,Carta de navegación,0,0,0,0.00,0.00,"Navegando a las 10:22 Hrb, con un Rumbo de aguja= 140° con una declinación magnética de 5°(-) y un d"
d1a383f5-28fd-4775-bcfb-abf8e69b3c2b,42,Carta de navegación,0,0,0,0.00,0.00,Partiendo de la situación conocida latitud: 39º 20' N y Longitud: 016º 45'W se navega a rumbo de -3º
e2b2955a-1c5b-4b9c-9893-5a2d21b473aa,42,Carta de navegación,0,0,0,0.00,0.00,"El día 16 de octubre de 2021, a las HRB: 13:12 con Rumbo verdadero 295º tomamos una marcación por es"
68fecf1f-9719-4906-a195-72a823f0ec18,42,Carta de navegación,0,0,0,0.00,0.00,"El día 22 de abril de 2023, navegando a vela a una velocidad de 4 nudos nos dirigimos desde latitud:"
01f78f6f-4f3c-4151-a5bf-139b25ec1d42,42,Carta de navegación,0,0,0,0.00,0.00,"El 04 de septiembre de 2021 en Rota, se pide calcular las Horas Oficiales (Ho) de la última pleamar"
0701f5b1-b36e-4651-bb31-ce9c8cde5512,42,Carta de navegación,0,0,0,0.00,0.00,"Navegando a las 10:22 Hrb, con un Rumbo de aguja= 140° con una declinación magnética de 5°(-) y un d"
818c4118-da6e-49bb-99cb-64d63b1774a0,42,Carta de navegación,0,0,0,0.00,0.00,"El día 22 de abril de 2023, navegando a vela a una velocidad de 4 nudos nos dirigimos desde latitud:"
e4372ca2-ef1a-4813-818c-14544a64f882,42,Carta de navegación,0,0,0,0.00,0.00,Encontrándonos el día 5 de diciembre de 2022 a las 12:58 UTC en un lugar de sonda en la carta de ese
29cc6ee0-8142-47aa-b854-82c361324bdc,42,Carta de navegación,0,0,0,0.00,0.00,"A Hrb=12:00, navegando con rumbo de aguja= 095° y un desvío= 3° (-), situados en la oposición de los"
532a189b-cacc-43ba-bd9a-5ba33f817908,42,Carta de navegación,0,0,0,0.00,0.00,"Situados a 3,5 millas al sur verdadero del faro de Cabo Trafalgar del día 5 de abril de 2013 con una"
a4591ac9-4f18-4459-8baf-87dc4df66875,42,Carta de navegación,0,0,0,0.00,0.00,Hallar la sonda en el momento de la primera bajamar el día 16 de octubre de 2022 en Algeciras con
a2a00704-0715-4d60-ba7e-0949cd9dfc2f,42,Carta de navegación,0,0,0,0.00,0.00,"A las 09:00 Hrb, navegando al rumbo verdadero 090° en las proximidades del Puerto de Barbate, tomamo"
e43cd6aa-ab3b-423c-b2e5-3e1a3ebb6780,42,Carta de navegación,0,0,0,0.00,0.00,Nuestra embarcación está en la oposición de los faros de Cabo Trafalgar y Punta de Gracia y se obtie
ec045521-298b-40b4-b65f-75cf7f6690cf,42,Carta de navegación,0,0,0,0.00,0.00,Nos encontramos navegando al rumbo de aguja 308°. A HRB = 02:45 del día 3 de noviembre de 2021 tomam
a9ad6afe-76f4-47ca-996c-fe15b6be77e2,43,Carta de navegación,0,0,0,0.00,0.00,Nuestra embarcación navega enfilando Punta Carnero y Punta Europa y al tener Punta Almina con demora
1bb96bc2-185c-4837-b43e-08f6c0af3c05,43,Carta de navegación,0,0,0,0.00,0.00,"El día 23 de noviembre, al ser Hrb: 10:00, encontrándonos a 3 millas al norte de Cabo Espartel, damo"
3f6e4645-5077-4add-adca-1cd637ce221d,43,Carta de navegación,0,0,0,0.00,0.00,"Siendo HRB= 10:45, nuestra embarcación navega al Ra= 281º con una declinación magnética de 4º W y un"
552dcea4-48e9-4247-ad5f-bcd90d7ad244,43,Carta de navegación,0,0,0,0.00,0.00,"Navegando obtenemos una demora de aguja al faro de Cabo Trafagar de 315°, simultáneamente tomamos ot"
fa46da07-8a67-4dae-89c4-a9b3fe9051d2,43,Carta de navegación,0,0,0,0.00,0.00,El día 7 de diciembre de 2022 a las 17:45 UTC nos encontramos navegando al rumbo de aguja 275°. En e
3b2878b0-d86d-4c37-a0c3-2547ea6630c2,43,Carta de navegación,0,0,0,0.00,0.00,¿Cuál es la distancia entre los faros de Cabo Trafalgar y Punta Círes?. Se pide precisión en el resu
7aade994-79cb-4f8f-b2ee-a3ae4fbb1748,43,Carta de navegación,0,0,0,0.00,0.00,"El día 18 de diciembre de 2010 a HRB: 11:42, situados en l: 36º 01´N L: 006º 01´W navegamos con rumb"
116db8ae-cf0b-44e6-b664-60f12cdd1763,43,Carta de navegación,0,0,0,0.00,0.00,Nos encontramos en la oposición Faro de Punta Gracia – Faro de Punta Malabata. En ese momento obtene
13e3c984-009f-4b86-baa0-ec20ed63e5b2,43,Carta de navegación,0,0,0,0.00,0.00,"Determine la posición de una embarcación situada en la oposición Cabo Trafalgar – Punta de Gracia, q"
cc349bfe-1d43-44d1-af8a-37a9c7ee3bed,43,Carta de navegación,0,0,0,0.00,0.00,"A las 14:00 Hrb, navegando al rumbo verdadero 015°, tomamos una demora de aguja al Faro de Ras El As"
0f45981f-f80c-42e9-9c4b-1928f7ed4aa2,43,Carta de navegación,0,0,0,0.00,0.00,"Partiendo del punto medio entre la oposición de los faros Punta Carnero y Punta Europa, dirigiéndono"
1e830ab8-8ae1-42e4-b5e5-3ed0fe5bdba8,43,Carta de navegación,0,0,0,0.00,0.00,"A Hrb= 11:30, navegando con rumbo de aguja= 220º y un desvío= 3° (-), se toma simultáneamente demora"
0e92558d-892a-4d5f-908e-a2a65a444e98,43,Carta de navegación,0,0,0,0.00,0.00,"Nos encontramos navegando con velocidad de máquinas 6 nudos, y a Hrb = 09:30 situados en posición 35"
fa022642-ba44-4567-ad4b-764e6cc992f6,43,Carta de navegación,0,0,0,0.00,0.00,En un momento dado tomamos simultáneamente demora verdadera de Cabo Espartel = 216º y demora verdade
f95342a8-836f-430f-8410-8efd20a3b440,43,Carta de navegación,0,0,0,0.00,0.00,"A Hrb= 12:30, nos situamos tomando simultáneamente una demora de aguja a Isla de Tarifa de 026,5º y "
fc6a29ba-d7ba-42e8-af03-92de31023632,43,Carta de navegación,0,0,0,0.00,0.00,"Hallar la sonda en el momento de la primera bajamar, el día 09 de diciembre de 2022 en Algeciras,"
abedfb07-c551-4185-af19-6c07c48982e1,43,Carta de navegación,0,0,0,0.00,0.00,Encontrándonos el día 12 de septiembre de 2022 en un lugar de sonda en la carta de 3 metros en el
c518177b-65e5-443e-be95-6df7b96bcf1d,43,Carta de navegación,0,0,0,0.00,0.00,"Navegando en demanda del Estrecho de Gibraltar con rumbo ESE y declinación magnética 2°W, a Hrb 12:0"
a49615f2-d150-4c97-98fe-4eca2d648ea8,43,Carta de navegación,0,0,0,0.00,0.00,"A HRB=10:00, tomamos simultáneamente demora de aguja a Cabo Trafalgar 327º y demora de aguja a Barba"
83d15f79-8e07-4d5d-bb04-28dc48e196af,43,Carta de navegación,0,0,0,0.00,0.00,"Determine las coordenadas de una embarcación situada a 6 millas del Cabo Espartel y a 5,5 millas de "
1c23ab7d-9a87-4d58-87bd-8c7b56f38e30,43,Carta de navegación,0,0,0,0.00,0.00,"Encontrándonos con nuestra embarcación en la oposición Isla Tarifa – Punta Alcázar, tomamos simultán"
ff2bcae3-9a41-4d4f-97c2-c48f69aba121,43,Carta de navegación,0,0,0,0.00,0.00,Situados en la oposición de los Faros de Cabo Trafalgar y Punta de Gracia sabemos que nos encontramo
5df47fe7-e8f5-48eb-974c-b51d22ba6a0c,43,Carta de navegación,0,0,0,0.00,0.00,"Navegando con Rumbo Verdadero = N, salimos de un punto situado en l: 35º 45’ N; L: 005º 14’ W y nave"
b5cbfde8-1a4a-4871-89e1-648c1b0af91c,43,Carta de navegación,0,0,0,0.00,0.00,Hallar la sonda en el momento de la primera pleamar el día 3 de julio de 2021 en el puerto de
1b91a4c0-c2fb-46b8-b2dc-76ec7e438e99,43,Carta de navegación,0,0,0,0.00,0.00,"A las 17:00 Hrb, navegando al rumbo verdadero 270°, tomamos una demora de aguja al Faro de Cabo Espa"
f10e0401-8a9e-4634-921e-231c2d036173,43,Carta de navegación,0,0,0,0.00,0.00,"A las 09:00 Hrb, navegando al rumbo verdadero 090° en las proximidades del Puerto de Barbate, tomamo"
f6acda96-c66d-4a76-b9b3-287b2dd1ea53,43,Carta de navegación,0,0,0,0.00,0.00,"Determine las coordenadas de una embarcación situada a 6 millas del Cabo Espartel y a 5,5 millas de "
8abbc0b9-c4c5-4157-a5e6-4b22d0d12bcf,43,Carta de navegación,0,0,0,0.00,0.00,"El 29 de junio de 2024, a Hrb = 10:35, nos situamos tomando una demora de aguja al Cabo Roche de 011"
5dd3322e-b98d-4f93-a7f2-4dd038b9da70,43,Carta de navegación,0,0,0,0.00,0.00,"El día 26 de abril, al ser Hrb= 10:30, encontrándonos en la enfilación Punta Paloma-Isla Tarifa, tom"
44d68b40-4009-46c0-ac65-c8d85949a404,43,Carta de navegación,0,0,0,0.00,0.00,"A HRB=10:00, tomamos simultáneamente demora de aguja a Cabo Trafalgar 327º y demora de aguja a Barba"
257c8079-2f6e-4bc8-a828-f4fcaa1ed802,43,Carta de navegación,0,0,0,0.00,0.00,"Calcular la sonda en la primera bajamar del día 3 de julio de 2021 en el puerto de Bilbao, si la son"
c94a3cb2-590f-4693-a08a-b9ab9447450c,43,Carta de navegación,0,0,0,0.00,0.00,"A las 14:00 Hrb, navegando al rumbo verdadero 015°, tomamos una demora de aguja al Faro de Ras El As"
d8f8e1ee-6776-408d-a724-2071900411c3,43,Carta de navegación,0,0,0,0.00,0.00,"Hallar la sonda en la primera pleamar del día 8 de noviembre de 2023 en Algeciras, sabiendo que la"
a972d970-f7c9-46e5-bd0b-9a04408dad4a,43,Carta de navegación,0,0,0,0.00,0.00,"Siendo HRB= 10:45, nuestra embarcación navega al Ra= 281º con una declinación magnética de 4º W y un"
28178201-3ca4-4cf5-94a8-cbc1945bcaa4,43,Carta de navegación,0,0,0,0.00,0.00,"Nos encontramos navegando con nuestra embarcación, en demanda del Estrecho de Gibraltar. A Hrb= 15:0"
38ecffae-00d0-41e6-acde-ccbf44054f82,43,Carta de navegación,0,0,0,0.00,0.00,"Hallándose una embarcación en la oposición del Faro de Punta Europa y del Faro de Punta Almina,"
a6776f16-38a6-43a0-a1ae-b90e9ecd420b,43,Carta de navegación,0,0,0,0.00,0.00,"Siendo HRB= 10:45, nuestra embarcación navega al Ra= 281º con una declinación magnética de 4º W y un"
b9b54352-36a7-4726-9c7e-eaecf42e1684,43,Carta de navegación,0,0,0,0.00,0.00,"A HRB=10:00, tomamos simultáneamente demora de aguja a Cabo Trafalgar 327º y demora de aguja a Barba"
851b6455-5f7c-40be-85e6-f6cc3b521089,43,Carta de navegación,0,0,0,0.00,0.00,"A Hrb= 12:30, nos situamos tomando simultáneamente una demora de aguja a Isla de Tarifa de 026,5º y "
20229740-e138-4fcd-b108-eaa06f2781d4,43,Carta de navegación,0,0,0,0.00,0.00,"Hallar la sonda en el momento de la primera pleamar el día 05 de abril de 2023 en Algeciras, con"
f7180ea6-c0d6-40ca-927f-999690c0ef82,43,Carta de navegación,0,0,0,0.00,0.00,El dia 17 de diciembre de 2022 desde la posición A de latitud 36º 04´N / Longitud 006º 01´W nos diri
3ef14f3d-97b8-4b8e-b94c-eff82c159b73,43,Carta de navegación,0,0,0,0.00,0.00,"Siendo HRB= 10:45, nuestra embarcación navega al Ra= 281º con una declinación magnética de 4º W y un"
6133ef9c-4519-4df6-a633-3beabe6fce46,43,Carta de navegación,0,0,0,0.00,0.00,"Navegando con Rumbo Verdadero = N, salimos de un punto situado en l: 35º 45’ N; L: 005º 14’ W y nave"
ba853a03-fb9c-457a-acc0-63f673605ada,43,Carta de navegación,0,0,0,0.00,0.00,El día 7 de diciembre de 2022 a las 17:45 UTC nos encontramos navegando al rumbo de aguja 275°. En e
adf8930a-ae0d-4bfa-9205-ab8463ac3344,43,Carta de navegación,0,0,0,0.00,0.00,A las 12:00 horas (GMT + 2) del 12 de junio de 2024 nos encontramos en la enfilación de los Faros de
7509b745-5ce3-450e-b0e9-ed261fd73b89,43,Carta de navegación,0,0,0,0.00,0.00,"A HRB=10:00, tomamos simultáneamente demora de aguja a Cabo Trafalgar 327º y demora de aguja a Barba"
bc8b704c-d31b-4884-8167-8797300b7d4a,43,Carta de navegación,0,0,0,0.00,0.00,"Navegando con Rumbo Verdadero = N, salimos de un punto situado en l: 35º 45’ N; L: 005º 14’ W y nave"
7e3a2e1e-169a-4f58-a599-454fb26b53de,43,Carta de navegación,0,0,0,0.00,0.00,"Calcular la sonda en la primera bajamar del día 3 de julio de 2021 en el puerto de Bilbao, si la son"
b2b456f3-d549-4d3e-86e8-9c3d87bd8b1d,43,Carta de navegación,0,0,0,0.00,0.00,Entrando a las 18:00GMT en la Ría de Arousa sabemos que nos encontramos en un lugar de sonda atmosfé
669e6901-33c5-4d58-ba70-e3a365b47faf,43,Carta de navegación,0,0,0,0.00,0.00,Navegando el 22 de abril de 2023 a las 18:56 Hrb tras salir del estrecho de Gibraltar nos encontramo
3d8e6c84-b4c2-4288-ab1a-e4bd54478e83,43,Carta de navegación,0,0,0,0.00,0.00,Entrando a las 18:00GMT en la Ría de Arousa sabemos que nos encontramos en un lugar de sonda atmosfé
978c8c5e-211f-4654-9baf-8d311ca5b74e,43,Carta de navegación,0,0,0,0.00,0.00,"Navegando en una zona de declinación magnéticas 1ºW, con Rumbo de aguja= 220º y desvío= 3º(+), a Hrb"
d8ed4866-6ca6-4ee2-90ab-0467067cdf6d,43,Carta de navegación,0,0,0,0.00,0.00,"Encontrándonos en Tapia de Casariego a las 18:00 UTC del 29 de junio de 2024, con una presión"
ffd822f7-f483-4eda-afa9-7b974e4f1ab9,43,Carta de navegación,0,0,0,0.00,0.00,"Hallándose una embarcación en la oposición del Faro de Punta Europa y del Faro de Punta Almina,"
3b155e0a-996b-4255-831d-d7595512b1b1,43,Carta de navegación,0,0,0,0.00,0.00,"Navegando con Rumbo Verdadero = N, salimos de un punto situado en l: 35º 45’ N; L: 005º 14’ W y nave"
98087e03-423d-4b9b-a3a3-eb61edbc8526,43,Carta de navegación,0,0,0,0.00,0.00,Hallándose una embarcación en la oposición del faro de Cabo Trafalgar y del Faro de Cabo
d863ffb1-a1e5-483e-878d-095cb901f101,43,Carta de navegación,0,0,0,0.00,0.00,¿Cuál es la distancia entre los faros de Cabo Trafalgar y Punta Círes?. Se pide precisión en el resu
6b544784-5d25-4be1-9015-caa0d93ad6ae,43,Carta de navegación,0,0,0,0.00,0.00,Hallar la sonda en el momento de la primera pleamar el día 3 de julio de 2021 en el puerto de
92563861-5734-44f2-9d2d-220a271c8833,43,Carta de navegación,0,0,0,0.00,0.00,"Hallar la sonda en el momento de la primera bajamar el día 06 de junio de 2024 en Algeciras, con"
aa10990c-21da-4337-b52c-9e29469e2896,43,Carta de navegación,0,0,0,0.00,0.00,"Dada la situación de salida l= 35º45'N; L= 005º14' W, la Hrb= 15:00 h, la velocidad de la embarcació"
d935f6bb-01dd-4490-ba4c-e78dee9ef7bf,43,Carta de navegación,0,0,0,0.00,0.00,"El día 23 de noviembre, al ser Hrb: 10:00, encontrándonos a 3 millas al norte de Cabo Espartel, damo"
e61ee10f-722d-44c0-ae5a-24e05bea65b5,43,Carta de navegación,0,0,0,0.00,0.00,"El 29 de junio de 2024, a Hrb = 10:35, nos situamos tomando una demora de aguja al Cabo Roche de 011"
05dfa97d-e021-43bd-9ba9-1a2c6253579d,43,Carta de navegación,0,0,0,0.00,0.00,"Nos encontramos navegando con nuestra embarcación, en demanda del Estrecho de Gibraltar. A Hrb= 15:0"
8eef32b3-a930-4b99-8b0d-54f13d348390,43,Carta de navegación,0,0,0,0.00,0.00,Siendo Hrb=11:00 obtenemos simultáneamente desde nuestra embarcación demora de aguja del faro de Isl
6b84759c-2c53-457a-a34b-c483163a6510,43,Carta de navegación,0,0,0,0.00,0.00,Navegando el 22 de abril de 2023 a las 18:56 Hrb tras salir del estrecho de Gibraltar nos encontramo
c6e9d7a4-3985-42a0-bb30-afd81f0666f2,43,Carta de navegación,0,0,0,0.00,0.00,Encontrándonos el día 12 de septiembre de 2022 en un lugar de sonda en la carta de 3 metros en el
e38bb644-3caf-40f7-b25f-60d1dea7c4ba,43,Carta de navegación,0,0,0,0.00,0.00,"Hallar la sonda en el momento de la primera pleamar el día 05 de abril de 2023 en Algeciras, con"
a09d25e9-bac8-4fef-baac-4b49f5c977da,43,Carta de navegación,0,0,0,0.00,0.00,"Navegando en demanda del Estrecho de Gibraltar con rumbo ESE y declinación magnética 2°W, a Hrb 12:0"
fe1dfb80-0311-4767-9751-ddcfc44eb2a9,43,Carta de navegación,0,0,0,0.00,0.00,"Hallar la sonda en la primera pleamar del día 8 de noviembre de 2023 en Algeciras, sabiendo que la"
b8a890f4-4d7a-4ff9-9868-5829c77bb9c0,43,Carta de navegación,0,0,0,0.00,0.00,"El día 26 de abril, al ser Hrb= 10:30, encontrándonos en la enfilación Punta Paloma-Isla Tarifa, tom"
6c97034a-e03a-4690-8838-6cc8ef1cd803,43,Carta de navegación,0,0,0,0.00,0.00,"Navegando a rumbo de aguja=N45E, a HRB=21:20, tomamos demora de aguja a Cabo Espartel (S20E) y marca"
9b2094c0-e3aa-422b-baad-9fb4975de72d,43,Carta de navegación,0,0,0,0.00,0.00,Partiendo de las siguientes coordenadas: 36º05´N; 006º20´W damos rumbo para pasar a 6 millas al sur 
23069643-7ce8-437d-a83f-1e292fe47314,43,Carta de navegación,0,0,0,0.00,0.00,"Situados a 3,5 millas al sur verdadero del faro de Cabo Trafalgar del día 5 de abril de 2013 con una"
764a77b0-bff7-4f63-8f9b-0d9f907acc03,43,Carta de navegación,0,0,0,0.00,0.00,"El día 16 de octubre de 2020, nos encontramos atracados en el puerto de Chipiona, en un lugar"
9de5e7ce-c996-47e4-98cd-4a8c3418cc93,43,Carta de navegación,0,0,0,0.00,0.00,"Encontrándonos con nuestra embarcación en la oposición Isla Tarifa – Punta Alcázar, tomamos simultán"
96c1bda2-c010-4d60-b571-c08de318e894,43,Carta de navegación,0,0,0,0.00,0.00,"Hallar la sonda en el momento de la primera bajamar, el día 09 de diciembre de 2022 en Algeciras,"
19ad627a-2387-4ef6-823e-2ffb94b97561,43,Carta de navegación,0,0,0,0.00,0.00,"A HRB=11:06 del 16 de octubre del 2010, navegando al rumbo de aguja= 010º, nos encontramos en situac"
6f7a085e-97cb-4641-9174-d5693318ced1,43,Carta de navegación,0,0,0,0.00,0.00,"A las 09:00 Hrb, navegando al rumbo verdadero 090° en las proximidades del Puerto de Barbate, tomamo"
2e7036ec-a26c-4e27-ba36-d12c055c88d5,43,Carta de navegación,0,0,0,0.00,0.00,¿Cuál de los siguientes puntos tiene una sonda en la carta inferior a 10 metros?
8f1e753e-2a3d-43d8-9b14-f1d8c6284325,43,Carta de navegación,0,0,0,0.00,0.00,"Hallar la sonda en el momento de la primera bajamar del día 06 de junio de 2023 en Algeciras, con"
17e60b0e-9097-404f-a457-c81361839fa2,43,Carta de navegación,0,0,0,0.00,0.00,"Encontrándonos en Tapia de Casariego a las 18:00 UTC del 29 de junio de 2024, con una presión"
b0f23977-e8e8-44f0-a773-f97474e49973,43,Carta de navegación,0,0,0,0.00,0.00,Navegando con Rumbo de Aguja = 010º en el Estrecho de Gibraltar a una velocidad de 12 nudos a las HR
434cf5e7-777c-44bd-87c6-8252e3e87c3c,44,Carta de navegación,0,0,0,0.00,0.00,"Una embarcación se encuentra en l=36° - 04,0' N y L=006° - 05,0' W, navegando al norte verdadero a 1"
bd8d3320-2980-47c3-8248-4f20cb5d7cd1,44,Carta de navegación,0,0,0,0.00,0.00,"Hallar la sonda en el momento de la primera pleamar el día 10 de abril de 2025 en Algeciras, con"
cbb22526-eca4-44ae-bf04-e1e685353df3,44,Carta de navegación,0,0,0,0.00,0.00,"Hallar la sonda en el momento de la primera pleamar el día 10 de abril de 2025 en Algeciras, con"
8d89e6a7-2163-4164-90bc-fcb979d0e890,44,Carta de navegación,0,0,0,0.00,0.00,"Navegando por el Estrecho de Gibraltar con un desvío de aguja de 1°(-), en una zona con declinación "
a7f7ef11-1377-40f2-83dd-39ef42068c78,44,Carta de navegación,0,0,0,0.00,0.00,Nos encontramos el día 24 de mayo de 2022 en el Faro de Cabo Trafalgar y queremos poner rumbo para p
34eab68e-0e60-4cda-a461-260512a30f45,44,Carta de navegación,0,0,0,0.00,0.00,El día 12 de diciembre de 2021 nos encontramos navegando en las inmediaciones del puerto de
7ab3319a-856d-4f77-be80-83ed9be52a02,44,Carta de navegación,0,0,0,0.00,0.00,"Situados en la oposición de los Faros de Cabo Trafalgar y Punta de Gracia, a 2 millas de la marca ca"
839521f2-0cc1-46c8-ac82-5e482198cd2d,44,Carta de navegación,0,0,0,0.00,0.00,"El día 16 de octubre de 2021, a las HRB: 13:12 con Rumbo verdadero 295º tomamos una marcación por es"
2e1e5ce3-56f4-4868-a8e9-8754b8aa293d,44,Carta de navegación,0,0,0,0.00,0.00,"El día 22 de abril de 2023, navegando a vela a una velocidad de 4 nudos nos dirigimos desde latitud:"
32c257e3-b962-43b7-a143-5e1f6f4a351f,44,Carta de navegación,0,0,0,0.00,0.00,Tomando como punto de salida la luz verde del espigón del puerto de Ceuta y como punto de llegada la
96702dcb-485c-4a61-8720-418d5a4c22c5,44,Carta de navegación,0,0,0,0.00,0.00,"Navegando a rumbo de aguja 297º, se toma simultáneamente marcación del Faro de Cabo Espartel = 275º "
803ac33b-9684-4112-ba30-514d2ab9e939,44,Carta de navegación,0,0,0,0.00,0.00,"El día 23 de noviembre, al ser Hrb: 10:00, encontrándonos a 3 millas al norte de Cabo Espartel, damo"
1bae2471-dfae-4413-87fb-266b1d068da6,44,Carta de navegación,0,0,0,0.00,0.00,"A Hrb=15:00, navegando a Rumbo de aguja=120°, con desvío de aguja de 2° (+), tomamos simultáneamente"
82026a63-4227-46a5-91f7-19d029a01281,44,Carta de navegación,0,0,0,0.00,0.00,"Siendo Hrb 14:00 situados en el veril (línea isobática) de los 200 metros, navegando con rumbo de ag"
957ad31d-0d00-486f-9392-a55bafadd848,44,Carta de navegación,0,0,0,0.00,0.00,"Hallándose nuestra embarcación a 4,7 millas al sur verdadero del faro de Punta Europa, damos rumbo p"
7909c53b-7049-4f53-90db-d6f66138be29,44,Carta de navegación,0,0,0,0.00,0.00,"El día 22 de abril de 2023, navegando a vela a una velocidad de 4 nudos nos dirigimos desde latitud:"
5171f579-16cd-491b-afb4-c733949f604a,44,Carta de navegación,0,0,0,0.00,0.00,"Sabiendo que nuestra embarcación a Hrb 12:00 está a 5 millas de Cabo Espartel, tomamos demora verdad"
7e780a7b-02ad-4c85-a20e-5dd6ce0a1461,44,Carta de navegación,0,0,0,0.00,0.00,Navegando con Rumbo de Aguja = 010º en el Estrecho de Gibraltar a una velocidad de 12 nudos a las HR
27f50ad4-eaf1-4053-8ec5-2e94b3408048,44,Carta de navegación,0,0,0,0.00,0.00,Nos encontramos navegando en las proximidades del Banco de Trafalgar cuando tomamos simultáneamente 
39566a62-21d6-42b1-be16-65d20f2cd7b0,44,Carta de navegación,0,0,0,0.00,0.00,"Navegando a rumbo de aguja=N45E, a HRB=21:20, tomamos demora de aguja a Cabo Espartel (S20E) y marca"
43d229de-65f5-469a-ae2a-09339380fcec,44,Carta de navegación,0,0,0,0.00,0.00,"Una embarcación se encuentra en l=36° - 04,0' N y L=006° - 05,0' W, navegando al norte verdadero a 1"
81673922-27dd-4302-b63b-b35a59d842b9,44,Carta de navegación,0,0,0,0.00,0.00,"El día 16 de octubre de 2021, a las HRB: 13:12 con Rumbo verdadero 295º tomamos una marcación por es"
c04b6c87-ba9a-4f28-9604-fe3e937a5f59,44,Carta de navegación,0,0,0,0.00,0.00,"Hallar la sonda en el momento de la segunda bajamar, el día 04 de abril de 2024, en Algeciras con"
7dc0cf37-524a-40f2-ad98-0c0fc3c9933c,44,Carta de navegación,0,0,0,0.00,0.00,Nos encontramos el día 24 de mayo de 2022 en el Faro de Cabo Trafalgar y queremos poner rumbo para p
1b590c76-0555-4e98-96cc-ff62f872af8c,44,Carta de navegación,0,0,0,0.00,0.00,"A Hrb= 09:00 nos encontramos situados al Sur verdadero de Isla Tarifa, cuando con nuestra aguja obte"
25485b5e-59dc-43e9-b63b-6b4ebff5b20f,44,Carta de navegación,0,0,0,0.00,0.00,Partiendo de la situación conocida latitud: 39º 20' N y Longitud: 016º 45'W se navega a rumbo de -3º
90a8e137-24ec-48f9-a60f-d9316f023464,44,Carta de navegación,0,0,0,0.00,0.00,"A HRB=11:06 del 16 de octubre del 2010, navegando al rumbo de aguja= 010º, nos encontramos en situac"
fecef9c5-6e7a-4a28-97f9-979ea6ce699f,44,Carta de navegación,0,0,0,0.00,0.00,"Desde la posición l=35° 58' N L=005° 59' W navegamos al rumbo verdadero 106°, durante dos horas a 7,"
51adb991-9923-4725-839d-73601ad44a33,44,Carta de navegación,0,0,0,0.00,0.00,"Situados en la oposición de los Faros de Cabo Trafalgar y Punta de Gracia, a 2 millas de la marca ca"
f85e4427-1bc9-43cc-910f-ec83d77c2268,44,Carta de navegación,0,0,0,0.00,0.00,"Navegando en una zona con una declinación magnética (dm) de 2° W y un desvío de la aguja de 4° E, se"
2432fb24-949c-40b9-98c5-33a2e90e7e7e,44,Carta de navegación,0,0,0,0.00,0.00,Hallándose una embarcación en la oposición de la marca cardinal norte cercana a Punta Malabata y de 
3df1fdcf-5a28-45cb-a8c8-5ca72881df26,44,Carta de navegación,0,0,0,0.00,0.00,"Navegando en demanda del Estrecho de Gibraltar, con un desvío de aguja de 3°(-), a una velocidad de "
c1386f42-bbf7-48b0-a0b8-e82c18557b52,44,Carta de navegación,0,0,0,0.00,0.00,"Navegando por el Estrecho de Gibraltar con un desvío de aguja de 1°(-), en una zona con declinación "
e184dd09-f86d-4ccb-baec-5c5825898630,44,Carta de navegación,0,0,0,0.00,0.00,"Situados en la oposición de los Faros de Cabo Trafalgar y Punta de Gracia, a 2 millas de la marca ca"
7fd77f1e-b9b5-4c3b-aa6c-63a6761587cc,44,Carta de navegación,0,0,0,0.00,0.00,"A HRB= 10:00, tomamos simultáneamente Demora de aguja al Faro de Punta Europa = 359º y Demora de agu"
36274292-7c6a-4766-9bd1-0175ed157696,44,Carta de navegación,0,0,0,0.00,0.00,Hallándose una embarcación en la oposición del Faro de Punta Paloma y del Faro de Punta
a9743675-87dc-4260-bce6-67de991bf077,44,Carta de navegación,0,0,0,0.00,0.00,Nos encontramos navegando en las proximidades del Banco de Trafalgar cuando tomamos simultáneamente 
bbcb7e38-c4ae-4bfd-bc5e-cebbe1147ca4,44,Carta de navegación,0,0,0,0.00,0.00,Nos encontramos navegando al rumbo de aguja 308°. A HRB = 02:45 del día 3 de noviembre de 2021 tomam
32a841ea-98e5-4271-8552-10c232063511,44,Carta de navegación,0,0,0,0.00,0.00,"Navegando a las 10:22 Hrb, con un Rumbo de aguja= 140° con una declinación magnética de 5°(-) y un d"
ccb9cae9-7341-4ed6-8961-a385fc7e3486,44,Carta de navegación,0,0,0,0.00,0.00,"Siendo Hrb= 11:00, navegando con rumbo de aguja= 288° y un desvío= 3° (-) se toma marcación al Faro "
90439bef-bb06-4987-8735-1ec65734102b,44,Carta de navegación,0,0,0,0.00,0.00,"A HRB= 10:00, tomamos simultáneamente Demora de aguja al Faro de Punta Europa = 359º y Demora de agu"
dc873b11-8a67-47a0-aeca-174367ca977c,44,Carta de navegación,0,0,0,0.00,0.00,"Navegando en una zona con una declinación magnética (dm) de 2° W y un desvío de la aguja de 4° E, se"
ce300dd5-4d0b-47da-8d9b-cd0882bd90c7,44,Carta de navegación,0,0,0,0.00,0.00,"El día 29 de junio, al ser Hrb = 11:30, navegando a Ra= 208º, Ct= 2º (+), nos encontramos en la opos"
12fbc28e-918a-416a-961c-71a70810bc69,44,Carta de navegación,0,0,0,0.00,0.00,"Navegando en una zona de declinación magnética 1ºW, con Rumbo de aguja=220º y desvío=3º(+), a Hrb 09"
a1919ca1-289d-4adf-b039-d3545df92775,44,Carta de navegación,0,0,0,0.00,0.00,"Hallar la sonda en el momento de la primera bajamar el día 06 de junio de 2024 en Algeciras, con"
432902b3-ae8e-4aee-82e5-e9cfc0a3c98c,44,Carta de navegación,0,0,0,0.00,0.00,Nos encontramos navegando en las proximidades del Banco de Trafalgar cuando tomamos simultáneamente 
566fdeb8-43cc-4821-8356-828ae9db2d05,44,Carta de navegación,0,0,0,0.00,0.00,Tomando como punto de salida la luz verde del espigón del puerto de Ceuta y como punto de llegada la
ab2a584d-dd4b-4f36-9a01-82bb7e5be12c,44,Carta de navegación,0,0,0,0.00,0.00,"Navegando a las 10:22 Hrb, con un Rumbo de aguja= 140° con una declinación magnética de 5°(-) y un d"
bd5f85cf-b120-4cad-8e03-764fc5ddc049,44,Carta de navegación,0,0,0,0.00,0.00,"Encontrándonos el día 26 de marzo en el puerto de San Juan de Nieva a las 02:12 Hora Oficial, en Ind"
c56096e4-8a14-4d51-bc95-d450cb2dd261,44,Carta de navegación,0,0,0,0.00,0.00,"Nos encontramos navegando con velocidad de máquinas 6 nudos, y a Hrb = 09:30 situados en posición 35"
efa61a00-427b-40e9-b76f-7e5087feea5b,44,Carta de navegación,0,0,0,0.00,0.00,"Calcular la sonda en la primera bajamar del día 16 de octubre de 2021 en el puerto de Rota, si la"
8ee2fd93-ab48-4f9d-9681-319474207614,44,Carta de navegación,0,0,0,0.00,0.00,"A Hrb= 11:30, navegando con rumbo de aguja= 220º y un desvío= 3° (-), se toma simultáneamente demora"
22c01b59-ed0a-4dae-91f0-94bbe79d4720,44,Carta de navegación,0,0,0,0.00,0.00,"El día 18 de diciembre de 2021 navegando a velocidad 9 nudos nos encontramos a 1,5 millas al noreste"
c7e8b6ee-581b-4a72-a4dd-ab77385dba46,44,Carta de navegación,0,0,0,0.00,0.00,"Navegando al rumbo verdadero 312º, tomamos marcación por estribor del faro de Punta Paloma de 25º, y"
18d1d3d3-c9f0-424b-9e46-c19a3b78e1f5,44,Carta de navegación,0,0,0,0.00,0.00,"Siendo Hrb= 11:00, navegando con rumbo de aguja= 288° y un desvío= 3° (-) se toma marcación al Faro "
8cc670d4-a7b0-45fc-bd62-5dfac913fd69,44,Carta de navegación,0,0,0,0.00,0.00,"Situados en la oposición de los Faros de Cabo Trafalgar y Punta de Gracia, a 2 millas de la marca ca"
5485d1ab-f149-4a93-94eb-c247052f8e02,44,Carta de navegación,0,0,0,0.00,0.00,"El día 18 de diciembre de 2021 navegando a velocidad 9 nudos nos encontramos a 1,5 millas al noreste"
4e6c1591-a823-40ea-84bd-b80fa7805df9,44,Carta de navegación,0,0,0,0.00,0.00,Entrando a las 18:00GMT en la Ría de Arousa sabemos que nos encontramos en un lugar de sonda atmosfé
287da95c-fd90-4212-98b8-bfa85b172d8e,44,Carta de navegación,0,0,0,0.00,0.00,"Navegando en una zona con una declinación magnética (dm) de 2° W y un desvío de la aguja de 4° E, se"
de7c0b39-1d16-4814-b238-fd0c86a8fcbe,44,Carta de navegación,0,0,0,0.00,0.00,"Dadas las coordenadas del punto con latitud 36º 07,3'N y Longitud 005º 45,8'W, sitúelo en la carta e"
4a704bfd-3d5c-43e5-bca9-eb993fdc595b,44,Carta de navegación,0,0,0,0.00,0.00,"A Hrb= 11:30, navegando con rumbo de aguja= 220º y un desvío= 3° (-), se toma simultáneamente demora"
7f7a91f3-1b25-4925-a538-3617f0d161ac,44,Carta de navegación,0,0,0,0.00,0.00,Nos encontramos en la oposición Faro de Punta Gracia – Faro de Punta Malabata. En ese momento obtene
ba648ac7-a1b7-489a-8cb5-e420e9eaaaab,44,Carta de navegación,0,0,0,0.00,0.00,"A Hrb: 09:30, nos situamos tomando simultáneamente una demora de aguja a Isla de Tarifa de 095º rumb"
515adaa5-ed24-485b-b1c1-3e90766d15c5,44,Carta de navegación,0,0,0,0.00,0.00,Entrando a las 18:00GMT en la Ría de Arousa sabemos que nos encontramos en un lugar de sonda atmosfé
81ef4b54-e448-4009-a950-3c42dca35d17,44,Carta de navegación,0,0,0,0.00,0.00,"Siendo Hrb 14:00 situados en el veril (línea isobática) de los 200 metros, navegando con rumbo de ag"
f8b0a1fe-bdd2-43f7-b0a8-ae3183cbab2e,44,Carta de navegación,0,0,0,0.00,0.00,"El día 23 de noviembre, al ser Hrb: 10:00, encontrándonos a 3 millas al norte de Cabo Espartel, damo"
fb8f88df-1c6d-466a-9b9b-015a75eb9ba9,44,Carta de navegación,0,0,0,0.00,0.00,"A Hrb: 09:30, nos situamos tomando simultáneamente una demora de aguja a Isla de Tarifa de 095º rumb"
a9ad3f03-54c5-43d4-8cd2-e73a0c83b71e,44,Carta de navegación,0,0,0,0.00,0.00,"Navegando en una zona con una declinación magnética (dm) de 2° W y un desvío de la aguja de 4° E, se"
f7f37ef0-ba61-4cac-87c7-337894e5aaab,44,Carta de navegación,0,0,0,0.00,0.00,"A Hrb = 08:00, navegando con rumbo de aguja 265° y un desvío de 3°(-), situados en la oposición de l"
d83d331a-a830-4ed6-831d-8e88f52064a2,44,Carta de navegación,0,0,0,0.00,0.00,Hallándose una embarcación en la oposición de la marca cardinal norte cercana a Punta Malabata y de 
719e86c6-2374-4170-a2ac-0710ae7f7330,44,Carta de navegación,0,0,0,0.00,0.00,"A Hrb 12:00, navegando con rumbo de aguja= 275º y un desvío de 2º(+), situados en la oposición de lo"
9fbfb479-c373-4f22-a18b-ddfcae100443,44,Carta de navegación,0,0,0,0.00,0.00,"El día 29 de junio, al ser Hrb = 11:30, navegando a Ra= 208º, Ct= 2º (+), nos encontramos en la opos"
0011c22f-460a-4bdc-a7d9-57b88a76ed1d,44,Carta de navegación,0,0,0,0.00,0.00,"Hallar la sonda en el momento de la primera bajamar el día 02 de agosto de 2024 en Algeciras, con"
b1bafd4b-87b0-4b96-af38-843b75993b39,44,Carta de navegación,0,0,0,0.00,0.00,"A Hrb= 09:00 nos encontramos situados al Sur verdadero de Isla Tarifa, cuando con nuestra aguja obte"
3d150c15-4969-4912-8929-02b612272d9e,44,Carta de navegación,0,0,0,0.00,0.00,El dia 17 de diciembre de 2022 desde la posición A de latitud 36º 04´N / Longitud 006º 01´W nos diri
4ffc754c-9054-4364-862e-16772c088c06,44,Carta de navegación,0,0,0,0.00,0.00,Nos encontramos navegando en las proximidades del Banco de Trafalgar cuando tomamos simultáneamente 
265bd268-845f-477f-9fb6-1f6af78e4f2b,44,Carta de navegación,0,0,0,0.00,0.00,Nos encontramos navegando al rumbo de aguja 265°. A HRB = 05:18 del día 1 de abril de 2022 tomamos u
bc24717a-a00d-470a-9622-82cb64c9b750,44,Carta de navegación,0,0,0,0.00,0.00,"Sabiendo que nuestra embarcación a Hrb 12:00 está a 5 millas de Cabo Espartel, tomamos demora verdad"
20637136-a3f8-4a2a-ba72-e5e65c2f4835,44,Carta de navegación,0,0,0,0.00,0.00,"Navegando a rumbo de aguja 297º, se toma simultáneamente marcación del Faro de Cabo Espartel = 275º "
fe37f846-e739-4e19-b3c5-afbfd1ea4e97,44,Carta de navegación,0,0,0,0.00,0.00,Nuestra embarcación está en la oposición de los faros de Cabo Trafalgar y Punta de Gracia y se obtie
389163c0-be5a-4117-a7d5-2a2acf092036,44,Carta de navegación,0,0,0,0.00,0.00,Nos encontramos navegando al rumbo de aguja 308°. A HRB = 02:45 del día 3 de noviembre de 2021 tomam
59c5f21f-09f5-485f-929d-09c9df03a96d,45,Carta de navegación,0,0,0,0.00,0.00,"El día 2 de abril de 2022, nos encontramos atracados con nuestra embarcación en el puerto de"
13521f6a-79f8-43b4-b35a-7994dc3bd7ad,45,Carta de navegación,0,0,0,0.00,0.00,Nos encontramos en las inmediaciones del dispositivo de separación de tráfico del Estrecho de Gibral
42eb6f50-8765-4f6d-98e5-559ab6f6a220,45,Carta de navegación,0,0,0,0.00,0.00,"A Hrb=12:00, navegando con rumbo de aguja= 095° y un desvío= 3° (-), situados en la oposición de los"
ee1e6e5e-2246-4d5c-be29-0a552ae16260,45,Carta de navegación,0,0,0,0.00,0.00,"Hallar la sonda en la primera pleamar del día 8 de noviembre de 2023 en Algeciras, sabiendo que la"
afe343bb-7856-4d50-a9a6-bf16ac1b6a53,45,Carta de navegación,0,0,0,0.00,0.00,Navegando por el Estrecho de Gibraltar tomamos en el radar una distancia al Faro de Isla Tarifa de 5
5a634073-a4a5-4be7-bdfa-60842c9727ea,45,Carta de navegación,0,0,0,0.00,0.00,"¿Qué objeto se encuentra en la siguiente posición: Latitud 36º08,2´N / Longitud 005º55´W?"
f0e45bf5-a2a7-4df3-9173-28d75ed3b50e,45,Carta de navegación,0,0,0,0.00,0.00,"Encontrándonos en Tapia de Casariego a las 18:00 UTC del 29 de junio de 2024, con una presión"
640210d4-5401-47ed-91e5-62d8f1625191,45,Carta de navegación,0,0,0,0.00,0.00,"El día 18 de diciembre de 2010 a HRB: 11:42, situados en l: 36º 01´N L: 006º 01´W navegamos con rumb"
1e3dc9d4-37d2-45c5-9b1c-b5cf295748c8,45,Carta de navegación,0,0,0,0.00,0.00,Entrando en el puerto de Vigo el día 23 de noviembre de 2024 nos encontramos en un lugar de
4cc8074f-8875-432c-ac3c-da25ad444867,45,Carta de navegación,0,0,0,0.00,0.00,El día 7 de diciembre de 2022 a las 17:45 UTC nos encontramos navegando al rumbo de aguja 275°. En e
6d48779b-2650-4085-a7eb-230a968b2a62,45,Carta de navegación,0,0,0,0.00,0.00,"Navegando con rumbo SSW con un desvío de aguja de 2°(­), a Hrb=20:00 tomamos simultáneamente demora "
a3f7c310-cff2-4a13-a571-cfbcc9b7ec71,45,Carta de navegación,0,0,0,0.00,0.00,"A Hrb= 12:30, nos situamos tomando simultáneamente una demora de aguja a Isla de Tarifa de 026,5º y "
25ec12fd-5390-4806-b74c-121457b91c77,45,Carta de navegación,0,0,0,0.00,0.00,Tomando como punto de salida la luz de la punta del espigón del puerto de Tanger y como punto de lle
f534e333-bd1b-47e7-86a2-ac3721a1b146,45,Carta de navegación,0,0,0,0.00,0.00,"El día 2 de abril de 2022, nos encontramos atracados con nuestra embarcación en el puerto de"
59ab714a-aa1a-457b-805d-5d5d550db50f,45,Carta de navegación,0,0,0,0.00,0.00,"Navegando en demanda del Estrecho de Gibraltar con rumbo ESE y declinación magnética 2°W, a Hrb 12:0"
55040974-84ff-4cc6-8ee4-bb692c652592,45,Carta de navegación,0,0,0,0.00,0.00,"¿Qué distancia (d) se tiene entre la posición A (l = 36º 20,0´N L = 006º 19,0´W) y la posición B (l "
a699e334-f99a-4448-a7fb-7347fc1413ce,45,Carta de navegación,0,0,0,0.00,0.00,Hallándose una embarcación en la oposición del Faro de Punta Paloma y del Faro de Punta
0a2044d1-a266-4d46-90c0-ca6ece1615bc,45,Carta de navegación,0,0,0,0.00,0.00,"Navegando en demanda del Estrecho de Gibraltar con rumbo ESE y declinación magnética 2°W, a Hrb 12:0"
bf40bb4e-bda0-46ac-9e36-1606c4c7ced1,45,Carta de navegación,0,0,0,0.00,0.00,"El día 26 de abril, al ser Hrb= 10:30, encontrándonos en la enfilación Punta Paloma-Isla Tarifa, tom"
842c196b-2140-4284-a8f5-9aa9e6f5fe79,45,Carta de navegación,0,0,0,0.00,0.00,Navegando el 22 de abril de 2023 a las 18:56 Hrb tras salir del estrecho de Gibraltar nos encontramo
47e2b4c9-b95c-4800-b5d7-2464f082a9c0,45,Carta de navegación,0,0,0,0.00,0.00,"El día 25 de junio de 2022 navegando con Rumbo Verdadero = 186,5º nos encontramos a las 08:24HRB a 1"
b5558138-c9d5-43e6-89fb-9b76236c641b,45,Carta de navegación,0,0,0,0.00,0.00,Hallándose una embarcación en la oposición del faro de Cabo Trafalgar y del Faro de Cabo
4f2273a5-470a-421f-99b1-f2a66bd5799d,45,Carta de navegación,0,0,0,0.00,0.00,"Encontrándonos a Hrb=10:00 en la oposición Cabo Trafalgar­Cabo Espartel, con un desvío de aguja de 6"
21590bbe-e38a-4b30-b083-5743b4172ace,45,Carta de navegación,0,0,0,0.00,0.00,"Navegando con rumbo SSW con un desvío de aguja de 2°(­), a Hrb=20:00 tomamos simultáneamente demora "
52327466-30b4-4de1-8699-ac24874119c5,45,Carta de navegación,0,0,0,0.00,0.00,Situados a 3 millas al suroeste verdadero del faro de Cabo Trafalgar del día 16 de octubre de 2021 c
f428f1f3-4c3a-4a06-aa5c-80d3de435233,45,Carta de navegación,0,0,0,0.00,0.00,"A Hrb=15:00, navegando a Rumbo de aguja=120°, con desvío de aguja de 2° (+), tomamos simultáneamente"
fc27fd92-41cf-4201-a8be-6656f105e898,45,Carta de navegación,0,0,0,0.00,0.00,"El día 18 de diciembre de 2021 navegando a velocidad 9 nudos nos encontramos a 1,5 millas al noreste"
fe472ea2-bf0c-44ec-9d71-1306c584ac57,45,Carta de navegación,0,0,0,0.00,0.00,"Hallar la sonda en la primera pleamar del día 8 de noviembre de 2023 en Algeciras, sabiendo que la"
1fbcba17-6189-4b0c-bf3d-f481c1a5f481,45,Carta de navegación,0,0,0,0.00,0.00,Obtenga la situación sabiendo que estamos en la oposición de Punta Cires con Punta Carnero y tenemos
f3c5b923-7276-4f38-b43f-d0125489957c,45,Carta de navegación,0,0,0,0.00,0.00,Encontrándonos a Hrb = 08:00 a 5 millas al Oeste verdadero de Cabo Espartel damos rumbo de aguja 051
988f6d36-5f90-4490-902a-b3168827a6eb,45,Carta de navegación,0,0,0,0.00,0.00,"El día 2 de abril de 2022, nos encontramos atracados con nuestra embarcación en el puerto de"
ce554e7e-66b8-4338-910b-78a4d4c1337e,45,Carta de navegación,0,0,0,0.00,0.00,"El día 25 de junio de 2022 navegando con Rumbo Verdadero = 186,5º nos encontramos a las 08:24HRB a 1"
0b68e189-72ce-48b1-929e-5eeabf2200bc,45,Carta de navegación,0,0,0,0.00,0.00,"Hallar la sonda en el momento de la segunda bajamar, el día 23 de enero de 2025 en Algeciras, con"
5141d913-db06-44d9-8a7c-e49a13912457,45,Carta de navegación,0,0,0,0.00,0.00,"A Hrb: 12:30, navegando con rumbo de aguja= 055° y un desvío = 3°(-), se toman simultáneamente demor"
5d63d87c-7dd4-40d3-8f5b-4070a4830b01,45,Carta de navegación,0,0,0,0.00,0.00,¿Cuál es la distancia entre Punta Leona y Punta Kalúli o Sainar?
0222b287-f752-41cd-9d27-962c32aa5097,45,Carta de navegación,0,0,0,0.00,0.00,"Hallar la sonda en el momento de la primera pleamar el día 05 de abril de 2023 en Algeciras, con"
78350434-2ca4-44a9-b23c-9591ee37bb6f,45,Carta de navegación,0,0,0,0.00,0.00,Nos encontramos navegando en las inmediaciones del faro de Torre de Gracia en un lugar de sonda Grac
b3942d2e-59b5-464e-86ef-7cbbaccb086a,45,Carta de navegación,0,0,0,0.00,0.00,"Navegando a Rumbo de aguja=S83ºE, HRB=22:45, tomamos simultáneamente Marcación a Punta Malabata=088º"
2a547f6d-8ef9-4358-a3c0-d9c4cf00c42d,45,Carta de navegación,0,0,0,0.00,0.00,"Hallar la sonda en el momento de la primera bajamar el día 07 de noviembre de 2023 en Algeciras,"
48980cf0-faf0-413a-b72f-0d43f5a531e9,45,Carta de navegación,0,0,0,0.00,0.00,Navegando el 22 de abril de 2023 a las 18:56 Hrb tras salir del estrecho de Gibraltar nos encontramo
99913b26-d19e-475d-8ca9-ce3a79637819,45,Carta de navegación,0,0,0,0.00,0.00,"El 29 de junio de 2024, a Hrb = 10:35, nos situamos tomando una demora de aguja al Cabo Roche de 011"
ac223dab-6bb4-41d0-800b-48ef5bd42e41,45,Carta de navegación,0,0,0,0.00,0.00,"El día 25 de junio de 2022 navegando con Rumbo Verdadero = 186,5º nos encontramos a las 08:24HRB a 1"
c898c492-1957-4a04-8250-561917ab28a3,45,Carta de navegación,0,0,0,0.00,0.00,"Navegando a Hrb=10:00 a Rumbo de aguja=S50°W, con una Velocidad de máquinas de 12 nudos, tomamos mar"
e8faa1f9-9f57-4070-b9e5-97a97c2a60eb,45,Carta de navegación,0,0,0,0.00,0.00,Calcular la situación verdadera de una embarcación que se encuentra situada en la zona de precaución
97f6d2de-f82e-4b88-be1f-c3423fe52365,45,Carta de navegación,0,0,0,0.00,0.00,"Encontrándonos a Hrb 16:00 en la oposición Punta Europa ­ Punta Almina, con un desvío de aguja de 2º"
39e5a646-7fa9-4d43-9847-83dbe86ad476,45,Carta de navegación,0,0,0,0.00,0.00,"Dada la situación de salida l= 35º45'N; L= 005º14' W, la Hrb= 15:00 h, la velocidad de la embarcació"
2cc0afba-e183-4680-8376-6dbc6ba30c53,45,Carta de navegación,0,0,0,0.00,0.00,"El día 18 de diciembre de 2021 navegando a velocidad 9 nudos nos encontramos a 1,5 millas al noreste"
4d5ad462-71ff-4689-805c-e21267315426,45,Carta de navegación,0,0,0,0.00,0.00,"A Hrb: 12:30, navegando con rumbo de aguja= 055° y un desvío = 3°(-), se toman simultáneamente demor"
5d00dac3-0b20-49d7-bca2-e4622c69dd89,45,Carta de navegación,0,0,0,0.00,0.00,"El 29 de junio de 2024, a Hrb = 10:35, nos situamos tomando una demora de aguja al Cabo Roche de 011"
15a35846-c5ee-40b2-894e-8c84af872f16,45,Carta de navegación,0,0,0,0.00,0.00,Nos encontramos en las inmediaciones del dispositivo de separación de tráfico del Estrecho de Gibral
e9b67e7e-fea4-4d8a-883a-5efcf7db2100,45,Carta de navegación,0,0,0,0.00,0.00,Situados a 3 millas al suroeste verdadero del faro de Cabo Trafalgar del día 16 de octubre de 2021 c
f783475b-1487-41e8-ba8f-510fefd7abf4,45,Carta de navegación,0,0,0,0.00,0.00,"Año 2021, una embarcación situada a 1,5´ al SE del faro de Isla de Tarifa navega hacia el NE buscand"
25bcf625-c091-4fbe-9eb5-680897e9baa7,45,Carta de navegación,0,0,0,0.00,0.00,"Hallar la sonda en el momento de la primera pleamar el día 05 de abril de 2023 en Algeciras, con"
17b61b2a-aa47-4082-9726-d9ed991c0f9d,45,Carta de navegación,0,0,0,0.00,0.00,Tomando como punto de salida la luz de la punta del espigón del puerto de Tanger y como punto de lle
022b3caf-a1af-487a-b3c9-c46264683bc1,45,Carta de navegación,0,0,0,0.00,0.00,"Hallar la sonda en el momento de la segunda bajamar, el día 23 de enero de 2025 en Algeciras, con"
8ca54e12-ae5a-43df-8e7d-df49faf8264a,45,Carta de navegación,0,0,0,0.00,0.00,El día 7 de diciembre de 2022 a las 17:45 UTC nos encontramos navegando al rumbo de aguja 275°. En e
de414880-a527-4b43-8883-d53953ea8654,45,Carta de navegación,0,0,0,0.00,0.00,¿Cuál es la situación de nuestra embarcación si estamos a 5 millas de Punta Paloma y con una demora 
e0a951a6-0ad7-4562-9ecc-3178a0c52025,45,Carta de navegación,0,0,0,0.00,0.00,"Hallándose nuestra embarcación a 4,7 millas al sur verdadero del faro de Punta Europa, damos rumbo p"
40f0627c-a475-4ae4-af66-9e0cd3eef759,45,Carta de navegación,0,0,0,0.00,0.00,"El día 25 de junio de 2022 navegando con Rumbo Verdadero = 186,5º nos encontramos a las 08:24HRB a 1"
25f84f01-05e7-4f65-9113-67031befe9ea,45,Carta de navegación,0,0,0,0.00,0.00,"El día 26 de abril, al ser Hrb= 10:30, encontrándonos en la enfilación Punta Paloma-Isla Tarifa, tom"
ee62cc95-3831-4d15-9b74-d97c4ce45d42,45,Carta de navegación,0,0,0,0.00,0.00,"El 04 de septiembre de 2021 en Rota, se pide calcular las Horas Oficiales (Ho) de la última pleamar"
5e7fc919-d286-41d2-94fc-9c4f7c81126c,45,Carta de navegación,0,0,0,0.00,0.00,Hallar la sonda en el momento de la primera pleamar el día 3 de julio de 2021 en el puerto de
d5ac8aac-bbe2-482b-9f65-8ea0d9c58f12,45,Carta de navegación,0,0,0,0.00,0.00,"El día 2 de abril de 2022, nos encontramos atracados con nuestra embarcación en el puerto de"
9e8b571c-4d37-4bd2-97d4-19cad3c36555,45,Carta de navegación,0,0,0,0.00,0.00,En un momento dado tomamos simultáneamente demora verdadera de Cabo Espartel = 216º y demora verdade
5a886153-3a38-4f30-b66b-5c876d30997d,45,Carta de navegación,0,0,0,0.00,0.00,Encontrándonos a Hrb = 08:00 a 5 millas al Oeste verdadero de Cabo Espartel damos rumbo de aguja 051
713cadb3-f750-4afc-bf91-400345bef3b2,45,Carta de navegación,0,0,0,0.00,0.00,Hallar la sonda en el momento de la primera pleamar el día 3 de julio de 2021 en el puerto de
8dea40c6-c13f-4bff-9fba-3b049686ef06,45,Carta de navegación,0,0,0,0.00,0.00,"Navegando en demanda del Estrecho de Gibraltar, con un desvío de aguja de 3°(-), a una velocidad de "
89a66193-6d27-4bde-a012-e1161b11ff5b,45,Carta de navegación,0,0,0,0.00,0.00,"Hallar la sonda en el momento de la segunda bajamar, el día 04 de abril de 2024, en Algeciras con"
05105af2-fa41-4277-9219-013ac7c933e3,45,Carta de navegación,0,0,0,0.00,0.00,"Navegando a Hrb=10:00 a Rumbo de aguja=S50°W, con una Velocidad de máquinas de 12 nudos, tomamos mar"
542d0a65-6cef-4da0-a9e8-ffc2b46a6fc8,45,Carta de navegación,0,0,0,0.00,0.00,"A las 14:00 Hrb, navegando al rumbo verdadero 015°, tomamos una demora de aguja al Faro de Ras El As"
94666fac-04d1-415b-bea4-e60345434624,45,Carta de navegación,0,0,0,0.00,0.00,"Navegando a Rumbo de aguja=S83ºE, HRB=22:45, tomamos simultáneamente Marcación a Punta Malabata=088º"
a0be56af-e1b1-40cb-8352-cfb227e172ce,45,Carta de navegación,0,0,0,0.00,0.00,Hallar la sonda en el momento de la primera bajamar el día 16 de octubre de 2022 en Algeciras con
d323c03f-f01f-460b-8065-749bfc7f9133,45,Carta de navegación,0,0,0,0.00,0.00,"¿Qué distancia (d) se tiene entre la posición A (l = 36º 20,0´N L = 006º 19,0´W) y la posición B (l "
a5144156-2246-4167-9629-b209d3c0d1b7,45,Carta de navegación,0,0,0,0.00,0.00,Nos encontramos navegando en las inmediaciones del faro de Torre de Gracia en un lugar de sonda Grac
1e1c16ab-5997-4bc1-8518-515f956901cf,45,Carta de navegación,0,0,0,0.00,0.00,"Hallar la sonda en el momento de la segunda bajamar, el día 23 de enero de 2025 en Algeciras, con"
dbf162e4-cf49-45d8-a237-4a2028e90819,45,Carta de navegación,0,0,0,0.00,0.00,"A Hrb 12:00, navegando con rumbo de aguja= 275º y un desvío de 2º (+), situados en la oposición de l"
4ac2bb5f-de8e-460c-8201-2335ad4ac00d,45,Carta de navegación,0,0,0,0.00,0.00,"A Hrb: 09:30, nos situamos tomando simultáneamente una demora de aguja a Isla de Tarifa de 095º rumb"
a38654ad-9df9-4d57-b24d-6d61bf81ca68,45,Carta de navegación,0,0,0,0.00,0.00,"A las 14:00 Hrb, navegando al rumbo verdadero 015°, tomamos una demora de aguja al Faro de Ras El As"
a96b3784-177c-4076-9eb8-5ecb47bf06db,45,Carta de navegación,0,0,0,0.00,0.00,"A Hrb= 12:30, nos situamos tomando simultáneamente una demora de aguja a Isla de Tarifa de 026,5º y "
f4c8f38c-3c75-4afd-b613-e0bec6934a29,45,Carta de navegación,0,0,0,0.00,0.00,"Desde la posición l=35° 58' N L=005° 59' W navegamos al rumbo verdadero 106°, durante dos horas a 7,"
86257f97-4323-4037-bea8-cab795d9b476,45,Carta de navegación,0,0,0,0.00,0.00,"Encontrándonos en Tapia de Casariego a las 18:00 UTC del 29 de junio de 2024, con una presión"
cc808c37-99a5-4ca5-b289-f171e25e7135,45,Carta de navegación,0,0,0,0.00,0.00,"Hallar la sonda en el momento de la segunda bajamar, el día 23 de enero de 2025 en Algeciras, con"
40d7ab43-ec2d-409a-b2d7-d00c4e3a2985,45,Carta de navegación,0,0,0,0.00,0.00,"A Hrb: 09:30, nos situamos tomando simultáneamente una demora de aguja a Isla de Tarifa de 095º rumb"
da80bac4-d0db-4fad-b578-e4387f58cccd,5,Elementos de amarre y fondeo,0,0,0,0.00,0.00,"Cuando un barco está fondeado y gira por la acción de la corriente o el viento, tomando como centro "
bc251787-563b-40cc-bc58-444e049335aa,5,Elementos de amarre y fondeo,0,0,0,0.00,0.00,En el fondeo:
61de2ff8-2214-4ac5-ac32-1cfd063e110d,5,Elementos de amarre y fondeo,0,0,0,0.00,0.00,Un guía-cabos sirve para:
bf35f03a-f574-4529-9512-ba0cd686c259,5,Elementos de amarre y fondeo,0,0,0,0.00,0.00,"Como práctica habitual, una embarcación con un solo ancla se aproximará a la zona de fondeo:"
abf41ba0-838f-4ca4-93eb-cd462cf7d385,5,Elementos de amarre y fondeo,0,0,0,0.00,0.00,"En relación con el fondeo, ¿cuál de las siguientes afirmaciones es CORRECTA?"
42035d47-b665-4c15-b4c4-5c0a392308f9,5,Elementos de amarre y fondeo,0,0,0,0.00,0.00,En el fondeo:
e75afbce-7fb7-4539-852e-befa5d21dab1,5,Elementos de amarre y fondeo,0,0,0,0.00,0.00,La mena de un cabo es:
ed155caa-691d-4512-8f5a-5332046d74d8,5,Elementos de amarre y fondeo,0,0,0,0.00,0.00,El nudo ballestrinque se emplea para:
2bec025d-8889-435b-bb28-6b66b0f82411,5,Elementos de amarre y fondeo,0,0,0,0.00,0.00,"En relación con los elementos de amarre, ¿cuál de las siguientes afirmaciones es CORRECTA?"
c3ce99a0-b034-41a8-a87c-89e424471aea,5,Elementos de amarre y fondeo,0,0,0,0.00,0.00,"Como práctica habitual, una embarcación con un solo ancla se aproximará a la zona de fondeo:"
3d985077-4a70-41ca-a0cc-7924022a38f6,5,Elementos de amarre y fondeo,0,0,0,0.00,0.00,El nudo utilizado para formar una gaza no corrediza para encapillar un cabo se denomina:
973d72ae-91aa-4425-a6a3-cb831bfb762a,5,Elementos de amarre y fondeo,0,0,0,0.00,0.00,¿Qué es una cornamusa?
0f5e7133-f913-44af-a355-b058ba3ef312,5,Elementos de amarre y fondeo,0,0,0,0.00,0.00,"Cuando un barco está fondeado y gira tomando como centro el ancla y como radio la cadena, el barco y"
f816c49c-73dd-4e60-8cf6-a07dc32e63fb,5,Elementos de amarre y fondeo,0,0,0,0.00,0.00,"En relación con los elementos de amarre, ¿cuál de las siguientes afirmaciones es CORRECTA?"
1267bd63-5221-41ca-bf49-33dd1e26978c,5,Elementos de amarre y fondeo,0,0,0,0.00,0.00,¿Qué es una cornamusa?
110d9bb7-c945-4f69-8483-71b913593852,5,Elementos de amarre y fondeo,0,0,0,0.00,0.00,Si optamos por el fondeo a la gira:
4a036aaf-5928-4e53-8830-2a30f01d63ca,5,Elementos de amarre y fondeo,0,0,0,0.00,0.00,"Si queremos afirmar el chicote de un cabo a una bita, terminando con cote de seguridad, ¿qué nudo ut"
a6402a67-00e4-43b5-8473-4b4a7c83fda6,5,Elementos de amarre y fondeo,0,0,0,0.00,0.00,"Si queremos afirmar el chicote de un cabo a una bita, terminando con cote de seguridad, ¿qué nudo ut"
7ec8bd5c-f32e-493e-8396-5a3da6cea75e,5,Elementos de amarre y fondeo,0,0,0,0.00,0.00,Una roldana es:
fc944419-8b23-421e-b766-c2f9f952fb3c,5,Elementos de amarre y fondeo,0,0,0,0.00,0.00,"La pieza de metal o madera, encorvada en sus extremos y fija por su punto medio, que sirve para amar"
8d334e83-c3bf-409a-9d1e-eb657443fc53,5,Elementos de amarre y fondeo,0,0,0,0.00,0.00,El nudo utilizado para formar una gaza no corrediza para encapillar un cabo se denomina:
f01b0df2-cf30-48ed-a562-ebb57dcc8b09,5,Elementos de amarre y fondeo,0,0,0,0.00,0.00,¿Cómo se denomina la pieza fijada en la borda que sirve para pasar y guiar los cabos de amarre desde
4a6948b4-f4ae-49e8-9634-e228a17a2e55,5,Elementos de amarre y fondeo,0,0,0,0.00,0.00,Una gaza es:
5232990c-1f47-4e7e-a37d-e6df55d54b57,5,Elementos de amarre y fondeo,0,0,0,0.00,0.00,El nudo “vuelta de rezón” se utiliza para:
d7c57a6e-e83d-462c-bfc8-b971767c663e,5,Elementos de amarre y fondeo,0,0,0,0.00,0.00,¿Cuál de las siguientes afirmaciones relativas al fondeo es CORRECTA?
d2af825f-a705-46e8-abb7-72868be2190b,5,Elementos de amarre y fondeo,0,0,0,0.00,0.00,¿Cómo se denomina a la pieza sólida de metal o de madera fuertemente unida a la cubierta – por lo re
999ac109-d02e-42b7-bfbe-ee768e05e6d5,5,Elementos de amarre y fondeo,0,0,0,0.00,0.00,"En relación con el fondeo, ¿cuál de las siguientes afirmaciones es INCORRECTA?"
89a3f483-27e2-49e7-9a0e-47a9cb0c395a,5,Elementos de amarre y fondeo,0,0,0,0.00,0.00,¿Cuál de las siguientes definiciones es CORRECTA?
5a7d5d9d-c115-4635-9c8e-05da7b61f5d7,5,Elementos de amarre y fondeo,0,0,0,0.00,0.00,"En relación con el fondeo, ¿cuál de las siguientes afirmaciones es INCORRECTA?"
9ea12f0a-31d5-4cd8-8ef3-e3d4cb5d4802,5,Elementos de amarre y fondeo,0,0,0,0.00,0.00,El nudo llano se emplea para:
f9a7db31-d6e0-4324-89ea-a1310033184b,5,Elementos de amarre y fondeo,0,0,0,0.00,0.00,¿Cuál de las siguientes afirmaciones es CORRECTA?
6019f67d-3727-4343-8e93-cf1a56ba9332,5,Elementos de amarre y fondeo,0,0,0,0.00,0.00,¿Cuál de las siguientes afirmaciones es CORRECTA?
f5bd48b3-eba2-4745-b17b-f6b8d67eadf4,5,Elementos de amarre y fondeo,0,0,0,0.00,0.00,"Navegando con una embarcación de 10 metros de eslora nos disponemos a fondear a la gira, en unas fon"
c965af1b-aeeb-4f19-892a-60377de41565,5,Elementos de amarre y fondeo,0,0,0,0.00,0.00,Una roldana es:
b114dd92-cbc5-48da-86a9-b7f2aa3c1e56,5,Elementos de amarre y fondeo,0,0,0,0.00,0.00,El nudo “vuelta de rezón” se utiliza para:
905df381-a78b-4b13-9542-45b7c41c74c8,5,Elementos de amarre y fondeo,0,0,0,0.00,0.00,El nudo llano se emplea para:
31428d39-9230-4bb9-b930-4b3b11f4ce69,5,Elementos de amarre y fondeo,0,0,0,0.00,0.00,¿Cuál de las siguientes afirmaciones es CORRECTA?
32048ce0-810e-4124-9156-617bb41cffb3,5,Elementos de amarre y fondeo,0,0,0,0.00,0.00,"En relación con el fondeo, ¿cuál de las siguientes afirmaciones es CORRECTA?"
8effb626-ee44-4279-a78b-eeaa1165305a,5,Elementos de amarre y fondeo,0,0,0,0.00,0.00,¿Cuál de las siguientes afirmaciones es CORRECTA?
7585d74d-84de-4895-90b7-31fb0ea0d97b,5,Elementos de amarre y fondeo,0,0,0,0.00,0.00,¿Cuál de las siguientes definiciones es CORRECTA?
288bcd4e-aa86-4b43-be54-5b271a354948,5,Elementos de amarre y fondeo,0,0,0,0.00,0.00,¿Cuál de las siguientes afirmaciones es CORRECTA?
4d733a6c-98f9-4e58-9681-f8bfe69450c6,5,Elementos de amarre y fondeo,0,0,0,0.00,0.00,¿Cuál de las siguientes afirmaciones es CORRECTA?
4c074f13-740d-4749-a17d-3b624e776d55,5,Elementos de amarre y fondeo,0,0,0,0.00,0.00,"En relación con el fondeo, ¿cuál de las siguientes afirmaciones es CORRECTA?"
72345c8a-e19e-41a4-9c90-5a5cc9c50c53,5,Elementos de amarre y fondeo,0,0,0,0.00,0.00,¿Cómo se denomina el lazo que se forma en el extremo de un cabo doblándolo y uniéndolo con costura o
bba50447-fb67-4436-9d97-68f9c2dfefe4,5,Elementos de amarre y fondeo,0,0,0,0.00,0.00,Se llama tenedero a:
388f15f9-d6df-4924-ab96-3a37d363923d,5,Elementos de amarre y fondeo,0,0,0,0.00,0.00,"Cuando un barco está fondeado y gira por la acción de la corriente o el viento, tomando como centro "
ff626145-cadd-4262-a55d-beceb7287179,5,Elementos de amarre y fondeo,0,0,0,0.00,0.00,¿Dónde se afirman los cabos de amarre en tierra?
054706bf-ffad-4bc2-a91a-7667a8a7ca1e,5,Elementos de amarre y fondeo,0,0,0,0.00,0.00,¿Cuál de los siguientes elementos NO se utiliza en el amarre de una embarcación?
fdc2d43e-e937-45c9-bb0d-1661c3c0eebf,6,Elementos de amarre y fondeo,0,0,0,0.00,0.00,"En relación con la maniobra de fondeo, ¿cuál de las siguientes afirmaciones es CORRECTA?"
37854fe4-d81b-44a4-a8be-6432111dbd5e,6,Elementos de amarre y fondeo,0,0,0,0.00,0.00,"En relación con el fondeo, ¿cuál de las siguientes afirmaciones es CORRECTA?"
9817fc9a-3ef9-463b-a359-3bb2e46340dd,6,Elementos de amarre y fondeo,0,0,0,0.00,0.00,¿Cuál de las siguientes afirmaciones es CORRECTA?
5744338a-0217-4d81-973a-2d92eb4c5938,6,Elementos de amarre y fondeo,0,0,0,0.00,0.00,"En relación con el fondeo, ¿cuál de las siguientes afirmaciones es INCORRECTA?"
5f17659f-da8d-4325-9849-2d6d0410b2e9,6,Elementos de amarre y fondeo,0,0,0,0.00,0.00,¿Cuál de las siguientes afirmaciones es CORRECTA?
5a19d0d4-e056-4aaf-b7a6-708a0aa5457d,6,Elementos de amarre y fondeo,0,0,0,0.00,0.00,¿Cómo se denomina el lazo que se forma en el extremo de un cabo doblándolo y uniéndolo con costura o
4baf88af-dbb4-4061-9ef6-4f279ac12f7f,6,Elementos de amarre y fondeo,0,0,0,0.00,0.00,"En relación con el fondeo, ¿cuál de las siguientes afirmaciones es CORRECTA?"
e938d794-4133-440f-85a4-e37c23215197,6,Elementos de amarre y fondeo,0,0,0,0.00,0.00,"En relación con el fondeo, ¿cuál de las siguientes afirmaciones es INCORRECTA?"
1e2c6910-9315-427d-887b-a2c464fdef71,6,Elementos de amarre y fondeo,0,0,0,0.00,0.00,"En relación con el fondeo, ¿cuál de las siguientes afirmaciones es INCORRECTA?"
7eb371e8-3b84-4782-b89e-866470977417,6,Elementos de amarre y fondeo,0,0,0,0.00,0.00,¿Qué es un bichero?
b4f26b5f-957b-4896-95f8-324c7bbeea3d,6,Elementos de amarre y fondeo,0,0,0,0.00,0.00,Se llama tenedero a:
c275de57-ab67-44ae-9156-2b13e144f157,6,Elementos de amarre y fondeo,0,0,0,0.00,0.00,El nudo ballestrinque se emplea para:
92173ca2-03f7-4e55-85db-11edad0fcf05,6,Elementos de amarre y fondeo,0,0,0,0.00,0.00,En el fondeo:
1a8ffaa8-8ce2-4447-af78-65864da24ece,6,Elementos de amarre y fondeo,0,0,0,0.00,0.00,En el fondeo:
49fc24f9-acbb-4511-832d-a3c3373e0044,6,Elementos de amarre y fondeo,0,0,0,0.00,0.00,¿Qué entendemos por gaza?
97ef269f-e119-475e-b574-96d41e79260e,6,Elementos de amarre y fondeo,0,0,0,0.00,0.00,El chicote es:
bfeace42-b621-4e30-99ae-5e9e14be7077,6,Elementos de amarre y fondeo,0,0,0,0.00,0.00,El orinque se utiliza para:
1f404e51-bea7-43e0-b185-0f59aad3d7d8,6,Elementos de amarre y fondeo,0,0,0,0.00,0.00,¿Cuál de las siguientes afirmaciones es CORRECTA?
198c7cd1-ebde-44fd-914b-8b5cb9aa3f38,6,Elementos de amarre y fondeo,0,0,0,0.00,0.00,En el fondeo:
6f7fd9c3-dc80-4f20-9bc3-12df63e65550,6,Elementos de amarre y fondeo,0,0,0,0.00,0.00,En el fondeo:
0f5ebe07-6bcf-4b0b-9e3f-6d781cc21a9f,6,Elementos de amarre y fondeo,0,0,0,0.00,0.00,¿Cuál de las siguientes afirmaciones es CORRECTA?
78748236-0f80-4078-8aaf-1fc3fc9a037d,6,Elementos de amarre y fondeo,0,0,0,0.00,0.00,"La pieza de metal o madera, encorvada en sus extremos y fija por su punto medio, que sirve para amar"
e1042277-a8b1-4113-bfaa-4c2e1435ff16,6,Elementos de amarre y fondeo,0,0,0,0.00,0.00,¿Cuál de las siguientes afirmaciones es CORRECTA?
6f05797a-40cb-4dcc-84da-0675559336fb,6,Elementos de amarre y fondeo,0,0,0,0.00,0.00,"En relación con el fondeo, ¿cuál de las siguientes afirmaciones es INCORRECTA?"
b77f6ec1-93a0-4c83-9550-ec76c0925565,6,Elementos de amarre y fondeo,0,0,0,0.00,0.00,"En relación al fondeo, ¿cuál de las siguientes afirmaciones es CORRECTA?"
e0453c7a-6362-45fa-b06a-f2fb18f4796d,6,Elementos de amarre y fondeo,0,0,0,0.00,0.00,Una gaza es:
4344cd6b-5557-4f50-8220-6b3b8e26d1d7,6,Elementos de amarre y fondeo,0,0,0,0.00,0.00,"En relación con la maniobra de fondeo, ¿cuál de las siguientes afirmaciones es CORRECTA?"
677e77b0-9793-415c-8d43-d38660821a59,6,Elementos de amarre y fondeo,0,0,0,0.00,0.00,Una roldana es:
2b3a6bdb-9d9b-4d44-ac4e-5389442c7ece,6,Elementos de amarre y fondeo,0,0,0,0.00,0.00,"Navegando con una embarcación de 10 metros de eslora nos disponemos a fondear a la gira, en unas
con"
5a4131dd-7197-4fd5-be53-b6afecd48276,6,Elementos de amarre y fondeo,0,0,0,0.00,0.00,¿Cómo se denomina la pieza fijada en la borda que sirve para pasar y guiar los cabos de amarre desde
c972232a-c515-4346-8cd8-4870526ac5b2,6,Elementos de amarre y fondeo,0,0,0,0.00,0.00,"En relación con el fondeo, ¿cuál de las siguientes afirmaciones es INCORRECTA?"
c5d52e06-2149-4600-bd0b-d6bd8803e0f7,6,Elementos de amarre y fondeo,0,0,0,0.00,0.00,"En relación con el fondeo, ¿cuál de las siguientes afirmaciones es INCORRECTA?"
316840a0-a3ff-405a-8697-7a2e66fe073a,6,Elementos de amarre y fondeo,0,0,0,0.00,0.00,En el fondeo:
69204b6d-1466-4007-95a1-50ad2eb65df3,6,Elementos de amarre y fondeo,0,0,0,0.00,0.00,¿Dónde se afirman los cabos de amarre en tierra?
1d1ef1c1-abb8-4984-899c-17571f542fe8,6,Elementos de amarre y fondeo,0,0,0,0.00,0.00,"En relación con el fondeo, ¿cuál de las siguientes afirmaciones es CORRECTA?"
1206ee12-e23d-40b1-a1f7-1956abd9a8e4,6,Elementos de amarre y fondeo,0,0,0,0.00,0.00,Una roldana es:
3682fef6-8f2e-4799-8e38-60e852c72479,6,Elementos de amarre y fondeo,0,0,0,0.00,0.00,"En relación con el fondeo, ¿cuál de las siguientes afirmaciones es CORRECTA?"
81284e05-f683-42b9-98dc-b2ccbb1d23a2,6,Elementos de amarre y fondeo,0,0,0,0.00,0.00,Un guía-cabos sirve para:
d063990c-464d-45fd-b15f-38059ed2972a,6,Elementos de amarre y fondeo,0,0,0,0.00,0.00,Si optamos por el fondeo a la gira:
9c4061af-cb10-492a-8de3-c5245856c295,6,Elementos de amarre y fondeo,0,0,0,0.00,0.00,¿Cuál de las siguientes afirmaciones relativas al fondeo es CORRECTA?
70152033-0854-4df5-86bc-c20622918307,6,Elementos de amarre y fondeo,0,0,0,0.00,0.00,¿Qué nudo permite realizar una gaza no corrediza para encapillar un cabo?
22e99680-2c4a-485a-857c-278cad49c049,6,Elementos de amarre y fondeo,0,0,0,0.00,0.00,¿Qué es un bichero?
a76048af-300e-4d7b-8b81-f3550d6305a1,6,Elementos de amarre y fondeo,0,0,0,0.00,0.00,El orinque se utiliza para:
1d0470e2-f225-42ce-bd37-366d84b9dfab,6,Elementos de amarre y fondeo,0,0,0,0.00,0.00,"En relación al fondeo, ¿cuál de las siguientes afirmaciones es CORRECTA?"
3813e06c-c020-40ea-8212-3d387ae88187,6,Elementos de amarre y fondeo,0,0,0,0.00,0.00,"En relación con el fondeo, ¿cuál de las siguientes afirmaciones es INCORRECTA?"
d9b4118c-0080-4113-a9bb-c17c53a40906,6,Elementos de amarre y fondeo,0,0,0,0.00,0.00,"En relación con el fondeo, ¿cuál de las siguientes afirmaciones es INCORRECTA?"
5259033b-75d2-4e00-8812-4fd514feb3b6,6,Elementos de amarre y fondeo,0,0,0,0.00,0.00,¿Cuál de las siguientes definiciones es CORRECTA?
1e64aa3c-4a17-4db7-921b-5bb87cf49041,6,Elementos de amarre y fondeo,0,0,0,0.00,0.00,"En relación con el fondeo, ¿cuál de las siguientes afirmaciones es CORRECTA?"
372e0a3e-62f5-445f-8239-582b5a972b22,6,Elementos de amarre y fondeo,0,0,0,0.00,0.00,"Cuando un barco está fondeado y gira tomando como centro el ancla y como radio la cadena, el barco y"
43bb4bd1-77e1-4af6-b20b-ff4a2eca1009,6,Elementos de amarre y fondeo,0,0,0,0.00,0.00,"En relación con el fondeo, ¿cuál de las siguientes afirmaciones es INCORRECTA?"
7215fa8f-67b6-4300-947d-f9492a2a0acd,6,Elementos de amarre y fondeo,0,0,0,0.00,0.00,El chicote es:
17c13262-4ad5-4ec4-9897-3e37fb2e4e17,6,Elementos de amarre y fondeo,0,0,0,0.00,0.00,La mena de un cabo es:
f703fb51-b631-4794-93f1-bc930de39039,30,Emergencias en la mar,0,0,0,0.00,0.00,"En caso de varada, para liberar una embarcación por medios propios utilizando las mareas, deberá esp"
8aa79386-520f-4f35-979c-9406252e1059,30,Emergencias en la mar,0,0,0,0.00,0.00,¿Cuál de las siguientes afirmaciones es CORRECTA?
2b4e87b4-495c-4429-8bda-935bfcef7db3,30,Emergencias en la mar,0,0,0,0.00,0.00,"En el caso de que se vea obligado a abandonar una embarcación, ¿cuál de las siguientes medidas NO de"
f4b91124-0ef6-4227-b81c-29476d60e96d,30,Emergencias en la mar,0,0,0,0.00,0.00,"Los incendios producidos por madera, cartón, papel, etc., se clasifican como:"
3c357059-4e9b-4300-bda4-168a6237744f,30,Emergencias en la mar,0,0,0,0.00,0.00,En relación con el reflote de una embarcación de recreo varada:
eed08af3-9c1c-4cca-9f6f-6098e1f624d8,30,Emergencias en la mar,0,0,0,0.00,0.00,¿Qué es lo primero que se debe hacer tras un abordaje?
b062f4a6-0faa-4d09-ad61-6a38b38e8d37,30,Emergencias en la mar,0,0,0,0.00,0.00,"En caso de que se produzca una hemorragia nasal (epistaxis), ¿qué se debe hacer en un primer momento"
38c5151a-0981-419e-bba9-feddafa92982,30,Emergencias en la mar,0,0,0,0.00,0.00,"¿Qué medida resulta, en general, contraproducente en un abordaje?"
4d50e624-dbfd-415f-9ddb-cb8880ac6059,30,Emergencias en la mar,0,0,0,0.00,0.00,Tras sufrir un abordaje:
a7356854-db7a-454b-b620-c24447f5922d,30,Emergencias en la mar,0,0,0,0.00,0.00,Tras sufrir un abordaje:
90bf9c2c-0bc4-4c8a-a333-acb8d5daa9c0,30,Emergencias en la mar,0,0,0,0.00,0.00,"En relación con los incendios, ¿cuál de las siguientes afirmaciones es CORRECTA?"
fa422869-9ae1-47e0-809b-b38a4e117e89,30,Emergencias en la mar,0,0,0,0.00,0.00,"En un incendio a bordo, ¿qué entendemos por socairear el fuego?"
7c3d8616-5ced-4ef8-ae1f-e0c7a16004aa,30,Emergencias en la mar,0,0,0,0.00,0.00,"En el caso de que detecte una vía de agua en su embarcación, ¿qué es lo que NO se debe hacer?"
1b4eb66a-c722-4165-9187-35eb0b2e0386,30,Emergencias en la mar,0,0,0,0.00,0.00,Ante una quemadura de primer grado que afecte a un 30% de la superficie corporal de una persona a bo
f1f9676a-cda7-41da-a068-e4a893c385c7,30,Emergencias en la mar,0,0,0,0.00,0.00,Ante una quemadura de primer grado que afecte a un 30% de la superficie corporal de una persona a bo
42683b74-743e-46e1-9505-82125e94348d,30,Emergencias en la mar,0,0,0,0.00,0.00,"Si una persona sufre quemaduras sin que existan lesiones por inhalación en vías respiratorias, NO se"
513b9b0d-76c3-4ce6-b624-59f9ed84d45f,30,Emergencias en la mar,0,0,0,0.00,0.00,En el caso de que se vea obligado a abandonar una embarcación y permanecer flotando en el agua:
2f14b5bb-5326-4749-b99f-d129b22a517d,30,Emergencias en la mar,0,0,0,0.00,0.00,¿Qué es un espiche?
8c3e34c6-a91e-4c32-ae0c-fc649f1ddeb3,30,Emergencias en la mar,0,0,0,0.00,0.00,En el caso de que se vea obligado a abandonar una embarcación ¿cuál de las siguientes afirmaciones e
62fcf580-5323-4baa-995b-daa04499f8a0,30,Emergencias en la mar,0,0,0,0.00,0.00,"Si al abandonar una embarcación es necesario lanzarse al agua, con carácter general el abandono de l"
dd92137a-18cb-450d-aeea-08c255de187c,30,Emergencias en la mar,0,0,0,0.00,0.00,"En el caso de que se vea obligado a abandonar una embarcación y si las circunstancias lo permiten, ¿"
1990e102-aaf6-451e-b663-38eca8ca15e1,30,Emergencias en la mar,0,0,0,0.00,0.00,"En relación con los incendios, ¿cuál de las siguientes afirmaciones es CORRECTA?"
1664245d-2865-463e-b3b5-38d8d76d7de7,30,Emergencias en la mar,0,0,0,0.00,0.00,¿Cuáles son los puntos o elementos de una embarcación en los que existe un mayor riesgo de que se pr
f9d7e2ec-39e1-4384-ac58-886c1de7332e,30,Emergencias en la mar,0,0,0,0.00,0.00,"Cuando extinguimos un fuego por sofocación, lo que eliminamos es:"
bacabb4f-d107-4efe-a6d7-16ad5e56a59a,30,Emergencias en la mar,0,0,0,0.00,0.00,"En una varada involuntaria o embarrancada, ¿en qué caso podría ser aconsejable mover lateralmente a "
5184d337-d86c-4f34-bd83-481df1c8aa7e,30,Emergencias en la mar,0,0,0,0.00,0.00,¿Cuál de las siguientes afirmaciones es INCORRECTA?
c03706e8-28c1-423e-8ef1-4d8518fd884c,30,Emergencias en la mar,0,0,0,0.00,0.00,"Tras un abordaje con daños en ambas embarcaciones, ¿cuál de las siguientes afirmaciones es CORRECTA?"
4a88eb03-270a-455b-a6b1-a4c13180ef1e,30,Emergencias en la mar,0,0,0,0.00,0.00,¿Cuál de las siguientes afirmaciones es INCORRECTA?
e58cd4c2-5ea0-42ba-a433-7b0cc9766032,30,Emergencias en la mar,0,0,0,0.00,0.00,"A la hora de reflotar una embarcación tras una varada involuntaria, ¿cuál de los siguientes aspectos"
7239a12c-2dbe-4ae6-b8d8-b1a9ad70e524,30,Emergencias en la mar,0,0,0,0.00,0.00,¿Qué es un espiche?
4b6e87c8-7006-4335-ac0c-85004381e9ee,30,Emergencias en la mar,0,0,0,0.00,0.00,"En relación con las vías de agua, ¿cuál de las siguientes afirmaciones es INCORRECTA?"
f96006d0-ddab-487f-b28c-7deda53325d2,30,Emergencias en la mar,0,0,0,0.00,0.00,"En relación con las vías de agua, ¿cuál de las siguientes afirmaciones es INCORRECTA?"
518f9cdb-4de8-4f84-b36a-1e71c19e3318,30,Emergencias en la mar,0,0,0,0.00,0.00,"En el caso de que se declare un incendio a bordo, ¿qué NO se debe hacer?"
0e81545a-9bf6-4fe3-bded-27180a47c735,30,Emergencias en la mar,0,0,0,0.00,0.00,"Según la Guía Médica del Instituto Social de la Marina, ¿cada cuánto tiempo se debe aflojar un torni"
dfdbe966-1f2b-45b8-890b-a99f5fb4185a,30,Emergencias en la mar,0,0,0,0.00,0.00,"Si encontrándonos en una balsa salvavidas durante la noche, escuchamos medios aéreos en la zona, ¿cu"
74e4577c-e2a4-43bd-8f4c-5488a7d2156f,30,Emergencias en la mar,0,0,0,0.00,0.00,¿Cuáles son los puntos o elementos de una embarcación en los que existe un mayor riesgo de que se pr
de2cef17-3173-4308-a694-a3094897e2c1,30,Emergencias en la mar,0,0,0,0.00,0.00,"Si se ha sufrido una varada involuntaria, ¿cuál de las siguientes afirmaciones es INCORRECTA?"
cc73ece7-c55d-4829-b9fb-a5056cd1af19,30,Emergencias en la mar,0,0,0,0.00,0.00,"En caso de abordaje, indique cuál de las siguientes afirmaciones es CORRECTA."
8f76fc31-dfd9-42c8-8c4c-37327e03d229,30,Emergencias en la mar,0,0,0,0.00,0.00,"Los factores que han de concurrir, según el tetraedro del fuego, para que se produzca un incendio so"
8c2314f3-1142-472e-ad3f-5208efdc52e2,30,Emergencias en la mar,0,0,0,0.00,0.00,"En caso de un accidente a bordo que produzca una hemorragia interna, al afectado se le debe:"
5f657008-2198-45de-ab40-0f0ad782e35c,30,Emergencias en la mar,0,0,0,0.00,0.00,En relación con la prevención de los abordajes ¿cuál de las siguientes medidas es CORRECTA?
27c5ab94-cab6-444a-a23f-9f82c3ce7dfb,30,Emergencias en la mar,0,0,0,0.00,0.00,"En el caso de sufrir quemaduras, se debe:"
e55ed76f-7ef6-489e-af4c-141b79412386,30,Emergencias en la mar,0,0,0,0.00,0.00,¿Cuál de las siguientes afirmaciones es FALSA?
fc004115-443b-40b5-83ac-8272c62c6f56,30,Emergencias en la mar,0,0,0,0.00,0.00,En el caso de que se vea obligado a abandonar una embarcación y permanecer flotando en el agua:
c3e56ce0-1a30-4ef6-b0e1-d7f20fcd1b84,30,Emergencias en la mar,0,0,0,0.00,0.00,"Tras un abordaje con daños en ambas embarcaciones, ¿cuál de las siguientes afirmaciones es CORRECTA?"
a7ac20c8-c5f4-40fc-af18-fa6931d85c1d,30,Emergencias en la mar,0,0,0,0.00,0.00,¿Cuál de las siguientes afirmaciones es CORRECTA?
d2fa5724-64b9-43da-82ed-6d57ec08777c,30,Emergencias en la mar,0,0,0,0.00,0.00,¿Cuál de las siguientes afirmaciones es INCORRECTA?
a370b061-9c95-4067-a368-c4bf9d614c4a,30,Emergencias en la mar,0,0,0,0.00,0.00,"Si encontrándonos en una balsa salvavidas durante la noche, escuchamos medios aéreos en la zona, ¿cu"
3ebc7e6d-a57e-44f5-8883-f980b41491e6,30,Emergencias en la mar,0,0,0,0.00,0.00,¿Cuál de las siguientes señales visuales de socorro NO es recomendable usar en los casos en los que 
89f3d731-38fe-4b42-88a7-b9b71b4b5907,30,Emergencias en la mar,0,0,0,0.00,0.00,¿Qué es un espiche?
277f1ed8-4216-40d0-9491-98343e214c12,30,Emergencias en la mar,0,0,0,0.00,0.00,¿Cuál de las siguientes afirmaciones es FALSA?
64e637a1-cc1d-4892-b861-d059fb97dcf1,30,Emergencias en la mar,0,0,0,0.00,0.00,"En el caso de sufrir quemaduras, se debe:"
bb30c4f2-9b91-4b09-8c51-504a369f788c,30,Emergencias en la mar,0,0,0,0.00,0.00,"En el caso de que se vea obligado a abandonar una embarcación y no disponga de balsa salvavidas, ¿cu"
580fef07-9af5-4ab3-85e2-4d3be492d879,30,Emergencias en la mar,0,0,0,0.00,0.00,¿Qué es lo primero que se debe hacer tras un abordaje?
b067c1da-f457-4103-aad4-01c321588722,30,Emergencias en la mar,0,0,0,0.00,0.00,"Según la Guía Médica del Instituto Social de la Marina, ¿cada cuánto tiempo se debe aflojar un torni"
4e0e7c2f-1b10-4731-b722-5bf634b8bdc6,30,Emergencias en la mar,0,0,0,0.00,0.00,"En el caso de sufrir una insolación o golpe de calor, al afectado se le debe:"
160ff291-2655-4fe7-ba1a-de82dd721ae5,30,Emergencias en la mar,0,0,0,0.00,0.00,"En relación con las vías de agua, ¿cuál de las siguientes afirmaciones es INCORRECTA?"
fa9aa75c-510b-4957-bf3e-d962beaef466,30,Emergencias en la mar,0,0,0,0.00,0.00,"En el caso de tener que reflotar una embarcación tras una varada involuntaria, ¿cuál de las siguient"
3b8f6084-1c72-42d9-83b1-d1091384d25a,30,Emergencias en la mar,0,0,0,0.00,0.00,Si queremos liberar una embarcación tras producirse una varada involuntaria en la que no se han prod
7206ecf0-01c6-4ae9-a68e-bd262ff649e3,30,Emergencias en la mar,0,0,0,0.00,0.00,"Si se detecta a bordo un incendio originado en el tanque de combustible de la embarcación, ¿cuál de "
83b8d303-c737-4521-a933-97b33cc4c4fb,30,Emergencias en la mar,0,0,0,0.00,0.00,En relación con el reflote de una embarcación de recreo varada:
2acebab8-86d9-4707-9d3b-bd385d6ebbd6,30,Emergencias en la mar,0,0,0,0.00,0.00,¿Cuál de las siguientes afirmaciones es INCORRECTA?
0cc7f376-3b07-46b5-9841-2022fcabf180,30,Emergencias en la mar,0,0,0,0.00,0.00,"Si se detecta a bordo un incendio originado en el tanque de combustible de la embarcación, ¿cuál de "
921c0b3f-1be3-45cf-97fc-f08db9cf0f50,30,Emergencias en la mar,0,0,0,0.00,0.00,En caso de un accidente que produzca quemaduras de 1er grado que afecten al 25% de la superficie cor
2970461f-08e2-4fc7-8901-e3f886957e31,30,Emergencias en la mar,0,0,0,0.00,0.00,"En relación con las vías de agua, ¿cuál de las siguientes afirmaciones es CORRECTA?"
10677f64-b90b-46d5-a6d1-ae1167a81f8b,30,Emergencias en la mar,0,0,0,0.00,0.00,"En relación con las vías de agua, ¿cuál de las siguientes afirmaciones es CORRECTA?"
000cea89-5b22-42a5-af8c-99dcb13076d6,30,Emergencias en la mar,0,0,0,0.00,0.00,¿Cuál de las siguientes afirmaciones sobre el uso de las bengalas en el abandono de una embarcación 
44475688-ada3-4a86-b049-bfc7af918f58,30,Emergencias en la mar,0,0,0,0.00,0.00,"En caso de abordaje, indique cuál de las siguientes afirmaciones es CORRECTA."
37f95d68-a988-49eb-bcc3-3f0736af8a6b,30,Emergencias en la mar,0,0,0,0.00,0.00,"En un incendio a bordo, ¿qué entendemos por socairear el fuego?"
9f86c5fa-6a45-44f4-a37f-7ebfeab9ffbf,30,Emergencias en la mar,0,0,0,0.00,0.00,¿Cuál de las siguientes afirmaciones es INCORRECTA?
a7caca8a-50c7-4c93-8ce6-97590e64e57c,30,Emergencias en la mar,0,0,0,0.00,0.00,"En el caso de sufrir una insolación o golpe de calor, al afectado se le debe:"
fdc63425-e35d-4a9e-8a36-0f73258a313f,30,Emergencias en la mar,0,0,0,0.00,0.00,¿Cuál de las siguientes señales visuales de socorro NO es recomendable usar en los casos en los que 
aceb8694-04f6-4d26-bd8e-7fa5289070ca,30,Emergencias en la mar,0,0,0,0.00,0.00,En el caso de que se vea obligado a abandonar una embarcación ¿cuál de las siguientes afirmaciones e
45351c6c-6e66-4fc0-8321-2a4cfc3231fb,30,Emergencias en la mar,0,0,0,0.00,0.00,"En relación con las vías de agua, ¿cuál de las siguientes afirmaciones es INCORRECTA?"
e7cf5e50-6be0-490f-9da9-0b2fb657bac2,30,Emergencias en la mar,0,0,0,0.00,0.00,"En caso de varada, para liberar una embarcación por medios propios utilizando las mareas, deberá esp"
f9dc57ea-1f39-4692-8ccb-36aa8da93f6b,30,Emergencias en la mar,0,0,0,0.00,0.00,"Los incendios producidos por madera, cartón, papel, etc., se clasifican como:"
5238b36d-4f89-411f-99ca-c6025098d0d5,30,Emergencias en la mar,0,0,0,0.00,0.00,"En el caso de que detecte una vía de agua en su embarcación, ¿qué es lo que NO se debe hacer?"
07e44b06-18af-4ecd-b2ec-15b756f48fea,30,Emergencias en la mar,0,0,0,0.00,0.00,"En el caso de que detecte una vía de agua en su embarcación, ¿qué es lo que NO se debe hacer?"
a763f15f-0104-49f9-af1e-944f3d6f7817,30,Emergencias en la mar,0,0,0,0.00,0.00,En caso de un accidente que produzca quemaduras de 1er grado que afecten al 25% de la superficie cor
a39f8048-8018-4e3b-ab9e-4d0c29710c0e,30,Emergencias en la mar,0,0,0,0.00,0.00,"Si se detecta una vía de agua a bordo, se deberá inmediatamente:"
219fc5bf-7fb4-4b65-b341-616b495a0e5c,30,Emergencias en la mar,0,0,0,0.00,0.00,"Si al abandonar una embarcación es necesario lanzarse al agua, con carácter general el abandono de l"
cf190b74-998e-4b4d-a66f-c4aac032b069,30,Emergencias en la mar,0,0,0,0.00,0.00,Tras sufrir un abordaje:
85f620d3-d3fd-49b2-9721-b1f2828d33e2,30,Emergencias en la mar,0,0,0,0.00,0.00,"En relación con las medidas a tomar en la prevención de los abordajes, ¿cuál de las siguientes afirm"
f7a17391-8dd9-4073-a991-6fc1e183937d,31,Emergencias en la mar,0,0,0,0.00,0.00,"En relación con los accidentes personales a bordo, indique cuál de las siguientes afirmaciones es CO"
61fbf340-979c-4af5-9226-0c95ad3ee8cc,31,Emergencias en la mar,0,0,0,0.00,0.00,"Cuando extinguimos un fuego por sofocación, lo que eliminamos es:"
aeb99a32-36f3-44eb-a4c7-b3e9233fa072,31,Emergencias en la mar,0,0,0,0.00,0.00,"Si encontrándonos en una balsa salvavidas durante la noche, escuchamos medios aéreos en la zona, ¿cu"
7b394670-f14f-4ff9-aafe-04c0254b6e8c,31,Emergencias en la mar,0,0,0,0.00,0.00,"En el caso de sufrir una insolación o golpe de calor, al afectado se le debe:"
78dde156-7674-4d42-a026-c206b092f299,31,Emergencias en la mar,0,0,0,0.00,0.00,¿Qué es un espiche?
2ceed827-07f5-4648-9ce2-99b657212a7c,31,Emergencias en la mar,0,0,0,0.00,0.00,"En relación con la prevención de los abordajes, ¿cuál de las siguientes recomendaciones NO es adecua"
e2b5bfdf-249e-4818-a9a8-b2ba3e0c295b,31,Emergencias en la mar,0,0,0,0.00,0.00,"En relación con las medidas a tomar en la prevención de los abordajes, ¿cuál de las siguientes afirm"
0e5051a3-e034-4524-a8e1-1aa596f1b273,31,Emergencias en la mar,0,0,0,0.00,0.00,"En relación con los accidentes personales a bordo, indique cuál de las siguientes afirmaciones es CO"
d1336e18-b6ea-4554-b383-9141abbd3441,31,Emergencias en la mar,0,0,0,0.00,0.00,"En caso de sufrir un incendio a bordo, ¿qué NO se debe hacer?"
ec9f26f5-cd09-4813-993b-a2612366089f,31,Emergencias en la mar,0,0,0,0.00,0.00,"En relación con la prevención de los abordajes, ¿cuál de las siguientes recomendaciones NO es adecua"
957395aa-f56a-44c2-951c-893217a558ad,31,Emergencias en la mar,0,0,0,0.00,0.00,"Si encontrándonos en una balsa salvavidas durante la noche, escuchamos medios aéreos en la zona, ¿cu"
2601cc35-06d7-4f91-ac22-b3be57699006,31,Emergencias en la mar,0,0,0,0.00,0.00,"En el caso de que se vea obligado a abandonar una embarcación, ¿cuál de las siguientes afirmaciones "
546512a9-7759-4dde-9d30-b4231643d5c7,31,Emergencias en la mar,0,0,0,0.00,0.00,¿Cuál de las siguientes afirmaciones es INCORRECTA?
ecc02381-7730-4b7a-933a-8e43577562a5,31,Emergencias en la mar,0,0,0,0.00,0.00,¿Qué es un espiche?
dafa6f38-c874-425a-8b3b-b46b0525e426,31,Emergencias en la mar,0,0,0,0.00,0.00,Tras sufrir un abordaje:
39df9b09-d8ac-4fef-b54c-29401f8afd5a,31,Emergencias en la mar,0,0,0,0.00,0.00,¿Qué es un espiche?
7aca349c-a931-4322-9a73-24ced2250a6e,31,Emergencias en la mar,0,0,0,0.00,0.00,¿Cuál de las siguientes afirmaciones es INCORRECTA?
a07f03e2-0223-45d1-b93a-c49cdeb0cc73,31,Emergencias en la mar,0,0,0,0.00,0.00,"En el caso de que se vea obligado a abandonar una embarcación y si las circunstancias lo permiten, ¿"
8663536d-2586-4869-a01b-106e77722b88,31,Emergencias en la mar,0,0,0,0.00,0.00,"Si se ha sufrido una varada involuntaria, ¿cuál de las siguientes afirmaciones es INCORRECTA?"
d9cb5c48-73a6-48ef-b87b-8e9dbfad0303,31,Emergencias en la mar,0,0,0,0.00,0.00,"En el caso de abandono de nuestra embarcación, ¿cuándo se deben usar las señales pirotécnicas?"
b9a02bb6-d40c-48a5-8f70-6aea7e496e12,31,Emergencias en la mar,0,0,0,0.00,0.00,"En relación con la prevención de los abordajes, ¿cuál de las siguientes recomendaciones NO es adecua"
1c4710c4-0584-4369-bfd1-bd55ee6c3201,31,Emergencias en la mar,0,0,0,0.00,0.00,¿Cuál de las siguientes afirmaciones es CORRECTA?
826a24b2-e263-4008-b311-41dcf907b2d2,31,Emergencias en la mar,0,0,0,0.00,0.00,"En una situación de reflotamiento de un barco varado en fondo fangoso, ¿cuál de las siguientes actua"
a42a5164-59c6-4ac9-95ab-22920ebdf7ae,31,Emergencias en la mar,0,0,0,0.00,0.00,"Tras una varada involuntaria, ¿cuál sería la primera medida a tomar?"
e28c94b3-4085-4864-89ed-41059cb9181c,31,Emergencias en la mar,0,0,0,0.00,0.00,"En relación con el servicio Centro Radio-Médico Español, ¿cuál de las siguientes afirmaciones es COR"
fdf33738-0c2e-43d5-87b6-96c9d81b4ce9,31,Emergencias en la mar,0,0,0,0.00,0.00,"En la lucha contra el fuego, ¿cuál de las siguientes afirmaciones es CORRECTA?"
60d15d97-263c-4070-be87-c0f4518373c2,31,Emergencias en la mar,0,0,0,0.00,0.00,En relación con el reflote de una embarcación de recreo varada en fondo fangoso:
0fdba350-0c79-4fae-b134-95e11c900393,31,Emergencias en la mar,0,0,0,0.00,0.00,Tras sufrir un abordaje:
cee64e4c-9e76-4433-99f2-6ef8a990bf0d,31,Emergencias en la mar,0,0,0,0.00,0.00,"En caso de que se produzca una hemorragia nasal (epistaxis), ¿qué se debe hacer en un primer momento"
0c5ad6a2-b438-480a-9268-adb39227436d,31,Emergencias en la mar,0,0,0,0.00,0.00,"Si al abandonar una embarcación es necesario lanzarse al agua, con carácter general el abandono de l"
bbb80f11-0ab8-4e18-b02f-c05e795ed1d7,31,Emergencias en la mar,0,0,0,0.00,0.00,¿Cuándo abandonaremos el barco?
1a95b6fb-810f-45b6-92b5-4ba82706d51e,31,Emergencias en la mar,0,0,0,0.00,0.00,"Si se produce un incendio a bordo en el tanque de combustible, ¿qué agente extintor es el más adecua"
336d9367-e722-41cc-a898-7cec62e28682,31,Emergencias en la mar,0,0,0,0.00,0.00,En el caso de que se vea obligado a abandonar una embarcación ¿cuál de las siguientes afirmaciones e
7c697436-112b-4bfc-bb8c-265ebd3286a4,31,Emergencias en la mar,0,0,0,0.00,0.00,"En caso de un accidente a bordo que produzca una hemorragia interna, al afectado se le debe:"
865e63e9-e141-40ad-9e9f-c583224e9dba,31,Emergencias en la mar,0,0,0,0.00,0.00,Ante una quemadura de primer grado que afecte a un 30% de la superficie corporal de una persona a bo
4fa9e3f0-9974-4406-b4cf-fbec5868ea44,31,Emergencias en la mar,0,0,0,0.00,0.00,"En el caso de que se vea obligado a abandonar una embarcación y si las circunstancias lo permiten, ¿"
26ae1fc6-bfba-458f-9268-6f6fe3b15fdd,31,Emergencias en la mar,0,0,0,0.00,0.00,Las vías de agua se caracterizan por producirse:
cb0543d0-0fc2-42d9-bc41-d7448fdd9cb0,31,Emergencias en la mar,0,0,0,0.00,0.00,Ante una quemadura de primer grado que afecte a un 30% de la superficie corporal de una persona a bo
204b5ebe-a424-40c2-83fa-0393cfd5e3e1,31,Emergencias en la mar,0,0,0,0.00,0.00,"A la hora de reflotar una embarcación tras una varada involuntaria, ¿cuál de los siguientes aspectos"
11e419e5-15ad-4a3f-adc6-3b6c73555cdc,31,Emergencias en la mar,0,0,0,0.00,0.00,¿Cuál de las siguientes afirmaciones es INCORRECTA?
18e9bed3-5b38-4835-a3e3-c4c9dcbd56a3,31,Emergencias en la mar,0,0,0,0.00,0.00,"En el caso de que se vea obligado a abandonar una embarcación, ¿cuál de las siguientes medidas NO de"
2401c8c3-b440-4224-bbea-2f8fbe2633be,31,Emergencias en la mar,0,0,0,0.00,0.00,"Si se detecta una vía de agua a bordo, se deberá inmediatamente:"
e2ce41cc-c332-4f1c-9183-cf7f2d9b298a,31,Emergencias en la mar,0,0,0,0.00,0.00,"En el caso de tener que reflotar una embarcación tras una varada involuntaria, ¿cuál de las siguient"
d4d9d65e-cfb5-46f8-a33b-dea9cbdfbec6,31,Emergencias en la mar,0,0,0,0.00,0.00,"Si se produce un incendio a bordo en el tanque de combustible, ¿qué agente extintor es el más adecua"
d7a1ce11-dbe5-4d8e-9a2c-e763beadcc39,31,Emergencias en la mar,0,0,0,0.00,0.00,"En caso de sufrir un incendio a bordo, ¿qué NO se debe hacer?"
9f780a4f-4f25-48b0-be1e-e0e81e0cb623,31,Emergencias en la mar,0,0,0,0.00,0.00,Si se ha producido un incendio de grandes proporciones en la popa de la embarcación que no somos cap
99076958-bacf-4564-a4b6-774ea0df4402,31,Emergencias en la mar,0,0,0,0.00,0.00,¿Cuál de las siguientes afirmaciones es INCORRECTA?
8779bf6d-1d46-4ff6-ba42-8aa43c874cba,31,Emergencias en la mar,0,0,0,0.00,0.00,¿Qué es un espiche?
0b0bc59f-1622-4b58-b048-52d6557705f7,31,Emergencias en la mar,0,0,0,0.00,0.00,¿Qué tipo de incendios son los de clase B?
f1576d64-11f5-468d-95eb-ee3dbc889230,31,Emergencias en la mar,0,0,0,0.00,0.00,En relación con la asistencia médica de urgencia a distancia del servicio Centro Radio-Médico Españo
27f3dd01-703d-41a1-961e-2f3fe9572007,31,Emergencias en la mar,0,0,0,0.00,0.00,"En una situación de reflotamiento de un barco varado en fondo fangoso, ¿cuál de las siguientes actua"
58d4db27-35e7-40ed-a0ca-57b74d700efc,31,Emergencias en la mar,0,0,0,0.00,0.00,"En relación con los abordajes, ¿cuál de las siguientes afirmaciones es CORRECTA?"
3503e687-1931-49f8-9174-c17ded1cc106,31,Emergencias en la mar,0,0,0,0.00,0.00,"En relación con el Centro Radio-Médico Español (CRME), ¿cuál de las siguientes afirmaciones es INCOR"
3ff96ca1-f614-40aa-97ad-81a5b3a9fa86,31,Emergencias en la mar,0,0,0,0.00,0.00,"En relación con el servicio Centro Radio-Médico Español, ¿cuál de las siguientes afirmaciones es COR"
b043355e-7261-4f0f-a9a3-327c1f45675d,31,Emergencias en la mar,0,0,0,0.00,0.00,La extinción de un fuego mediante la eliminación de la reacción en cadena se llama:
6c9a5a49-5da2-4b86-8b54-390b26618ce9,31,Emergencias en la mar,0,0,0,0.00,0.00,¿Cuándo es más conveniente elegir el agua como agente extintor?
f383ec0d-fbaf-408a-a4da-5bad07100e49,31,Emergencias en la mar,0,0,0,0.00,0.00,"En relación con los accidentes personales a bordo, indique cuál de las siguientes afirmaciones es CO"
3a1973b7-3cf9-4f2a-967e-4129690c06ef,31,Emergencias en la mar,0,0,0,0.00,0.00,"Cuando se ha tomado la decisión de abandonar la embarcación, se realizará una Llamada Selectiva Digi"
f10c153c-370f-4ddf-8906-5244add15cfd,31,Emergencias en la mar,0,0,0,0.00,0.00,"Si una persona sufre quemaduras sin que existan lesiones por inhalación en vías respiratorias, NO se"
5cd772e7-d4fe-444a-9b6c-9ba536012689,31,Emergencias en la mar,0,0,0,0.00,0.00,"En el caso de que se vea obligado a abandonar una embarcación, ¿cuál de las siguientes afirmaciones "
6988e4bf-15e2-4629-8fe6-df9096ad8960,31,Emergencias en la mar,0,0,0,0.00,0.00,"Si descubre agua en la sentina de la embarcación, ¿cuál de las siguientes actuaciones es INCORRECTA?"
76d31edf-99e9-44e9-96a1-02a5b2ae657f,31,Emergencias en la mar,0,0,0,0.00,0.00,¿Qué se entiende por socairear el fuego?
2cb1f49c-0092-48ae-a185-fce73ca01fb5,31,Emergencias en la mar,0,0,0,0.00,0.00,Los incendios de clase D son los producidos por:
574b7ac5-932e-4eb2-96d2-fbf7fb752e64,31,Emergencias en la mar,0,0,0,0.00,0.00,"Tras una varada involuntaria, ¿cuál sería la primera medida a tomar?"
e9e8682d-3b43-471b-8c6f-e85769310881,31,Emergencias en la mar,0,0,0,0.00,0.00,"En el caso de que se vea obligado a abandonar una embarcación, ¿cuál de las siguientes afirmaciones "
59b690f2-8980-4e92-b01d-86b39bdee1a9,31,Emergencias en la mar,0,0,0,0.00,0.00,"En el caso de tener que reflotar una embarcación tras una varada involuntaria, ¿cuál de las siguient"
9e6729df-f180-4a71-9533-5779e389cee8,31,Emergencias en la mar,0,0,0,0.00,0.00,"En el caso de sufrir una insolación o golpe de calor, al afectado se le debe:"
589ca00b-db0c-4105-9071-387fa7bb9695,31,Emergencias en la mar,0,0,0,0.00,0.00,"En la lucha contra el fuego, ¿cuál de las siguientes afirmaciones es CORRECTA?"
aec34be4-aab6-4f23-90b5-142775b07375,31,Emergencias en la mar,0,0,0,0.00,0.00,"En el caso de que detecte una vía de agua en su embarcación y no pueda detener la entrada de agua, ¿"
db88e7b9-a10d-4f9b-9f4e-0a4116f162d3,31,Emergencias en la mar,0,0,0,0.00,0.00,¿Cuál de los siguientes lugares a bordo de una embarcación NO está identificado como un lugar de rie
546aad0e-40ef-43f4-9040-76954aed7468,31,Emergencias en la mar,0,0,0,0.00,0.00,"Inmediatamente después de haber sufrido un abordaje, ¿qué es lo que NO se debe hacer?"
32f1dd73-f4d7-44eb-bccc-85c0f1c9fa24,31,Emergencias en la mar,0,0,0,0.00,0.00,¿Qué es lo primero que debe hacerse en caso de abordaje?
88b1b913-748a-4ee6-bc61-5a530e5d9c33,31,Emergencias en la mar,0,0,0,0.00,0.00,¿Cuál de las siguientes afirmaciones es CORRECTA?
a6ba3ef6-bbee-40ab-8da2-e0dcda2a376d,31,Emergencias en la mar,0,0,0,0.00,0.00,"En el caso de que detecte una vía de agua en su embarcación y no pueda detener la entrada de agua, ¿"
e7b71b70-7cc0-4470-80d3-9022a526fabd,31,Emergencias en la mar,0,0,0,0.00,0.00,"Si al abandonar una embarcación es necesario lanzarse al agua, con carácter general el abandono de l"
e11730bf-ca69-4ee1-810c-614d786f810b,31,Emergencias en la mar,0,0,0,0.00,0.00,En el caso de que se vea obligado a abandonar una embarcación y permanecer flotando en el agua:
d7f77b94-95ae-465e-9724-835d20604678,31,Emergencias en la mar,0,0,0,0.00,0.00,Tras sufrir un abordaje:
f2786e44-2b52-42d9-a035-38ced67295d8,31,Emergencias en la mar,0,0,0,0.00,0.00,¿Cuál de los siguientes lugares a bordo de una embarcación NO está identificado como un lugar de rie
9b0b80b4-9cb2-40ef-9c7d-76d2ce983646,31,Emergencias en la mar,0,0,0,0.00,0.00,"En relación con los accidentes personales a bordo, indique cuál de las siguientes afirmaciones es CO"
2e7028e6-811b-40da-a728-59eb2231453c,31,Emergencias en la mar,0,0,0,0.00,0.00,En el caso de que se vea obligado a abandonar una embarcación ¿cuál de las siguientes afirmaciones e
63a3c462-47a1-4c95-a2ef-34c60b119069,31,Emergencias en la mar,0,0,0,0.00,0.00,¿Cuál de las siguientes afirmaciones es CORRECTA?
6c922068-9809-4808-bc72-285a59471791,31,Emergencias en la mar,0,0,0,0.00,0.00,"En el caso de que se vea obligado a abandonar una embarcación, ¿cuál de las siguientes afirmaciones "
de85c262-23cc-408c-ba98-ebe9343d588a,31,Emergencias en la mar,0,0,0,0.00,0.00,En el caso de que se vea obligado a abandonar una embarcación y permanecer flotando en el agua:
0e976b5a-a4a1-46e1-9909-5e2e6dda2c81,31,Emergencias en la mar,0,0,0,0.00,0.00,"En el caso de abandono de nuestra embarcación, ¿cuándo se deben usar las señales pirotécnicas?"
65e2b722-9cb1-4633-86d2-3531e49c7a38,32,Emergencias en la mar,0,0,0,0.00,0.00,¿Qué es lo primero que se debe hacer tras un abordaje?
0bc1c21f-8dd1-46b2-a7cb-4def58db4745,32,Emergencias en la mar,0,0,0,0.00,0.00,"En caso de sufrir un incendio a bordo, ¿qué NO se debe hacer?"
18856908-0e1a-445a-8383-a3457761e49e,32,Emergencias en la mar,0,0,0,0.00,0.00,En relación con la asistencia médica de urgencia a distancia del servicio Centro Radio-Médico Españo
2c6389da-0a3b-4115-8b2c-09a72ed6cb4f,32,Emergencias en la mar,0,0,0,0.00,0.00,"Si se ve obligado a abandonar la embarcación, ¿cuál de las siguientes indicaciones a seguir es CORRE"
c1e6fd34-d8fb-4e48-bc0d-eeed6209cfc3,32,Emergencias en la mar,0,0,0,0.00,0.00,¿Cuál de las siguientes afirmaciones es INCORRECTA?
2edc426b-b2b5-4e60-a2a4-e18f8628620e,32,Emergencias en la mar,0,0,0,0.00,0.00,"En relación con las vías de agua, ¿cuál de las siguientes afirmaciones es CORRECTA?"
f79fdbee-f150-4dd6-9b5b-c9fd0e263080,32,Emergencias en la mar,0,0,0,0.00,0.00,"Si descubre agua en la sentina de la embarcación, ¿cuál de las siguientes actuaciones es INCORRECTA?"
b8d5e4b3-6e16-4ea0-bec9-e6616985a122,32,Emergencias en la mar,0,0,0,0.00,0.00,¿Cuál de las siguientes afirmaciones es INCORRECTA?
5fb91708-4cf1-4052-abce-b2a679456b05,32,Emergencias en la mar,0,0,0,0.00,0.00,En relación con el reflote de una embarcación de recreo varada:
a6e71045-151d-41f5-bbdf-d545458ae282,32,Emergencias en la mar,0,0,0,0.00,0.00,¿Cuál de las siguientes afirmaciones es INCORRECTA?
df73ac31-5a03-45c8-9429-a3799612f5a0,32,Emergencias en la mar,0,0,0,0.00,0.00,¿Cuál de las siguientes afirmaciones es INCORRECTA?
d734356e-f12a-4023-9108-afd179b8ce14,32,Emergencias en la mar,0,0,0,0.00,0.00,La extinción de un fuego mediante la eliminación de la reacción en cadena se llama:
af63ca0f-855d-4434-a331-d65220afc0fd,32,Emergencias en la mar,0,0,0,0.00,0.00,"Si descubre agua en la sentina de la embarcación, ¿cuál de las siguientes actuaciones es INCORRECTA?"
b8e7621a-2539-473e-9377-b7fa7a8fdb36,32,Emergencias en la mar,0,0,0,0.00,0.00,"En caso de sufrir un incendio a bordo, ¿qué NO se debe hacer?"
e33a7e58-aa35-4151-819f-a95e57dbbefb,32,Emergencias en la mar,0,0,0,0.00,0.00,"En relación con los abordajes, ¿cuál de las siguientes afirmaciones es CORRECTA?"
88ac3ed5-cf6b-49d8-97a4-6de02532941a,32,Emergencias en la mar,0,0,0,0.00,0.00,"Si se ve obligado a abandonar la embarcación, ¿cuál de las siguientes indicaciones a seguir es CORRE"
125c3a36-530d-4cae-9e08-3376f9f23898,32,Emergencias en la mar,0,0,0,0.00,0.00,En relación con las medidas a tomar para salir de una embarrancada o varada que se produzca en un fo
0e32fc88-d5b7-464e-a12e-561154e52f6a,32,Emergencias en la mar,0,0,0,0.00,0.00,"En una situación de reflotamiento de un barco varado en fondo fangoso, ¿cuál de las siguientes actua"
8e620d18-20f1-4c21-a0b7-3b13a9f972f6,32,Emergencias en la mar,0,0,0,0.00,0.00,En relación con el reflote de una embarcación de recreo varada:
8d35017e-668e-4908-9d7e-9b0426c60e2a,32,Emergencias en la mar,0,0,0,0.00,0.00,En relación con la prevención de los abordajes ¿cuál de las siguientes medidas es CORRECTA?
123a27a1-c13d-4960-b370-915829b63828,32,Emergencias en la mar,0,0,0,0.00,0.00,¿Cuál de las siguientes afirmaciones es INCORRECTA?
b6aab570-ea5a-44c1-9962-ee0a12ee5f4a,32,Emergencias en la mar,0,0,0,0.00,0.00,¿Cuál de las siguientes afirmaciones es CORRECTA?
7d4c7e32-74e4-4bb0-8f82-f1fac7606284,32,Emergencias en la mar,0,0,0,0.00,0.00,"¿Qué medida resulta, en general, contraproducente en un abordaje?"
0c628c5e-81bd-4dbe-b556-38c96e89b246,32,Emergencias en la mar,0,0,0,0.00,0.00,¿Cuál de las siguientes afirmaciones es CORRECTA?
0acf6914-261b-4c15-8159-d56bfd205fa7,32,Emergencias en la mar,0,0,0,0.00,0.00,En caso de un accidente que produzca quemaduras de 1er grado que afecten al 25% de la superficie cor
66b7bee8-6991-43e6-8c07-d2ccc07815ef,32,Emergencias en la mar,0,0,0,0.00,0.00,¿Cuál de las siguientes afirmaciones es CORRECTA?
9deb2af8-d4e6-4541-9882-dbad36ce0c0f,32,Emergencias en la mar,0,0,0,0.00,0.00,Si se ha producido un incendio de grandes proporciones en la popa de la embarcación que no somos cap
44efe46e-e4eb-4b89-b18e-a00c802c091f,32,Emergencias en la mar,0,0,0,0.00,0.00,"En el caso de tener que reflotar una embarcación tras una varada involuntaria, ¿cuál de las siguient"
c4b1de56-ab04-4f12-a7c4-4f07aee7a968,32,Emergencias en la mar,0,0,0,0.00,0.00,¿Cuál de las siguientes señales visuales de socorro NO es recomendable usar en los casos en los que 
4f2e908b-d3aa-4078-94c9-523c5de52bc3,32,Emergencias en la mar,0,0,0,0.00,0.00,¿Qué se entiende por socairear el fuego?
fea94595-a214-40ef-b753-227d4a7aa7ab,32,Emergencias en la mar,0,0,0,0.00,0.00,¿Cuál de los siguientes lugares a bordo de una embarcación NO está identificado como un lugar de rie
4cf78309-8128-4253-aa45-163c1f88fa04,32,Emergencias en la mar,0,0,0,0.00,0.00,Si queremos liberar una embarcación tras producirse una varada involuntaria en la que no se han prod
b8efbb44-dff2-4bdd-8b58-7f012b4f344d,32,Emergencias en la mar,0,0,0,0.00,0.00,¿Cuál de las siguientes afirmaciones sobre el uso de las bengalas en el abandono de una embarcación 
932b8064-1a60-482f-967a-ae7f8792a0c9,32,Emergencias en la mar,0,0,0,0.00,0.00,"En el caso de abandono de nuestra embarcación, ¿cuándo se deben usar las señales pirotécnicas?"
2c621008-d033-4a32-8b7b-69ec0370b928,32,Emergencias en la mar,0,0,0,0.00,0.00,"En el caso de que se vea obligado a abandonar una embarcación y no disponga de balsa salvavidas, ¿cu"
9dc7f518-3d2a-4b78-8ba9-c5e145c72f30,32,Emergencias en la mar,0,0,0,0.00,0.00,"En caso de abordaje, indique cuál de las siguientes afirmaciones es CORRECTA."
df43c388-a149-4f20-abb7-652dc48eec11,32,Emergencias en la mar,0,0,0,0.00,0.00,"Inmediatamente después de haber sufrido un abordaje, ¿qué es lo que NO se debe hacer?"
e59b23c1-b025-4f8a-a199-956bd761c241,32,Emergencias en la mar,0,0,0,0.00,0.00,"En el caso de que se declare un incendio a bordo, ¿qué NO se debe hacer?"
04aa7739-f701-49c3-a630-7f0d324bec55,32,Emergencias en la mar,0,0,0,0.00,0.00,Las vías de agua se caracterizan por producirse:
615affa3-beb1-4cea-9282-ca878608b929,32,Emergencias en la mar,0,0,0,0.00,0.00,La clasificación UNE de los incendios se basa en:
782dd6b6-9833-4b72-b7d3-8ad197c95171,32,Emergencias en la mar,0,0,0,0.00,0.00,¿Qué tipo de incendios son los de clase B?
fa9608bf-8f9b-4920-b821-7c942412128c,32,Emergencias en la mar,0,0,0,0.00,0.00,"En una situación de reflotamiento de un barco varado en fondo fangoso, ¿cuál de las siguientes actua"
70ded0cc-cf66-4416-9bdc-bc2f58b7f2d2,32,Emergencias en la mar,0,0,0,0.00,0.00,"En un incendio a bordo, ¿qué entendemos por socairear el fuego?"
c5c30b96-a88e-4709-b354-6fc24e9b177f,32,Emergencias en la mar,0,0,0,0.00,0.00,¿Cuál de los siguientes lugares a bordo de una embarcación NO está identificado como un lugar de rie
f7cd1bbb-76b8-46ce-9547-c20c980235b7,32,Emergencias en la mar,0,0,0,0.00,0.00,"Si una persona sufre quemaduras a bordo, ¿qué NO se debe hacer?"
0f7595f2-43a6-4b02-8755-46605c4ea1ae,32,Emergencias en la mar,0,0,0,0.00,0.00,"Si descubre agua a bordo y ésta es salada y caliente, ¿qué debe hacer?"
5e9dbb73-4fd7-4580-8892-8ef8426f81d2,32,Emergencias en la mar,0,0,0,0.00,0.00,"Si descubre agua a bordo y ésta es salada y caliente, ¿qué debe hacer?"
bf6566ea-184d-475b-85d3-670aec954cf1,32,Emergencias en la mar,0,0,0,0.00,0.00,"Los factores que han de concurrir, según el tetraedro del fuego, para que se produzca un incendio so"
f36f7a99-b9f9-4af8-9896-bbd0bbf47660,32,Emergencias en la mar,0,0,0,0.00,0.00,"En caso de abordaje, indique cuál de las siguientes afirmaciones es CORRECTA."
ceb22c5f-03a3-4b8b-b1ed-d7f2f814330a,32,Emergencias en la mar,0,0,0,0.00,0.00,La clasificación UNE de los incendios se basa en:
5cebc774-a526-4869-8a6b-be47ecc78c54,32,Emergencias en la mar,0,0,0,0.00,0.00,"Si descubre agua a bordo y ésta es salada y caliente, ¿qué debe hacer?"
b474dffa-fce4-444b-81cc-448e8f7cc8c9,32,Emergencias en la mar,0,0,0,0.00,0.00,La clasificación UNE de los incendios se basa en:
e018de35-2ad3-46d1-b7d1-64c368ac77ef,32,Emergencias en la mar,0,0,0,0.00,0.00,"En el caso de abandono de nuestra embarcación, ¿cuándo se deben usar las señales pirotécnicas?"
ee7b7ba3-dacb-4e2d-9667-e210d76350e1,32,Emergencias en la mar,0,0,0,0.00,0.00,"Tras una varada involuntaria, ¿cuál sería la primera medida a tomar?"
f49ed785-ca4d-426a-91fd-0ce809ad5570,32,Emergencias en la mar,0,0,0,0.00,0.00,"Si se produce un incendio a bordo en el tanque de combustible, ¿qué agente extintor es el más adecua"
4c7aacc4-d2f1-4e91-9f5b-0f5f08ebbf02,32,Emergencias en la mar,0,0,0,0.00,0.00,La clasificación UNE de los incendios se basa en:
4df999a0-6a91-407d-b996-0818675dcb3d,32,Emergencias en la mar,0,0,0,0.00,0.00,¿Qué es lo primero que debe hacerse en caso de abordaje?
5e20b0ce-6b54-4ab9-90f3-705f5f0b3e76,32,Emergencias en la mar,0,0,0,0.00,0.00,¿Cuál de las siguientes señales visuales de socorro NO es recomendable usar en los casos en los que 
0b57e1ea-b432-499b-8707-cdd54df69a9c,32,Emergencias en la mar,0,0,0,0.00,0.00,En caso de un accidente que produzca quemaduras de 1er grado que afecten al 25% de la superficie cor
81d6439a-1941-451f-8210-ba7af1053a36,32,Emergencias en la mar,0,0,0,0.00,0.00,"Si descubre agua a bordo y ésta es salada y caliente, ¿qué debe hacer?"
486e8f51-8ac8-4a21-8d40-32cefb3a7f55,32,Emergencias en la mar,0,0,0,0.00,0.00,"Tras una varada involuntaria, ¿cuál sería la primera medida a tomar?"
5f034c40-add8-4d70-84d2-d002a9653a50,32,Emergencias en la mar,0,0,0,0.00,0.00,"Si una persona sufre quemaduras a bordo, ¿qué NO se debe hacer?"
4df2c941-ed87-4ffe-b57c-338cce224148,32,Emergencias en la mar,0,0,0,0.00,0.00,"En una varada involuntaria o embarrancada, ¿en qué caso podría ser aconsejable mover lateralmente a "
56179a79-ae62-4290-b51e-45468c9ede55,32,Emergencias en la mar,0,0,0,0.00,0.00,En el caso de producirse una vía de agua a bordo:
d7992e9b-8a2f-4864-8364-298ae8ba3fd7,32,Emergencias en la mar,0,0,0,0.00,0.00,"Tras un abordaje con daños en ambas embarcaciones, ¿cuál de las siguientes afirmaciones es CORRECTA?"
71cb8185-d413-4257-9435-33b73892ec4b,32,Emergencias en la mar,0,0,0,0.00,0.00,"Tras un abordaje con daños en ambas embarcaciones, ¿cuál de las siguientes afirmaciones es CORRECTA?"
9b16d345-2ed7-4399-ab53-5b92dbdd94b3,32,Emergencias en la mar,0,0,0,0.00,0.00,Los incendios de clase D son los producidos por:
60f61761-0622-474d-900d-6010823b87ca,32,Emergencias en la mar,0,0,0,0.00,0.00,En relación con el reflote de una embarcación de recreo varada en fondo fangoso:
538d92ff-62bd-4c58-9780-38949a0c0710,32,Emergencias en la mar,0,0,0,0.00,0.00,Una vez se ha producido una varada involuntaria ¿cuál de las siguientes afirmaciones es INCORRECTA e
eecae427-6d3a-48d9-a899-e39d885b5a93,32,Emergencias en la mar,0,0,0,0.00,0.00,"En un incendio a bordo, ¿qué entendemos por socairear el fuego?"
8ce6742c-6acc-4f41-ba3f-5ed1131e33b3,32,Emergencias en la mar,0,0,0,0.00,0.00,"En caso de varada, para liberar una embarcación por medios propios utilizando las mareas, deberá esp"
770fcbde-353e-4225-bab7-26b035b2a34c,32,Emergencias en la mar,0,0,0,0.00,0.00,Una vez se ha producido una varada involuntaria ¿cuál de las siguientes afirmaciones es INCORRECTA e
606b231f-ec7f-4f8b-b8de-1ea5695cb26a,32,Emergencias en la mar,0,0,0,0.00,0.00,"En relación con las vías de agua, ¿cuál de las siguientes afirmaciones es CORRECTA?"
9d06d250-a33f-4d0a-aed0-ac44d691cdaf,32,Emergencias en la mar,0,0,0,0.00,0.00,"Cuando se ha tomado la decisión de abandonar la embarcación, se realizará una Llamada Selectiva Digi"
d8e2ca87-c5e5-4ed1-819f-86835d320f29,32,Emergencias en la mar,0,0,0,0.00,0.00,"Si se produce un incendio a bordo en el tanque de combustible, ¿qué agente extintor es el más adecua"
4ff792b9-6f17-4cd0-8a2e-501ededd4537,32,Emergencias en la mar,0,0,0,0.00,0.00,"Si se detecta a bordo un incendio originado en el tanque de combustible de la embarcación, ¿cuál de "
40001e9a-536d-463a-af89-7db0ef4d7950,32,Emergencias en la mar,0,0,0,0.00,0.00,¿Cuándo es más conveniente elegir el agua como agente extintor?
fbbd5c97-bbe0-4d5a-894b-ab3dd900b2ce,32,Emergencias en la mar,0,0,0,0.00,0.00,"En relación con el Centro Radio-Médico Español (CRME), ¿cuál de las siguientes afirmaciones es INCOR"
6e5dcec8-ab27-41d8-ba3d-689fb80fda45,32,Emergencias en la mar,0,0,0,0.00,0.00,¿Qué es lo primero que se debe hacer tras un abordaje?
ab65019b-6be7-4a85-b649-38e9e7f72653,32,Emergencias en la mar,0,0,0,0.00,0.00,En el caso de producirse una vía de agua a bordo:
e8f64b20-e192-48bc-a89f-ebafe302dba2,32,Emergencias en la mar,0,0,0,0.00,0.00,En relación con las medidas a tomar para salir de una embarrancada o varada que se produzca en un fo
88b65055-9b86-47c9-8c75-e163970d9d11,32,Emergencias en la mar,0,0,0,0.00,0.00,¿Cuál de las siguientes afirmaciones es INCORRECTA?
018682bf-e25c-43d7-8007-7c28715b8cf7,11,Legislación,0,0,0,0.00,0.00,En las zonas especiales se permitirá la descarga en el mar de desechos de alimentos:
7cbbcc48-6e3e-4eb9-ac60-f29daea91395,11,Legislación,0,0,0,0.00,0.00,¿Cuántas Zonas Especialmente Protegidas de Importancia para el Mediterráneo (ZEPIM) existen en la ac
c98ab5e6-bc5f-4f0e-8be7-6f7fc4e6d217,11,Legislación,0,0,0,0.00,0.00,"Todo aquel que gobierne una embarcación de recreo abanderada en otro Estado, que navegue por aguas e"
737f7af8-92c3-436a-8e08-161a9c53bf27,11,Legislación,0,0,0,0.00,0.00,¿Cuál de los siguientes espacios está comprendido en la Lista del ZEPIM (Zonas Especialmente Protegi
9360e399-f34c-4737-8536-461ba86ca14c,11,Legislación,0,0,0,0.00,0.00,"Las embarcaciones deportivas o de recreo autorizadas para un máximo de doce pasajeros, con base en u"
6223f6bc-3ff0-449d-af84-4c3d655e41bd,11,Legislación,0,0,0,0.00,0.00,¿A qué velocidad mínima debe navegar su embarcación para tener permitida la descarga de aguas sucias
fb6c1786-071b-41cf-91b5-ff48833a29b0,11,Legislación,0,0,0,0.00,0.00,Si el capitán de un buque recibe una señal de socorro que le indique que hay personas en peligro en 
1b36352a-c526-44e7-82f0-823529ba6962,11,Legislación,0,0,0,0.00,0.00,"Todos los buques o embarcaciones, a excepción de la embarcación de apoyo, deberán mantenerse a una d"
12464470-851b-4fd5-8b0c-06cc020b092f,11,Legislación,0,0,0,0.00,0.00,Las banderas y enseñas reconocidas en los Estatutos de las Comunidades Autónomas:
9949e43e-cc6e-45a1-87f1-34b3a2e28883,11,Legislación,0,0,0,0.00,0.00,La descarga de las siguientes basuras en el mar fuera de las zonas especiales solo se permitirá mien
04e9770c-c23e-452b-a903-53b1c756b270,11,Legislación,0,0,0,0.00,0.00,En las embarcaciones de recreo nacionales:
5e217e44-a895-4200-bcf7-1549d5101343,11,Legislación,0,0,0,0.00,0.00,"El Real Decreto 339/2021, de 18 de mayo, prohíbe la descarga de aguas sucias por las embarcaciones d"
9c79b2d2-db0f-496f-8cd0-753206ccde07,11,Legislación,0,0,0,0.00,0.00,En las zonas especiales se permitirá la descarga en el mar de desechos de alimentos:
67a6b543-c485-48c8-9a07-d59704266213,11,Legislación,0,0,0,0.00,0.00,"Las embarcaciones de recreo con marcado CE de eslora igual o inferior a 12 metros que se acojan al
r"
724ad89d-6ae9-42be-95ec-27697d0a6fa1,11,Legislación,0,0,0,0.00,0.00,"En el supuesto de observar una bandera roja con una franja en diagonal blanca, se entenderá el sigui"
25d8c235-38d0-41e6-8bab-c55cfd2d978f,11,Legislación,0,0,0,0.00,0.00,De acuerdo con la Regla 6 del Anexo V del Convenio MARPOL “Descarga de basuras dentro de zonas espec
52cf71ba-d869-4e40-9fb3-4e07f620dfd7,11,Legislación,0,0,0,0.00,0.00,"Conforme al artículo 33.1 del Convenio internacional para la seguridad de la vida humana en el mar, "
7ae496a7-462c-4ad9-b464-d48d88b25c6c,11,Legislación,0,0,0,0.00,0.00,¿Cuál de los siguientes espacios no está comprendido en la lista ZEPIM (Zonas Especialmente Protegid
389b33d7-0346-4009-9a4f-cba584857f03,11,Legislación,0,0,0,0.00,0.00,¿A qué velocidad mínima debe navegar su embarcación para tener permitida la descarga de aguas sucias
af90efdc-8e80-458a-82c7-261a175ce91a,11,Legislación,0,0,0,0.00,0.00,"Según el artículo 22 del Real Decreto 339/2021, de 18 de mayo, por el que se regula el equipo de seg"
1821028c-853e-430a-ab42-a71b1bb1343c,11,Legislación,0,0,0,0.00,0.00,En las zonas especiales se permitirá la descarga de desechos de alimentos en el mar mientras el buqu
3509e58e-f7bc-45e0-ae91-acaa86a3c7ae,11,Legislación,0,0,0,0.00,0.00,Ante un avistamiento de contaminación durante la navegación:
3b29f44f-3288-4fca-874a-738a458596d9,11,Legislación,0,0,0,0.00,0.00,"Todo aquel que gobierne una embarcación de recreo abanderada en otro Estado, que navegue por aguas e"
f483d745-8c06-43cd-8916-6db553c6972e,11,Legislación,0,0,0,0.00,0.00,Si el capitán de un buque recibe una señal de socorro que le indique que hay personas en peligro en 
94fcf405-c164-417e-a970-a5c79b0e7ae5,11,Legislación,0,0,0,0.00,0.00,El derecho a navegar no incluirá el derecho de detenerse o fondear fuera de las zonas de servicio de
6a5a1f7b-1b21-4da4-8aa9-1ee9ded89127,11,Legislación,0,0,0,0.00,0.00,"Conforme al Real Decreto 339/2021, de 18 de mayo, por el que se regula el equipo de seguridad y de p"
55a8fd59-a452-49b1-bff9-808c37c23a14,11,Legislación,0,0,0,0.00,0.00,"Según el artículo 23 del Real Decreto 339/2021, de 18 de mayo, por el que se regula el equipo de seg"
224e3ed8-37c8-46ee-bb70-6a2b09d16608,11,Legislación,0,0,0,0.00,0.00,Para el gobierno de una embarcación de recreo es necesario superar un reconocimiento psicofísico que
5884fde8-a948-4cec-9456-bb07494ac0d3,11,Legislación,0,0,0,0.00,0.00,"Cuando se navega en una embarcación de recreo, existe la obligación de llevar a bordo la documentaci"
16a240ac-54f5-41a2-a15a-4f1f2ec859c8,11,Legislación,0,0,0,0.00,0.00,"Cuando se navega en una embarcación de recreo, existe la obligación de llevar a bordo la documentaci"
18de6b21-b957-492f-8a26-cb75259c6829,11,Legislación,0,0,0,0.00,0.00,Según la Regla 3 del Capítulo V del Convenio Internacional para prevenir la contaminación por los bu
87e86341-0ece-4a53-876b-670bfc42a844,11,Legislación,0,0,0,0.00,0.00,"Respecto a la seguridad en la navegación y los mensajes de socorro, señale la opción INCORRECTA."
28ce1154-886e-4387-b7af-16f28fd677cd,11,Legislación,0,0,0,0.00,0.00,"Las embarcaciones deportivas o de recreo autorizadas para un máximo de doce pasajeros, con base en u"
64bc1812-ea7c-459c-9d26-30e333662326,11,Legislación,0,0,0,0.00,0.00,En las zonas especiales se permitirá la descarga de desechos de alimentos en el mar mientras el buqu
d84978a3-213e-4a58-88d8-a0724e4277f1,11,Legislación,0,0,0,0.00,0.00,"Según el artículo 22 del Real Decreto 339/2021, de 18 de mayo, por el que se regula el equipo de seg"
8dfd0804-14ed-476b-a263-f11d23c6c965,11,Legislación,0,0,0,0.00,0.00,Deben tener seguro de responsabilidad civil de suscripción obligatoria en vigor:
b909bdfd-0ee8-4ec4-a450-f38f0c2035be,11,Legislación,0,0,0,0.00,0.00,Para la protección de las praderas de Posidonia Oceánica:
c0d10d08-85f5-4712-bda2-bdda7b16e799,11,Legislación,0,0,0,0.00,0.00,En el Código Internacional de Señales se establece que el significado de la bandera «Alfa» izada ais
1ebe924c-2b17-441d-b851-1671b5821978,11,Legislación,0,0,0,0.00,0.00,¿Cuál de los siguientes espacios no está comprendido en la lista ZEPIM (Zonas Especialmente Protegid
66583481-073f-4c5a-a2fc-9ff870b61ebb,11,Legislación,0,0,0,0.00,0.00,Todo propietario de embarcaciones de recreo o deportivas deberá tener asegurada la responsabilidad c
57739ce9-289e-40d1-a00e-2eb09d5a11cd,11,Legislación,0,0,0,0.00,0.00,"Todos los buques o embarcaciones, a excepción de la embarcación de apoyo, deberán mantenerse a una d"
b253b4df-5144-4186-be49-2e64a810d987,11,Legislación,0,0,0,0.00,0.00,"De acuerdo con la Regla 4 del Anexo V del Convenio MARPOL, indique cuál de las siguientes afirmacion"
12c83170-4202-4886-9793-42165cca98a7,11,Legislación,0,0,0,0.00,0.00,Para la protección de las praderas de Posidonia Oceánica:
15be615b-8ead-4b19-a0db-dd1cb7674246,11,Legislación,0,0,0,0.00,0.00,En el Código Internacional de Señales se establece que el significado de la bandera «Alfa» izada ais
b28313f5-1132-45c0-83ee-b081b16f63f2,11,Legislación,0,0,0,0.00,0.00,"Conforme a lo dispuesto en la Regla 4 del Anexo V del Convenio MARPOL, la descarga de basuras en el "
1227afaf-abe4-4324-9623-df60c984d6cd,11,Legislación,0,0,0,0.00,0.00,La descarga de las siguientes basuras en el mar fuera de las zonas especiales solo se permitirá mien
18ec2cc9-3b02-4290-a1c5-e8a47a0592bb,11,Legislación,0,0,0,0.00,0.00,"Conforme a lo dispuesto en la Regla 4 del Anexo V del Convenio MARPOL, la descarga de basuras en el "
534c2960-d120-4b65-8ffc-08815f4c9c9e,11,Legislación,0,0,0,0.00,0.00,Los reconocimientos periódicos de las embarcaciones de recreo NO son obligatorios para:
b11a2db5-0546-42a1-9d16-4792f707261a,11,Legislación,0,0,0,0.00,0.00,"Conforme a lo dispuesto en el Anexo V, Regla 3, del Convenio Internacional para prevenir la contamin"
d7f1cc07-d503-4960-9459-06072f089bae,11,Legislación,0,0,0,0.00,0.00,Si el Certificado de navegabilidad es requerido por las autoridades competentes y no se encuentra a 
80cd9204-174a-4f69-9aef-9b50af46f659,11,Legislación,0,0,0,0.00,0.00,11 ¿Cuál de los siguientes espacios naturales NO está comprendido en la Lista del ZEPIM (Zonas Espec
b1199850-1040-49c1-a07e-fd9b3789ee2d,12,Legislación,0,0,0,0.00,0.00,En las embarcaciones de recreo nacionales:
c33e70b4-4184-4aef-89ce-56440ba90d1c,12,Legislación,0,0,0,0.00,0.00,Los reconocimientos periódicos de las embarcaciones de recreo NO son obligatorios para:
dabb8b36-7d1c-408f-bf8b-2aab56818973,12,Legislación,0,0,0,0.00,0.00,En los casos de infracciones por contaminación del medio marino producidas desde buques o embarcacio
aced5072-78ff-4da0-add8-76753835c1db,12,Legislación,0,0,0,0.00,0.00,Las embarcaciones de recreo con marcado CE de eslora igual o inferior a 12 metros que se acojan al
afecf420-439b-4bec-a3f1-95826c0658f1,12,Legislación,0,0,0,0.00,0.00,"En un tramo de costa donde no está balizada la zona de baño, si usted se encuentra a menos de 50"
16f3ef5e-4818-46c5-914e-ea6756ce6f5e,12,Legislación,0,0,0,0.00,0.00,Navegando con una embarcación para uso privado se divisa un dispositivo de balizamiento en superfici
7bb8a322-a854-45c8-bd47-9b21a2d87b5b,12,Legislación,0,0,0,0.00,0.00,"Encontrando una zona de buceo señalizada mediante el dispositivo de balizamiento en superficie, los "
0fdf1edc-85b0-45be-9ec4-fd2abaf18e5c,12,Legislación,0,0,0,0.00,0.00,El derecho a navegar no incluirá el derecho de detenerse o fondear fuera de las zonas de servicio de
d84bcd22-bda7-485c-9116-61b8a5333407,12,Legislación,0,0,0,0.00,0.00,"Fuera de las zonas especiales, la descarga en el mar de desechos de alimentos que hayan pasado por u"
d0a067ac-f343-45e8-b6a9-4e169e27ebcb,12,Legislación,0,0,0,0.00,0.00,Las Zonas Especialmente Protegidas de Importancia para el Mediterráneo (ZEPIM) son:
89043e98-c770-4d2d-8370-ca000b475ccd,12,Legislación,0,0,0,0.00,0.00,"El Real Decreto 339/2021, de 18 de mayo, prohíbe la descarga de aguas sucias por las embarcaciones d"
28db368d-af05-44de-8044-518193c7edfd,12,Legislación,0,0,0,0.00,0.00,Deben tener seguro de responsabilidad civil de suscripción obligatoria en vigor:
a89619b7-cb31-4c53-b334-14a0bf6f71b3,12,Legislación,0,0,0,0.00,0.00,"Encontrando una zona de buceo señalizada mediante el dispositivo de balizamiento en superficie, los "
1f2f7865-fd17-4c80-8e3a-22b644c270be,12,Legislación,0,0,0,0.00,0.00,"En relación con la “Notificación de incidentes y accidentes en el mar”, indique cuál de las siguient"
8a74a274-5f55-463d-8f49-c1e969eb9fd4,12,Legislación,0,0,0,0.00,0.00,Navegando con una embarcación para uso privado se divisa un dispositivo de balizamiento en superfici
240cb2e6-dd08-47f9-94dc-bd3337f98fdb,12,Legislación,0,0,0,0.00,0.00,Las Zonas Especialmente Protegidas de Importancia para el Mediterráneo (ZEPIM) son:
c052f2eb-664e-44da-9231-d0a7cd6a3d20,12,Legislación,0,0,0,0.00,0.00,"En relación con la “Notificación de incidentes y accidentes en el mar”, indique cuál de las siguient"
9cebb805-6a30-466a-aa62-95431d56bcf6,12,Legislación,0,0,0,0.00,0.00,"En un tramo de costa donde no está balizada la zona de baño, si usted se encuentra a menos de 50"
961b3c51-2993-435f-8832-b449532b7518,12,Legislación,0,0,0,0.00,0.00,Las Zonas Especialmente Protegidas de Importancia para el Mediterráneo (ZEPIM) son:
b2c44f41-ba19-4bc4-be26-2519c9b3bc0d,12,Legislación,0,0,0,0.00,0.00,La documentación acreditativa de la vigencia del seguro de responsabilidad civil de suscripción obli
ba966ec9-e17a-41ef-a957-4f6b2babae37,12,Legislación,0,0,0,0.00,0.00,En un tramo de costa carente de señalización o balizamiento de la zona de baño:
29d8e054-867d-4c1c-ae63-9a236646541d,12,Legislación,0,0,0,0.00,0.00,11 ¿Cuál de los siguientes espacios naturales NO está comprendido en la Lista del ZEPIM (Zonas Espec
d8c86c65-922d-4e3e-b05d-529bec223114,12,Legislación,0,0,0,0.00,0.00,"Según la Orden FOM/1144/2003, en las rías, bahías y similares, la descarga de aguas sucias:"
f2913014-35b0-46c2-97f1-29437042a129,12,Legislación,0,0,0,0.00,0.00,"Conforme al Real Decreto 339/2021, de 18 de mayo, por el que se regula el equipo de seguridad y de p"
77a042ac-17ff-4222-ac45-9fd803598576,12,Legislación,0,0,0,0.00,0.00,"Según lo regulado en el Real Decreto 339/2021, de 18 de mayo, se prohíbe la descarga de aguas sucias"
cc7443aa-174c-4fbd-966f-b78c7d9973f8,12,Legislación,0,0,0,0.00,0.00,"Conforme a lo dispuesto en el Anexo V, Regla 3, del Convenio Internacional para prevenir la contamin"
709652d0-bdb3-4272-ad98-4ff53ab349a2,12,Legislación,0,0,0,0.00,0.00,La documentación acreditativa de la vigencia del seguro de responsabilidad civil de suscripción obli
dd9357e5-ebf2-45bd-b4e8-b94de8105d90,12,Legislación,0,0,0,0.00,0.00,"Generalmente, en los tramos de costa que carezcan de zona de baño balizada, una moto náutica NO debe"
efec6b12-07ac-4b0c-9eda-143148effa58,12,Legislación,0,0,0,0.00,0.00,El seguro de responsabilidad civil de suscripción obligatoria tiene por objeto la cobertura de la re
48b24b12-f71f-4480-96d6-425bcf2ac402,12,Legislación,0,0,0,0.00,0.00,"Según la Orden FOM/1144/2003, en las rías, bahías y similares, la descarga de aguas sucias:"
6c90f752-509f-40c7-a539-b411820262fa,12,Legislación,0,0,0,0.00,0.00,Para el gobierno de una embarcación de recreo es necesario superar un reconocimiento psicofísico que
3f9fd893-d69f-4bb7-b245-4fc108a775d0,12,Legislación,0,0,0,0.00,0.00,"De acuerdo con la Regla 4 del Anexo V del Convenio MARPOL, indique cuál de las siguientes afirmacion"
60894993-274f-465a-a6c9-6d257707b455,12,Legislación,0,0,0,0.00,0.00,"Si usted se encuentra a menos de 50 metros de la costa, en un tramo no balizado de la misma:"
0238063e-6af5-45f2-89e3-e1896fb57c50,12,Legislación,0,0,0,0.00,0.00,"Según el artículo 3 del Real Decreto 339/2021, de 18 de mayo, por el que se regula el equipo de segu"
bcd74ae2-6e30-45d5-8fd5-850304294061,12,Legislación,0,0,0,0.00,0.00,"Según lo regulado en el Real Decreto 339/2021, de 18 de mayo, se prohíbe la descarga de aguas sucias"
2fb46e9f-7807-49f9-9977-64742c9d30b3,12,Legislación,0,0,0,0.00,0.00,Las embarcaciones deportivas en el interior de los puertos y sus canales de acceso:
182fc3f1-9369-4476-b243-c1e9564560ab,12,Legislación,0,0,0,0.00,0.00,"Fuera de las zonas especiales, la descarga en el mar de desechos de alimentos que hayan pasado por u"
65a1d04c-4663-4b8f-a243-76b7c6ce0dd4,12,Legislación,0,0,0,0.00,0.00,Las Zonas Especialmente Protegidas de Importancia para el Mediterráneo (ZEPIM) son:
b4fecefe-04fd-473c-9740-c7cb42dd4840,12,Legislación,0,0,0,0.00,0.00,Si el Certificado de navegabilidad es requerido por las autoridades competentes y no se encuentra a 
f2dc220f-aa51-484d-9159-efb021cd15df,12,Legislación,0,0,0,0.00,0.00,"Generalmente, en los tramos de costa que carezcan de zona de baño balizada, una moto náutica NO debe"
43ab1755-b265-4dc3-a5f1-f287bc81daba,12,Legislación,0,0,0,0.00,0.00,Todo propietario de embarcaciones de recreo o deportivas deberá tener asegurada la responsabilidad c
76f58918-a3df-49ba-840e-359f3ae8188e,12,Legislación,0,0,0,0.00,0.00,Las banderas y enseñas reconocidas en los Estatutos de las Comunidades Autónomas:
f15286e2-6f21-4622-ba46-b3e4135a234f,12,Legislación,0,0,0,0.00,0.00,"Si usted se encuentra a menos de 50 metros de la costa, en un tramo no balizado de la misma:"
86ee7477-984b-4eb9-8355-cb43cc0f921d,12,Legislación,0,0,0,0.00,0.00,En los casos de infracciones por contaminación del medio marino producidas desde buques o embarcacio
1a23a307-c4d9-4475-b173-8b9a570bb9c5,12,Legislación,0,0,0,0.00,0.00,Las embarcaciones deportivas en el interior de los puertos y sus canales de acceso:
b4340522-5605-4bbd-a33c-79087a87b228,12,Legislación,0,0,0,0.00,0.00,De acuerdo con la Regla 6 del Anexo V del Convenio MARPOL “Descarga de basuras dentro de zonas espec
3e83c699-80de-4aa4-b20e-27331253f6d0,12,Legislación,0,0,0,0.00,0.00,"Conforme al artículo 33.1 del Convenio internacional para la seguridad de la vida humana en el mar, "
2d9c6f50-d380-4cd5-b8ea-d0b7783e7274,12,Legislación,0,0,0,0.00,0.00,¿Cuántas Zonas Especialmente Protegidas de Importancia para el Mediterráneo (ZEPIM) existen en la ac
60961e17-e19f-4dc0-a013-ff685838542b,12,Legislación,0,0,0,0.00,0.00,¿Cuál de los siguientes espacios está comprendido en la Lista del ZEPIM (Zonas Especialmente Protegi
0eb3b17b-e372-4ee5-aa50-2da28ab0fa51,12,Legislación,0,0,0,0.00,0.00,Ante un avistamiento de contaminación durante la navegación:
13d3178f-38d0-4a73-8fc3-7605cda7e776,12,Legislación,0,0,0,0.00,0.00,"Según el artículo 3 del Real Decreto 339/2021, de 18 de mayo, por el que se regula el equipo de segu"
2c84fe4c-78b3-4115-a4c9-257c3763c5a2,28,Maniobra y navegación,0,0,0,0.00,0.00,¿Qué significa “libre a sotavento”?
0b35cf91-190a-4966-aa9d-a61ac549f9b1,28,Maniobra y navegación,0,0,0,0.00,0.00,"Para amarrarnos a una boya, siempre que sea posible, nos aproximaremos:"
11154333-2910-4e51-9b62-93432de2668e,28,Maniobra y navegación,0,0,0,0.00,0.00,"Faenando con cabos, ¿qué significa el término ""cobrar""?"
5fa682c8-0464-4509-8f81-7c80d2901011,28,Maniobra y navegación,0,0,0,0.00,0.00,"Para amarrarnos a una boya, se recomienda:"
a42f3366-c728-45f8-908d-90e729153a5f,28,Maniobra y navegación,0,0,0,0.00,0.00,`Amarrar por seno´ consiste en:
ae3065f2-b25b-4f42-96f7-4ffc12ec8d47,28,Maniobra y navegación,0,0,0,0.00,0.00,"Faenando con cabos, ¿qué significa el término ""cobrar""?"
57109250-cbad-48c1-baab-c1570086287f,28,Maniobra y navegación,0,0,0,0.00,0.00,La maniobra de abarloarse consiste en:
7eed221e-a3f4-4618-bad1-8b4641afe15d,28,Maniobra y navegación,0,0,0,0.00,0.00,"Respecto al `gobierno con caña´, ¿cómo actúa en la pala del timón?"
67061465-1072-44ec-b384-20d52b30df33,28,Maniobra y navegación,0,0,0,0.00,0.00,"Maniobrando para atracar en el pantalán de espera de la Marina de Vilamoura, notamos un fuerte efect"
5f8b7fd8-6f3f-4c79-ae65-a256995782c7,28,Maniobra y navegación,0,0,0,0.00,0.00,Si navegando con arrancada avante está soplando un viento de 10 nudos y decidimos amarrarnos a una b
30dd3cf5-1e5a-4258-b693-0e5747ae960f,28,Maniobra y navegación,0,0,0,0.00,0.00,¿Cómo se denomina la velocidad mínima necesaria para que la acción del timón sea efectiva?
ecd8328b-ad7e-4673-ba45-ca56b6fbcf52,28,Maniobra y navegación,0,0,0,0.00,0.00,`Amarrar por seno´ consiste en:
4721c5d5-eb10-4676-8c99-90c45dbe5975,28,Maniobra y navegación,0,0,0,0.00,0.00,`Amarrar por seno´ consiste en:
5ec89aad-6080-4ffc-97d2-d72c549a0b53,28,Maniobra y navegación,0,0,0,0.00,0.00,"Estamos atracados babor al muelle, con un viento que viene de tierra y nos entra por la amura de bab"
83d0b4d8-ee8b-4b65-9c53-2d9852d29cd1,28,Maniobra y navegación,0,0,0,0.00,0.00,`Amarrar por seno´ consiste en:
45cfbfed-dfca-4fac-8d8f-f2d3de839913,28,Maniobra y navegación,0,0,0,0.00,0.00,¿Cuáles son las tres fases de la curva de evolución en marcha avante?
e81a57a1-acea-419b-8d32-3724d6125190,28,Maniobra y navegación,0,0,0,0.00,0.00,¿Cómo se denomina la acción de recoger un cabo formando roscas?
a89d7cee-ed7f-4c68-be06-1e9ad570707b,28,Maniobra y navegación,0,0,0,0.00,0.00,"Estamos atracados babor al muelle, con un viento que viene de tierra y nos entra por la amura de bab"
cb1f4260-52cb-4924-8df1-6ba6f634b81f,28,Maniobra y navegación,0,0,0,0.00,0.00,¿Cómo se denomina la acción de recoger un cabo formando roscas?
a3e5a90c-5fd2-4f3f-9947-37802a82ded4,28,Maniobra y navegación,0,0,0,0.00,0.00,Respecto a la “arrancada”:
d4b5419e-8a50-4014-95a5-a8c4b6465dfd,28,Maniobra y navegación,0,0,0,0.00,0.00,Respecto a la “arrancada”:
9155edd2-1f84-489d-922b-305a0a0567eb,28,Maniobra y navegación,0,0,0,0.00,0.00,¿Cuáles son las tres fases de la curva de evolución en marcha avante?
e7311e08-b353-4ec2-b026-928fbe98778d,28,Maniobra y navegación,0,0,0,0.00,0.00,"En la curva de evolución de una embarcación, la parte de la curva descrita por G en el intervalo tra"
625ce2c1-410b-4415-aac9-f94f1727241a,28,Maniobra y navegación,0,0,0,0.00,0.00,El efecto de la corriente de expulsión y de la presión lateral de las palas sobre una embarcación co
a8aaf1fe-0617-41d4-8d02-199294f2c262,28,Maniobra y navegación,0,0,0,0.00,0.00,El viento es uno de los agentes externos que influyen en la maniobra. Un barco que solo tiene una es
af8c4342-2424-46a5-9b46-2702749c8488,28,Maniobra y navegación,0,0,0,0.00,0.00,"En la curva de evolución de una embarcación, la parte de la curva descrita por G en el intervalo tra"
71937b30-5ce1-4ac9-b99a-7dea6da95f39,28,Maniobra y navegación,0,0,0,0.00,0.00,Recoger y colocar ordenadamente un cabo sobre cubierta efectuando círculos recibe el nombre de:
9db48ec2-57fa-4588-9ae1-f76ea70fd7e7,28,Maniobra y navegación,0,0,0,0.00,0.00,El efecto de la corriente de expulsión y de la presión lateral de las palas sobre una embarcación co
553fa0f3-9607-4702-a056-92e2d7102199,28,Maniobra y navegación,0,0,0,0.00,0.00,El viento es uno de los agentes externos que influyen en la maniobra. Un barco que solo tiene una es
d5b461cf-0107-4322-b37d-b2dcb986543b,28,Maniobra y navegación,0,0,0,0.00,0.00,La maniobra de abarloarse consiste en:
818b3fd1-e635-48a1-8296-c37333232a7e,28,Maniobra y navegación,0,0,0,0.00,0.00,La definición de “tesar” es:
1cc66208-b9a3-4bb2-a55f-ae84445c6598,28,Maniobra y navegación,0,0,0,0.00,0.00,"Si nos encontramos amarrados al muelle únicamente con el esprín de proa, el efecto que nos producirá"
0b8d5c83-e1b5-44ce-9931-3e998c06a41b,28,Maniobra y navegación,0,0,0,0.00,0.00,La definición de “tesar” es:
f5c52d19-5ddd-4093-a818-406d3244596e,28,Maniobra y navegación,0,0,0,0.00,0.00,"El efecto de la presión lateral de las palas de una hélice, en una embarcación parada y sin arrancad"
ea6ad522-952a-49b9-91b9-df089d35d54b,28,Maniobra y navegación,0,0,0,0.00,0.00,Recoger y colocar ordenadamente un cabo sobre cubierta efectuando círculos recibe el nombre de:
e4baf895-9993-4db3-a564-1b42e142a9ed,28,Maniobra y navegación,0,0,0,0.00,0.00,El ángulo entre la orientación verdadera y la derrota del buque causada por la acción del viento se 
8b4762e4-2a50-455f-8acf-1acb3fbb6dc4,28,Maniobra y navegación,0,0,0,0.00,0.00,"El efecto de la presión lateral de las palas de una hélice, en una embarcación parada y sin arrancad"
02f26af0-7766-4f36-8388-9f54d5c3aafc,28,Maniobra y navegación,0,0,0,0.00,0.00,El ángulo entre la orientación verdadera y la derrota del buque causada por la acción del viento se 
3fae5b8b-076f-4721-be6b-62ed780f4963,28,Maniobra y navegación,0,0,0,0.00,0.00,Lascar un cabo es:
fe38f2a6-a742-43d1-b195-9a17f428c99f,28,Maniobra y navegación,0,0,0,0.00,0.00,"Estando el barco atracado, si queremos evitar que el costado golpee contra el muelle cuando el vient"
8f5b5123-24f6-4859-a117-6efe67503f51,28,Maniobra y navegación,0,0,0,0.00,0.00,"Si realizando una maniobra de atraque, nuestro objetivo es acolchar la proa al muelle y mover la emb"
0992d2c5-c9e5-4e54-b237-2800e9830865,28,Maniobra y navegación,0,0,0,0.00,0.00,"Con el fin de evitar los enredos de los cabos, estos se suelen recoger dándoles vueltas. Esta acción"
a3a057b0-6b4f-4448-8470-214de559b1be,28,Maniobra y navegación,0,0,0,0.00,0.00,"Estando el barco atracado, si queremos evitar que el costado golpee contra el muelle cuando el vient"
f18e51f9-46dd-440a-9d5b-fd0816c0c4eb,28,Maniobra y navegación,0,0,0,0.00,0.00,"Con el fin de evitar los enredos de los cabos, estos se suelen recoger dándoles vueltas. Esta acción"
ef79d8a8-fbd2-4aec-8ccd-2197fa1364c2,28,Maniobra y navegación,0,0,0,0.00,0.00,"Si realizando una maniobra de atraque, nuestro objetivo es acolchar la proa al muelle y mover la emb"
5c380ba1-3f0f-4d99-a709-5a2aaad31455,28,Maniobra y navegación,0,0,0,0.00,0.00,La expresión “timón a la vía” significa:
a3c29b8a-a8cb-420a-8ad3-f8e4576ef7de,28,Maniobra y navegación,0,0,0,0.00,0.00,"A punto de largar amarras, dejamos el barco solo con los largos de proa y popa. En general, ¿qué con"
c61f465b-07c2-4ce0-8015-1119e51e5773,28,Maniobra y navegación,0,0,0,0.00,0.00,"Si se realiza la ciaboga por babor con un viento de estribor, ¿cómo nos afecta?"
63938b38-c4ea-4f38-8b72-1d31415633a1,28,Maniobra y navegación,0,0,0,0.00,0.00,"A punto de largar amarras, dejamos el barco solo con los largos de proa y popa. En general, ¿qué con"
799da7ce-10ad-48c5-a336-bde5aec4969e,28,Maniobra y navegación,0,0,0,0.00,0.00,"A la hora de amarrar la embarcación a una boya, sin tener en cuenta la acción del viento, el acercam"
adca3a90-a14c-4997-86bc-472a893130c0,28,Maniobra y navegación,0,0,0,0.00,0.00,Si navegando con arrancada avante está soplando un viento de 10 nudos y decidimos amarrarnos a una b
545ab4f2-6e9b-49e9-b3c6-74097938be11,28,Maniobra y navegación,0,0,0,0.00,0.00,"A la acción de amarrar un cabo a una bita o cornamusa sujetándolo en forma de ocho, se la denomina:"
d7862cd9-80f8-47f4-9e38-70fb4c422e2d,28,Maniobra y navegación,0,0,0,0.00,0.00,"Cuando llegamos al punto escogido para dar fondo, ¿cuál de las siguientes será la primera orden que "
5af9a91a-ecc0-4ede-af2d-2f12f4501f8d,28,Maniobra y navegación,0,0,0,0.00,0.00,"Si se realiza la ciaboga por babor con un viento de estribor, ¿cómo nos afecta?"
894c85b4-bfc5-49d4-b395-c1c23bdeee92,28,Maniobra y navegación,0,0,0,0.00,0.00,"A la acción de amarrar un cabo a una bita o cornamusa sujetándolo en forma de ocho, se la denomina:"
4e8b38f7-8397-47ba-97ba-e721746680bf,28,Maniobra y navegación,0,0,0,0.00,0.00,¿En qué momento podemos perder la capacidad de gobierno de una embarcación?
79594151-bb06-4fa2-bb9d-98549c575219,28,Maniobra y navegación,0,0,0,0.00,0.00,"Cuando llegamos al punto escogido para dar fondo, ¿cuál de las siguientes será la primera orden que "
a1f73c99-293a-4abd-8277-658e5c101759,28,Maniobra y navegación,0,0,0,0.00,0.00,"Cuando llegamos al punto escogido para dar fondo, ¿cuál de las siguientes será la primera orden que "
aa09efeb-e7d0-4224-9706-fcde0ffdb4fc,28,Maniobra y navegación,0,0,0,0.00,0.00,Por templar un cabo entenderemos:
055a1851-937e-437f-a618-1f8ac9c35c61,28,Maniobra y navegación,0,0,0,0.00,0.00,"Cuando llegamos al punto escogido para dar fondo, ¿cuál de las siguientes será la primera orden que "
306cc714-03c1-4fa1-b197-1e8fde9e697e,28,Maniobra y navegación,0,0,0,0.00,0.00,¿En qué momento podemos perder la capacidad de gobierno de una embarcación?
818d2931-b3ad-4b24-9f43-78333479fbbf,28,Maniobra y navegación,0,0,0,0.00,0.00,¿Cómo se denomina a la acción de cobrar un cabo o cadena por medios mecánicos?
654a1f4b-0c0a-428f-a0b1-1ad9be872b69,28,Maniobra y navegación,0,0,0,0.00,0.00,"Para amarrarnos a una boya, se recomienda:"
bf1385ba-0cd9-4aee-a5a4-e499a6199e3a,28,Maniobra y navegación,0,0,0,0.00,0.00,¿Qué implica la acción de “rabear”?
d1e7ea43-0ae4-41ed-9480-710853fb2b54,28,Maniobra y navegación,0,0,0,0.00,0.00,Al virar del esprín de proa de una embarcación hace el efecto de atracar:
00d48ecd-e67d-4816-9d32-0b20c75164ac,28,Maniobra y navegación,0,0,0,0.00,0.00,"Navegando en un canal angosto, es necesario que realicemos una maniobra de ciaboga con una hélice de"
b523d21a-49b1-4af0-b4b8-8552e71e1992,28,Maniobra y navegación,0,0,0,0.00,0.00,¿Qué implica la acción de “rabear”?
79d3be0a-1243-4421-996b-ddb6d881b5c3,28,Maniobra y navegación,0,0,0,0.00,0.00,¿Qué implica la acción de “rabear”?
b85fb530-1d09-4c4c-a440-c798cab014ee,28,Maniobra y navegación,0,0,0,0.00,0.00,Por templar un cabo entenderemos:
ad6ff087-e05b-4329-8fd8-59559799232d,28,Maniobra y navegación,0,0,0,0.00,0.00,¿Qué implica la acción de “rabear”?
439e9c09-0e4f-47e2-8638-3bc82e8a625f,28,Maniobra y navegación,0,0,0,0.00,0.00,"¿De qué cabo deberemos cobrar estando amarrados por el costado de estribor en el muelle, para evitar"
b749fa0b-a58e-462c-b809-510622e109eb,28,Maniobra y navegación,0,0,0,0.00,0.00,Al virar del esprín de proa de una embarcación hace el efecto de atracar:
f47aee0d-4b11-4921-85f7-0616380d025d,28,Maniobra y navegación,0,0,0,0.00,0.00,"¿De qué cabo deberemos cobrar estando amarrados por el costado de estribor en el muelle, para evitar"
0a00bf12-d44b-4204-930b-823ee52bbd69,28,Maniobra y navegación,0,0,0,0.00,0.00,"En la curva de evolución, la fase de maniobra:"
155bfa23-ffd4-4a1b-9ca6-2230e0ecb2c4,28,Maniobra y navegación,0,0,0,0.00,0.00,¿Qué efecto conseguiremos al amollar un cabo?
a9894f56-d9a3-48eb-b933-c59784d4c3b4,28,Maniobra y navegación,0,0,0,0.00,0.00,“Amarrar por seno” es una acción que nos permite:
b57d9b0d-2711-4af3-a1db-a01860c84a7a,28,Maniobra y navegación,0,0,0,0.00,0.00,"Para amarrarnos a una boya, siempre que sea posible, nos aproximaremos:"
b22102fa-4cb4-4fb3-b128-fc07ef84644c,28,Maniobra y navegación,0,0,0,0.00,0.00,"Maniobrando para atracar en el pantalán de espera de la Marina de Vilamoura, notamos un fuerte efect"
2ff1e9cf-3112-420a-b3d3-4d45037ed13f,28,Maniobra y navegación,0,0,0,0.00,0.00,¿Qué efecto conseguiremos al amollar un cabo?
15db8e0c-9284-4680-b831-1639bf3f0e07,28,Maniobra y navegación,0,0,0,0.00,0.00,“Amarrar por seno” es una acción que nos permite:
968b12b3-4c3c-4728-8d40-3cb171fe05af,28,Maniobra y navegación,0,0,0,0.00,0.00,"Maniobrando para atracar en el pantalán de espera de la Marina de Vilamoura, notamos un fuerte efect"
48e54d2e-5ad6-449a-9f00-f62f154d84f9,28,Maniobra y navegación,0,0,0,0.00,0.00,¿Qué significa “libre a sotavento”?
31422b46-e617-4123-9448-8782ae232b0a,28,Maniobra y navegación,0,0,0,0.00,0.00,"Maniobrando para atracar en el pantalán de espera de la Marina de Vilamoura, notamos un fuerte efect"
41ff68b4-2a45-404d-879b-38745e5f7ee3,29,Maniobra y navegación,0,0,0,0.00,0.00,¿Cómo se denomina a la acción de equilibrar proporcionalmente el grado de tensión entre varios cabos
9417e9b1-d419-4037-b7c3-2d6ad439ea3f,29,Maniobra y navegación,0,0,0,0.00,0.00,El viento es uno de los agentes externos que influyen en la maniobra. Un barco que solo tiene una es
a0709595-067c-4add-b18a-7f4fb8881ff0,29,Maniobra y navegación,0,0,0,0.00,0.00,Por templar un cabo entenderemos:
adde61e1-7c33-455c-8228-cfe52ce99b92,29,Maniobra y navegación,0,0,0,0.00,0.00,Por templar un cabo entenderemos:
62b389c3-6eb8-4c56-ac59-2e4f75b1fc68,29,Maniobra y navegación,0,0,0,0.00,0.00,Recoger y colocar ordenadamente un cabo sobre cubierta efectuando círculos recibe el nombre de:
72a95a56-979e-4730-99b6-4971c5dfdb4d,29,Maniobra y navegación,0,0,0,0.00,0.00,Para evitar que la popa de nuestra embarcación toque a la embarcación adyacente situada a popa de la
2b05969f-e632-4508-9552-28e03ed9e7c3,29,Maniobra y navegación,0,0,0,0.00,0.00,"En una maniobra de ciaboga con una hélice, dando atrás, ¿cuál de las siguientes afirmaciones es INCO"
83deed3c-1453-455f-8312-9d13bdfd7348,29,Maniobra y navegación,0,0,0,0.00,0.00,"Al amarrar a un muerto, con objeto de que la cadena y los cabos del muerto no se enreden en la hélic"
2837ba29-b30a-4ba9-b03a-bcd598106393,29,Maniobra y navegación,0,0,0,0.00,0.00,Para evitar que la popa de nuestra embarcación toque a la embarcación adyacente situada a popa de la
4174cdbe-87de-4601-a3bf-84d3d5fdf5ed,29,Maniobra y navegación,0,0,0,0.00,0.00,"Si en lugar de fondear con el ancla nos abarloamos a una boya, en general el borneo de la embarcació"
70b3c870-6096-4936-8172-44e1a1d0e574,29,Maniobra y navegación,0,0,0,0.00,0.00,La curva de evolución de una embarcación se divide en las siguientes fases:
cfc1a130-81f3-41b3-a9d8-b5d2e2289a06,29,Maniobra y navegación,0,0,0,0.00,0.00,"Si tenemos suficiente resguardo de seguridad entre la embarcación y la costa u otro escollo, navegan"
de70a0de-9460-47af-9991-0aa62052fa49,29,Maniobra y navegación,0,0,0,0.00,0.00,"Estamos atracados babor al muelle, con un viento que viene de tierra y nos entra por la amura de bab"
bd128865-af63-4630-9632-32ac892a35eb,29,Maniobra y navegación,0,0,0,0.00,0.00,"Para amarrarnos a una boya, siempre que sea posible, nos aproximaremos:"
188f238e-2f49-49b6-810f-564f58350c75,29,Maniobra y navegación,0,0,0,0.00,0.00,"Con el fin de evitar los enredos de los cabos, estos se suelen recoger dándoles vueltas. Esta acción"
29ebae9d-7798-4835-b584-7615ebd7d2d6,29,Maniobra y navegación,0,0,0,0.00,0.00,El efecto de la corriente de expulsión y de la presión lateral de las palas sobre una embarcación co
4b532a2c-5658-4a0a-b21d-14de87a5bfe2,29,Maniobra y navegación,0,0,0,0.00,0.00,La curva de evolución de una embarcación se divide en las siguientes fases:
7ab5e05d-1b82-4881-afe1-c3868c6eaa7a,29,Maniobra y navegación,0,0,0,0.00,0.00,"Para amarrarnos a una boya, siempre que sea posible, nos aproximaremos:"
03ca55fb-0233-4902-a7f6-39490ce4fbeb,29,Maniobra y navegación,0,0,0,0.00,0.00,"Si en nuestra embarcación con hélice dextrógira, nos encontramos sin arrancada, con el timón a la ví"
1db15132-e119-4aca-b169-54e89aa870af,29,Maniobra y navegación,0,0,0,0.00,0.00,"Respecto al `gobierno con caña´, ¿cómo actúa en la pala del timón?"
541407a1-907e-40e8-87c9-fd77ba722160,29,Maniobra y navegación,0,0,0,0.00,0.00,"Al amarrar a un muerto, con objeto de que la cadena y los cabos del muerto no se enreden en la hélic"
de7eb812-f475-4480-a926-5ac007c58feb,29,Maniobra y navegación,0,0,0,0.00,0.00,La corriente de aspiración provoca el siguiente efecto:
d9c200dc-eda4-4e3b-9a65-e80f5f56761a,29,Maniobra y navegación,0,0,0,0.00,0.00,"Amarrados por el costado de estribor, con viento atracante, para salir de forma segura necesitamos a"
c0edb8b5-f457-4147-aa76-9ee20074464b,29,Maniobra y navegación,0,0,0,0.00,0.00,"Al amarrar a un muerto, con objeto de que la cadena y los cabos del muerto no se enreden en la hélic"
dd53a335-b41d-477b-a0de-d2948f9755e0,29,Maniobra y navegación,0,0,0,0.00,0.00,¿Cuáles son las tres fases de la curva de evolución en marcha avante?
a6aeb499-142c-4966-a4b2-2f4bcea9565b,29,Maniobra y navegación,0,0,0,0.00,0.00,"Estamos atracados babor al muelle, con un viento que viene de tierra y nos entra por la amura de bab"
82a0bcc5-06a3-44cd-8fcb-a444d53c37ca,29,Maniobra y navegación,0,0,0,0.00,0.00,La curva de evolución de una embarcación se divide en las siguientes fases:
de2706be-a424-464e-8444-60951777d5f4,29,Maniobra y navegación,0,0,0,0.00,0.00,"El efecto de la presión lateral de las palas de una hélice, en una embarcación parada y sin arrancad"
ec224daf-b4de-41e2-a85a-beb7c7f10c72,29,Maniobra y navegación,0,0,0,0.00,0.00,"Al amarrar a un muerto, con objeto de que la cadena y los cabos del muerto no se enreden en la hélic"
08192e3e-3df0-4cb1-b5e1-61cc596efaaf,29,Maniobra y navegación,0,0,0,0.00,0.00,"Si tenemos suficiente resguardo de seguridad entre la embarcación y la costa u otro escollo, navegan"
a12023dc-b32d-442f-913e-f145a72a0f45,29,Maniobra y navegación,0,0,0,0.00,0.00,¿Qué efecto conseguiremos al amollar un cabo?
a737a3ed-9213-4e31-b896-a59cc5bf4336,29,Maniobra y navegación,0,0,0,0.00,0.00,"Con el fin de evitar los enredos de los cabos, estos se suelen recoger dándoles vueltas. Esta acción"
454b9078-22d6-4a93-bdb2-86cec6fac90e,29,Maniobra y navegación,0,0,0,0.00,0.00,Si navegando con arrancada avante está soplando un viento de 10 nudos y decidimos amarrarnos a una b
a1cce6c6-cd5b-47e0-94d2-d4aa663cf0f9,29,Maniobra y navegación,0,0,0,0.00,0.00,La maniobra de abarloarse consiste en:
d95ccf08-abd1-4cc1-b92c-8e9d6329da3e,29,Maniobra y navegación,0,0,0,0.00,0.00,"En relación con el efecto combinado de la hélice (dextrógira) y el timón, en una embarcación con tim"
729b2013-f68e-403b-9571-891a79a24a49,29,Maniobra y navegación,0,0,0,0.00,0.00,"Si en navegación con arrancada avante tenemos la impresión de que no hay viento, podemos interpretar"
a3ecf63b-8f78-4c09-bc3c-d93b97674da0,29,Maniobra y navegación,0,0,0,0.00,0.00,"A la hora de amarrar la embarcación a una boya, sin tener en cuenta la acción del viento, el acercam"
0056dd6f-967e-4334-982d-17fa4af1c57a,29,Maniobra y navegación,0,0,0,0.00,0.00,Para evitar que la roda de la embarcación adyacente golpee el motor fueraborda de nuestra embarcació
1977ec07-b886-40c6-bbe9-3ea89c8a5aee,29,Maniobra y navegación,0,0,0,0.00,0.00,¿En qué momento podemos perder la capacidad de gobierno de una embarcación?
8dfcb615-725b-477e-85f5-4409c1f129ee,29,Maniobra y navegación,0,0,0,0.00,0.00,¿Qué efecto conseguiremos al amollar un cabo?
c06edc43-57c4-4e3e-9bfb-de31f698896c,29,Maniobra y navegación,0,0,0,0.00,0.00,El efecto de la corriente de expulsión y de la presión lateral de las palas sobre una embarcación co
efb08857-f0de-425b-8ce6-22afa1982ba1,29,Maniobra y navegación,0,0,0,0.00,0.00,"Navegando con arrancada avante, el efecto de meter timón a una banda, en general, nos causará:"
a4de6657-d8db-42b6-bc5e-028d6387ed9c,29,Maniobra y navegación,0,0,0,0.00,0.00,¿Cómo se denomina a la acción de equilibrar proporcionalmente el grado de tensión entre varios cabos
49c5b4b6-5a1e-450f-b49f-e95f0e97b281,29,Maniobra y navegación,0,0,0,0.00,0.00,"Si en nuestra embarcación con hélice dextrógira, nos encontramos sin arrancada, con el timón a la ví"
d58dbdd6-bf08-484d-b8b1-16ab21ecfe83,29,Maniobra y navegación,0,0,0,0.00,0.00,"Si en navegación con arrancada avante tenemos la impresión de que no hay viento, podemos interpretar"
eb76d349-4c00-4da6-ad64-4e582beb9c1d,29,Maniobra y navegación,0,0,0,0.00,0.00,"Si en lugar de fondear con el ancla nos abarloamos a una boya, en general el borneo de la embarcació"
68d526b2-93c3-4e35-bf2c-6335dd20de12,29,Maniobra y navegación,0,0,0,0.00,0.00,Para evitar que la roda de la embarcación adyacente golpee el motor fueraborda de nuestra embarcació
f2998ad7-230f-46c2-9272-495982339c71,29,Maniobra y navegación,0,0,0,0.00,0.00,El ángulo entre la orientación verdadera y la derrota del buque causada por la acción del viento se 
c78ac6b2-3427-4fd2-8d1d-5c7c8e42ff7c,29,Maniobra y navegación,0,0,0,0.00,0.00,“Adujar” consiste en:
dba4bf0a-6be4-453e-beba-92e8e8810b95,29,Maniobra y navegación,0,0,0,0.00,0.00,¿En qué momento podemos perder la capacidad de gobierno de una embarcación?
09ea1395-9e8c-404c-9524-5896f69a8de2,29,Maniobra y navegación,0,0,0,0.00,0.00,“Adujar” consiste en:
804b0796-0eb2-4e05-8308-01a46a6fccb4,29,Maniobra y navegación,0,0,0,0.00,0.00,"Si en navegación con arrancada avante tenemos la impresión de que no hay viento, podemos interpretar"
b9c58dda-610c-4b64-8398-13314927cc1f,29,Maniobra y navegación,0,0,0,0.00,0.00,El viento es uno de los agentes externos que influyen en la maniobra. Un barco que solo tiene una es
e2d5211f-7d01-49ad-a40e-08ffe174e0f1,29,Maniobra y navegación,0,0,0,0.00,0.00,"Aproximándonos a un puerto con una fuerte corriente de marea, en general se deberá:"
82651960-53ee-437a-8517-5639395ba6fe,29,Maniobra y navegación,0,0,0,0.00,0.00,"Amarrados por el costado de estribor, con viento por la banda de babor, para salir de forma segura n"
fbd5ac8d-7254-4b90-ad3f-911beca094c7,29,Maniobra y navegación,0,0,0,0.00,0.00,"Si en navegación con arrancada avante tenemos la impresión de que no hay viento, podemos interpretar"
4cb86c83-877f-4e7a-9255-a8713798750f,29,Maniobra y navegación,0,0,0,0.00,0.00,"El efecto de la presión lateral de las palas de una hélice, en una embarcación parada y sin arrancad"
bf63dcd7-a83e-4092-ac17-1bd669169864,29,Maniobra y navegación,0,0,0,0.00,0.00,La expresión “timón a la vía” significa:
ec4403eb-c969-4a43-bbd6-36ac38a091d0,29,Maniobra y navegación,0,0,0,0.00,0.00,"Si tenemos suficiente resguardo de seguridad entre la embarcación y la costa u otro escollo, navegan"
1717e785-9170-4d32-b7c7-12b0e4833fd8,29,Maniobra y navegación,0,0,0,0.00,0.00,"¿A qué se denomina ""lascar""?"
ec7ef35f-00b2-4c8e-a55b-5a64dc30b598,29,Maniobra y navegación,0,0,0,0.00,0.00,El ángulo entre la orientación verdadera y la derrota del buque causada por la acción del viento se 
f2422cb6-51e3-463f-b986-6ef59396b69c,29,Maniobra y navegación,0,0,0,0.00,0.00,"Si tenemos suficiente resguardo de seguridad entre la embarcación y la costa u otro escollo, navegan"
70381ee1-155a-4ea3-b983-0983bdb6d9ff,29,Maniobra y navegación,0,0,0,0.00,0.00,"¿A qué se denomina ""lascar""?"
a11d0d19-d590-458c-a138-9835c369668c,29,Maniobra y navegación,0,0,0,0.00,0.00,"En una maniobra de ciaboga con una hélice, dando atrás, ¿cuál de las siguientes afirmaciones es INCO"
e4cee5a6-b72f-4bdb-8b33-8303f0ef7725,29,Maniobra y navegación,0,0,0,0.00,0.00,"Si realizando una maniobra de atraque, nuestro objetivo es acolchar la proa al muelle y mover la emb"
dba2c0a9-026a-46d9-8ddc-a20049d133d5,29,Maniobra y navegación,0,0,0,0.00,0.00,"Navegando con arrancada avante, el efecto de meter timón a una banda, en general, nos causará:"
57c64612-2a39-4d82-ad9a-9ef835e1eb77,29,Maniobra y navegación,0,0,0,0.00,0.00,"Amarrados por el costado de estribor, con viento atracante, para salir de forma segura necesitamos a"
b432a41e-232f-41ec-94e9-280ed016f702,29,Maniobra y navegación,0,0,0,0.00,0.00,La maniobra de abarloarse consiste en:
dc549e11-d3d4-4c12-b1bd-03c567992c60,29,Maniobra y navegación,0,0,0,0.00,0.00,¿Cómo se denomina la velocidad mínima necesaria para que la acción del timón sea efectiva?
e19eb0ea-b094-447d-beda-318186b2b725,29,Maniobra y navegación,0,0,0,0.00,0.00,La curva de evolución de una embarcación se divide en las siguientes fases:
af1bea22-97bc-4cff-a18a-4628d1807f02,29,Maniobra y navegación,0,0,0,0.00,0.00,"Aproximándonos a un puerto con una fuerte corriente de marea, en general se deberá:"
28c74867-3d33-410a-8c77-00947b37be94,29,Maniobra y navegación,0,0,0,0.00,0.00,"En relación con el efecto combinado de la hélice (dextrógira) y el timón, en una embarcación con tim"
2acc0b07-1ad2-4572-ac2d-a2ce24821ae0,29,Maniobra y navegación,0,0,0,0.00,0.00,Recoger y colocar ordenadamente un cabo sobre cubierta efectuando círculos recibe el nombre de:
5084d543-8de0-4064-83cf-3dbb17b6462b,29,Maniobra y navegación,0,0,0,0.00,0.00,Lascar un cabo es:
ee294441-5a30-4560-8143-00df4b8ba8de,29,Maniobra y navegación,0,0,0,0.00,0.00,La expresión “timón a la vía” significa:
fd8e9e10-7822-4fef-b593-01b2d81002d1,29,Maniobra y navegación,0,0,0,0.00,0.00,¿Cómo se denomina a la acción de cobrar un cabo o cadena por medios mecánicos?
bdb4a18d-04a0-462f-a242-7063f2a6c034,29,Maniobra y navegación,0,0,0,0.00,0.00,Si navegando con arrancada avante está soplando un viento de 10 nudos y decidimos amarrarnos a una b
adf05916-d645-4b5f-9f70-28fe725116aa,29,Maniobra y navegación,0,0,0,0.00,0.00,¿Cuáles son las tres fases de la curva de evolución en marcha avante?
85919698-2b93-4159-948f-bc478f27df68,29,Maniobra y navegación,0,0,0,0.00,0.00,"Atracados de punta por proa, para salir de forma segura, en general, ¿cómo procederemos?"
85c7cb53-a6ca-4153-b9db-676b50ce34c2,29,Maniobra y navegación,0,0,0,0.00,0.00,"Si nos encontramos amarrados al muelle únicamente con el esprín de proa, el efecto que nos producirá"
00ddd29a-eb5e-460e-8f06-4a157c1d0735,29,Maniobra y navegación,0,0,0,0.00,0.00,"Atracados de punta por proa, para salir de forma segura, en general, ¿cómo procederemos?"
f28a6fe0-9027-49a5-ad42-62a5ecbc368e,29,Maniobra y navegación,0,0,0,0.00,0.00,"Si realizando una maniobra de atraque, nuestro objetivo es acolchar la proa al muelle y mover la emb"
496e308e-1496-4910-9945-00dbc2201906,29,Maniobra y navegación,0,0,0,0.00,0.00,"Navegando en un canal angosto, es necesario que realicemos una maniobra de ciaboga con una hélice de"
4bb7793e-5f62-4a95-ba5d-8ffba5d02901,33,Meteorología,0,0,0,0.00,0.00,El viento que sopla en las costas durante el día del mar hacia tierra se denomina:
9ffe3251-3901-4ad9-b9ac-ff42edbab9bd,33,Meteorología,0,0,0,0.00,0.00,"En relación con el viento, se denomina “caer” a:"
43683b50-e2c9-4081-ab82-ebefad29f0f3,33,Meteorología,0,0,0,0.00,0.00,Si se observa en un barómetro las variaciones de la presión atmosférica para un periodo de tiempo de
56e7685d-810f-4119-b74e-d20e8c759955,33,Meteorología,0,0,0,0.00,0.00,"En relación con la borrasca, señale la afirmación CORRECTA."
114968c7-6592-4cbd-99b2-8b7a791a408b,33,Meteorología,0,0,0,0.00,0.00,El viento que sopla en las costas durante el día del mar hacia tierra se denomina:
9b5f4a79-7cdc-4be8-9361-8e617c63ff69,33,Meteorología,0,0,0,0.00,0.00,"En relación con la presión atmosférica, ¿cuál de las siguientes afirmaciones es CORRECTA?"
87738a3b-56ab-4ed9-889c-4a93a139f545,33,Meteorología,0,0,0,0.00,0.00,"De las siguientes opciones, señale la afirmación INCORRECTA en relación con las fuentes válidas para"
3b91b7ce-4a32-47fa-a783-d9f284121080,33,Meteorología,0,0,0,0.00,0.00,"En relación con la definición de temperatura, señale la afirmación INCORRECTA."
a6014b65-48c9-410b-825f-480b84ad5496,33,Meteorología,0,0,0,0.00,0.00,"En términos náuticos, se denomina refrescar a:"
da946d8a-ac21-4156-945b-33c358701190,33,Meteorología,0,0,0,0.00,0.00,Se denomina persistencia del viento a:
705a107c-80e1-4d0b-a87b-7fa3f263d3c0,33,Meteorología,0,0,0,0.00,0.00,"De acuerdo a su definición, ¿cuál de los siguientes comportamientos no implica forzosamente una vari"
8c391306-ba15-4290-aa74-b4b9d8ef7b76,33,Meteorología,0,0,0,0.00,0.00,"En relación con las borrascas, señale la afirmación INCORRECTA:"
b009dabe-ed10-45e6-9823-4ea56103513f,33,Meteorología,0,0,0,0.00,0.00,El terral:
23b7ee6f-3d6d-44ca-a079-238d94dd31af,33,Meteorología,0,0,0,0.00,0.00,"En relación con los anemómetros, las veletas y los catavientos, ¿cuál de las siguientes afirmaciones"
5ffe3d8e-8384-4260-b347-06011ed6b033,33,Meteorología,0,0,0,0.00,0.00,La presión atmosférica:
6080edf8-e4d6-4e97-9dc6-6946757620c6,33,Meteorología,0,0,0,0.00,0.00,¿Qué es el viento real?
2ece1e40-cb6c-4162-942a-8856be9f616b,33,Meteorología,0,0,0,0.00,0.00,El terral es el viento que:
e19c121a-3bd1-4b62-b2e4-71c04fe11970,33,Meteorología,0,0,0,0.00,0.00,"En meteorología, ¿qué se entiende por isobara?"
44cdeda0-874e-400f-bb80-4c1ebe4318da,33,Meteorología,0,0,0,0.00,0.00,El fetch es:
344c11c6-c6f2-4ef7-a001-17ff22252da9,33,Meteorología,0,0,0,0.00,0.00,¿Cuál de los siguientes dispositivos o aparatos NO se utiliza para conocer las características del v
c22ff146-de1a-4c4b-9b5c-72b5a082c358,33,Meteorología,0,0,0,0.00,0.00,"Navegando a 12 millas de la costa, si no disponemos de teléfono móvil, televisión por satélite ni de"
918cab33-a585-49e0-b0ed-02a53a2b263b,33,Meteorología,0,0,0,0.00,0.00,Las borrascas en el hemisferio Norte se caracterizan porque:
60066625-f90d-4268-97ba-9dc65fcea108,33,Meteorología,0,0,0,0.00,0.00,"En relación con la temperatura, señale la afirmación INCORRECTA:"
9930ef99-b208-4bc4-8532-7d8c6c6fc3e2,33,Meteorología,0,0,0,0.00,0.00,El viento flojo que sopla durante la noche de la tierra al mar se denomina:
913227ea-e88d-4181-9c8c-fcf224ec8487,33,Meteorología,0,0,0,0.00,0.00,¿Cuáles son las características de un anticiclón en el hemisferio Norte?
32117562-8e40-4733-aaf7-8681c95bba71,33,Meteorología,0,0,0,0.00,0.00,¿Cuál de los siguientes dispositivos o aparatos NO se utiliza para conocer las características del v
7eef6f29-8eba-44e4-845f-e5b4f2ad1a64,33,Meteorología,0,0,0,0.00,0.00,"En relación con la escala centígrada de medición de temperatura, señale la afirmación CORRECTA."
3d9af728-fe74-413f-b9e2-8bfbae643250,33,Meteorología,0,0,0,0.00,0.00,¿Cuáles son las características de un anticiclón en el hemisferio Norte?
344d2a5b-05de-458f-8d16-41b46b15cbff,33,Meteorología,0,0,0,0.00,0.00,El anemómetro es un instrumento para medir:
8be41218-5fbe-420a-9b5d-b0980340cfb2,33,Meteorología,0,0,0,0.00,0.00,Se denomina “Fetch” a:
4d69592e-2160-4669-bcd6-f8b0cbe721ff,33,Meteorología,0,0,0,0.00,0.00,¿Cuál de las siguientes afirmaciones en relación a la presión atmosférica es FALSA?
150a6f97-0670-4e4f-bd41-3226ca5b4b9e,33,Meteorología,0,0,0,0.00,0.00,El anemómetro es un instrumento para medir:
23ff166a-beec-468c-89fb-4c403ac7919c,33,Meteorología,0,0,0,0.00,0.00,"En términos náuticos, se denomina refrescar a:"
d61e5a8b-7298-4024-880f-865e8566f8c7,33,Meteorología,0,0,0,0.00,0.00,El viento flojo que sopla durante la noche de la tierra al mar se denomina:
ad5b1fc9-125a-4a23-b779-afeddd4545fb,33,Meteorología,0,0,0,0.00,0.00,"De las siguientes opciones, señale la afirmación INCORRECTA en relación con las fuentes válidas para"
c42cc0a5-2adc-4510-8627-82f4bf74108d,33,Meteorología,0,0,0,0.00,0.00,¿Cuáles son las características de un anticiclón en el hemisferio Norte?
07a38c62-4565-40b0-b304-411452a86bb3,33,Meteorología,0,0,0,0.00,0.00,El anemómetro es un instrumento para medir:
cab47e78-8fe3-4424-b94a-50a49c894451,33,Meteorología,0,0,0,0.00,0.00,¿Cuál de las siguientes NO es una forma de obtener la previsión meteorológica?
c75aa326-8fa6-43cf-a12e-507ac722ce42,33,Meteorología,0,0,0,0.00,0.00,¿Cuáles son las características de un anticiclón en el hemisferio Norte?
8fe620ba-5376-4346-a736-4b98c38d437e,33,Meteorología,0,0,0,0.00,0.00,"En relación con los anemómetros, las veletas y los catavientos, ¿cuál de las siguientes afirmaciones"
5d55a79d-3241-44c6-88da-e7eb81071444,33,Meteorología,0,0,0,0.00,0.00,¿Cuáles son los puntos de referencia de la escala centígrada?
06e3efdc-e0d0-4466-aba6-847c0e96167e,33,Meteorología,0,0,0,0.00,0.00,¿Cuál de las siguientes unidades de medida NO se emplea para la presión atmosférica?
c0d1bea4-acea-44f4-8682-45a1b4192bb2,33,Meteorología,0,0,0,0.00,0.00,El anemómetro es un instrumento para medir:
f324f10b-00f0-4372-83cb-ec3584509efa,33,Meteorología,0,0,0,0.00,0.00,"Señale, de las siguientes afirmaciones relativas a las unidades de medida de la temperatura en la es"
4f1308d8-442e-4f9f-a8f9-84ca85c79db4,33,Meteorología,0,0,0,0.00,0.00,"En relación con la temperatura, señale la afirmación INCORRECTA:"
7f155151-d0b7-49dc-8c56-32da15f4e7fd,33,Meteorología,0,0,0,0.00,0.00,"En meteorología, ¿qué se entiende por isobara?"
5962fef6-be3a-4336-acb9-74a210ef7eed,33,Meteorología,0,0,0,0.00,0.00,¿Cuál de las siguientes afirmaciones en relación a la presión atmosférica es FALSA?
72ca6349-b720-4491-9de4-07c48e47d941,33,Meteorología,0,0,0,0.00,0.00,El terral es:
9abb87a7-87f4-4061-a0aa-e1bb2bb87157,33,Meteorología,0,0,0,0.00,0.00,¿Cuál de las siguientes unidades de medida NO se emplea para la presión atmosférica?
6363ce3d-012e-4bcc-8d33-38914da686e9,33,Meteorología,0,0,0,0.00,0.00,"En relación con las borrascas, ¿cuál de las siguientes afirmaciones es CORRECTA?"
186c6f2a-013f-4690-be92-e2a7be82a826,33,Meteorología,0,0,0,0.00,0.00,Las borrascas en el hemisferio Norte se caracterizan porque:
ec7d58b7-cd27-453e-9899-68564b606b7a,33,Meteorología,0,0,0,0.00,0.00,"En relación con las borrascas, señale la afirmación INCORRECTA:"
b7d71ff9-fc2d-4e07-866c-c31b239b8588,33,Meteorología,0,0,0,0.00,0.00,Los vientos alrededor de una zona de bajas presiones en el hemisferio norte:
d6d81351-936f-4573-94d8-cf434d31cb56,33,Meteorología,0,0,0,0.00,0.00,El terral es un viento o brisa:
5f3d7c1d-1f0d-4a92-bea5-52f62b7e1aeb,33,Meteorología,0,0,0,0.00,0.00,La presión atmosférica es debido a:
1df8771f-f4ad-4396-897a-5fe6889c2235,33,Meteorología,0,0,0,0.00,0.00,¿Cuál de las siguientes NO es una forma de obtener la previsión meteorológica?
a07692f7-196e-4aac-8eda-8d1f823c1a10,33,Meteorología,0,0,0,0.00,0.00,¿Cuáles son los puntos de referencia de la escala centígrada?
ccd2d494-16bf-44aa-ac89-220ad30866fa,33,Meteorología,0,0,0,0.00,0.00,"En relación con los anticiclones, ¿cuál de las siguientes afirmaciones es CORRECTA?"
aa7fbc59-255c-4d76-82f8-714c22987758,33,Meteorología,0,0,0,0.00,0.00,"En relación con las brisas costeras, el “terral” es un viento que comúnmente sopla durante:"
27fa4870-bc04-40b4-9dfc-5deb2864bc82,33,Meteorología,0,0,0,0.00,0.00,"En relación con el fetch, indique cuál de las siguientes afirmaciones es INCORRECTA."
9e4d6e7b-3582-4127-995e-54c1a5376706,33,Meteorología,0,0,0,0.00,0.00,¿Cuál de las siguientes opciones NO se considera una fuente válida para obtener información meteorol
94dfc619-ec30-45e6-8aee-dde322c7e94d,33,Meteorología,0,0,0,0.00,0.00,El viento de las regiones costeras que sopla durante el día desde el mar hacia tierra a consecuencia
a652704b-afe0-465f-bb12-474668cafd5b,33,Meteorología,0,0,0,0.00,0.00,"De acuerdo con los diferentes tipos de vientos, y en una situación en la que existe viento, indique "
842c1da5-f098-4ed9-8a7b-89e089bc79bc,33,Meteorología,0,0,0,0.00,0.00,"En relación con las líneas isobaras, señale la afirmación CORRECTA:"
8fb483fd-6820-4b14-9bc2-1961a9977aac,33,Meteorología,0,0,0,0.00,0.00,"En relación con las líneas isobaras, señale la afirmación CORRECTA:"
8ffe1494-1605-423f-a08e-68b3cc3bbb44,33,Meteorología,0,0,0,0.00,0.00,El terral es un viento que se desplaza desde:
324fb0c8-2115-435e-ab20-c76efead4b68,33,Meteorología,0,0,0,0.00,0.00,La presión atmosférica media al nivel del mar es de:
72f5771d-9207-4843-8a4e-42eeb7795bc6,33,Meteorología,0,0,0,0.00,0.00,"En relación con las brisas costeras, el “virazón” es un viento que sopla generalmente durante:"
a5d05a3b-caa7-494a-9140-29fc273feeae,33,Meteorología,0,0,0,0.00,0.00,El terral es un viento o brisa:
d4c67c0d-d4c8-4634-86bd-e64fc3399b55,33,Meteorología,0,0,0,0.00,0.00,El viento de las regiones costeras que sopla durante el día desde el mar hacia tierra a consecuencia
2a0de1b8-8dea-423a-b9ff-275f7fdf3657,33,Meteorología,0,0,0,0.00,0.00,"En relación con la definición de temperatura, señale la afirmación INCORRECTA."
335236c3-bccf-46a1-b2d0-b95cbaded943,33,Meteorología,0,0,0,0.00,0.00,"En relación con el Fetch, ¿cuál de las siguientes afirmaciones es INCORRECTA?"
7eb5ab7e-f78f-4dad-96be-238a2ce8d690,33,Meteorología,0,0,0,0.00,0.00,¿Cuál es la definición de temperatura?
771efbdc-19f9-4a6c-9b55-ab2cac02e2ce,33,Meteorología,0,0,0,0.00,0.00,¿Cuál es la definición de temperatura?
9a428242-1109-4c47-8939-61722355f872,33,Meteorología,0,0,0,0.00,0.00,Si se observa en un barómetro las variaciones de la presión atmosférica para un periodo de tiempo de
62562704-80fc-480a-aa12-db8c9b6533ac,33,Meteorología,0,0,0,0.00,0.00,"La presión atmosférica a nivel del mar, expresada en milibares, es aproximadamente de:"
44311fea-f9c6-4401-9c31-aed8acbe6f0a,33,Meteorología,0,0,0,0.00,0.00,"En relación con las brisas costeras, el “virazón” es un viento que sopla generalmente durante:"
71624e45-94fe-4457-ac15-677dd9c5101f,33,Meteorología,0,0,0,0.00,0.00,"En relación con el viento, se denomina “caer” a:"
71f71722-c068-427a-9b46-c354cc078b9d,33,Meteorología,0,0,0,0.00,0.00,¿Cuál de las siguientes afirmaciones es CORRECTA?
6485689c-a9d8-4483-8ac9-14e55e41f348,33,Meteorología,0,0,0,0.00,0.00,"En relación con el viento, se denomina “caer” a:"
8520c48e-deee-47ac-b444-d2d375ed8816,33,Meteorología,0,0,0,0.00,0.00,"En relación con el viento, se denomina “caer” a:"
79023cf1-b78b-43ba-97fa-e9392c0eb1ab,33,Meteorología,0,0,0,0.00,0.00,La presión atmosférica media al nivel del mar es de:
8a5a273a-6c4f-4410-a05a-495beb23944f,34,Meteorología,0,0,0,0.00,0.00,"En relación con la temperatura, ¿qué fenómeno ocurre en el valor 0º de la escala centígrada?"
caf0d33c-643c-47b4-a032-b1a38aa66751,34,Meteorología,0,0,0,0.00,0.00,El virazón es un viento o brisa:
71da27e5-bad6-4ff2-8b7b-35b4e1cd9a42,34,Meteorología,0,0,0,0.00,0.00,Se denomina rolar a:
41df0337-381f-4c8d-bddc-95e547190a35,34,Meteorología,0,0,0,0.00,0.00,"¿Qué nombre recibe el viento que en las costas sopla de la parte del mar durante el día, alternando "
c05f3734-5035-452b-97df-b6a1353ffa68,34,Meteorología,0,0,0,0.00,0.00,¿Es posible obtener la previsión meteorológica por VHF?
fa322ac5-ac71-47ef-b9fc-908d87ca7349,34,Meteorología,0,0,0,0.00,0.00,"De acuerdo a su definición, ¿cuál de los siguientes comportamientos no implica forzosamente una vari"
6f811733-4611-44b7-bc6f-9957bbc9f2a5,34,Meteorología,0,0,0,0.00,0.00,Se denomina Fetch a:
865cd8ad-e7c6-4c80-9301-76523bb146ef,34,Meteorología,0,0,0,0.00,0.00,"En relación con las borrascas, ¿cuál de las siguientes afirmaciones es CORRECTA?"
f404d8d8-3f0d-4e77-9e1f-f3e2a5015910,34,Meteorología,0,0,0,0.00,0.00,"En relación con la temperatura, señale la afirmación INCORRECTA:"
d0d9db6c-49ab-4c8e-996b-52e3cbc21a2a,34,Meteorología,0,0,0,0.00,0.00,"En relación con la temperatura, ¿qué fenómeno ocurre en el valor 100º de la escala centígrada?"
722124ab-cceb-4f61-b500-4443816c18cd,34,Meteorología,0,0,0,0.00,0.00,La escala de Douglas nos indica:
b2c6f7c9-06c0-46d4-ba4e-13b58307230d,34,Meteorología,0,0,0,0.00,0.00,¿Cuál de las siguientes NO es una forma de obtener la previsión meteorológica?
2b60b6e2-ea10-4b49-8924-9c389f70496b,34,Meteorología,0,0,0,0.00,0.00,"En relación con las unidades de medida de la presión atmosférica, un milibar es equivalente a:"
484bd041-aee3-417c-8f08-80d0b676bcd9,34,Meteorología,0,0,0,0.00,0.00,¿Cuál de las siguientes afirmaciones es CORRECTA en relación con los diferentes tipos de vientos?
ad987d05-d3aa-4acf-9e71-2903e654669a,34,Meteorología,0,0,0,0.00,0.00,¿Cuál de los siguientes dispositivos o aparatos NO se utiliza para conocer las características del v
35c18b85-ff2c-4f2e-b05b-907597aa4d35,34,Meteorología,0,0,0,0.00,0.00,"En términos náuticos, se denomina refrescar a:"
e8bf87bd-4864-4c8b-abdf-0080ff0a2b27,34,Meteorología,0,0,0,0.00,0.00,¿Qué se entiende por Rolar?
0fa580f2-a638-410b-bec5-7d22a6f3cff2,34,Meteorología,0,0,0,0.00,0.00,¿Cuáles son las características de una borrasca en el Hemisferio Norte?
1ab96620-4f6f-4849-b60f-0a3e2f6addd4,34,Meteorología,0,0,0,0.00,0.00,"En metereología, ¿hasta que límite se considera baja presión?"
c6af538f-428b-4c2b-8a23-976132ed3e24,34,Meteorología,0,0,0,0.00,0.00,"En relación con la definición de temperatura, señale la afirmación CORRECTA. En la atmósfera:"
5d31776c-4ba0-4150-aa36-7afbda0f7826,34,Meteorología,0,0,0,0.00,0.00,La presión atmosférica es debido a:
4f4fb9ea-d156-4bd0-a49d-de3c49cc86ba,34,Meteorología,0,0,0,0.00,0.00,"En relación con la temperatura, señale la afirmación INCORRECTA:"
4a905fd3-13c2-43f4-a89f-067e23dc50a1,34,Meteorología,0,0,0,0.00,0.00,El término “rolar” indica que el viento:
ca500463-35fd-4373-a19a-39929062b0c4,34,Meteorología,0,0,0,0.00,0.00,¿Qué parámetro mide el barómetro aneroide?
fa1c783b-3b58-4bbe-bada-aef0a36b2926,34,Meteorología,0,0,0,0.00,0.00,"En relación con los anticiclones, ¿cuál de las siguientes afirmaciones es CORRECTA?"
c773da95-1cc5-4180-8836-af64fab700e4,34,Meteorología,0,0,0,0.00,0.00,Se entiende por Fecht:
f12ae19c-3fe7-4418-b657-5567e92649f1,34,Meteorología,0,0,0,0.00,0.00,"En relación con las borrascas, ¿cuál de las siguientes afirmaciones es CORRECTA?"
94d7c0bc-b022-4e4b-94b8-4890cb7b70a3,34,Meteorología,0,0,0,0.00,0.00,"En relación con los anemómetros, las veletas y los catavientos, ¿cuál de las siguientes afirmaciones"
1a538c3c-8d6c-4a53-87b9-0d4f0cd5a33a,34,Meteorología,0,0,0,0.00,0.00,"En relación con la temperatura, ¿qué fenómeno ocurre en el valor 100º de la escala centígrada?"
70d57d69-5f40-4c10-acad-be3de6eda344,34,Meteorología,0,0,0,0.00,0.00,Señale la afirmación CORRECTA en relación con el barómetro aneroide:
0c650696-2562-4f1e-88bc-3ea910cd0af5,34,Meteorología,0,0,0,0.00,0.00,¿Cuál de las siguientes afirmaciones es CORRECTA?
9fa64bd8-20e3-4ffd-9821-e245c0fb0ae1,34,Meteorología,0,0,0,0.00,0.00,Las borrascas en el hemisferio Norte se caracterizan porque:
2effed6f-1d47-4c36-a151-c5e6d332671c,34,Meteorología,0,0,0,0.00,0.00,Si se observa en un barómetro las variaciones de la presión atmosférica para un periodo de tiempo de
de4921e2-23e1-4231-9a28-d13233d18f90,34,Meteorología,0,0,0,0.00,0.00,"En relación con las borrascas, señale la afirmación INCORRECTA."
e108b19c-b181-4c0c-b3ba-229aeccda1ad,34,Meteorología,0,0,0,0.00,0.00,Se entiende por Fecht:
a67a1178-d8fc-453d-a639-92030232fed3,34,Meteorología,0,0,0,0.00,0.00,El término “rolar” indica que el viento:
522da918-447e-40b5-ab3d-b8c362ad4680,34,Meteorología,0,0,0,0.00,0.00,El dispositivo utilizado para medir la dirección del viento formado por una manga de tejido en forma
056845e3-bcf7-484b-8ec3-805056177871,34,Meteorología,0,0,0,0.00,0.00,"En relación con la temperatura, ¿qué fenómeno ocurre en el valor 100º de la escala centígrada?"
05028e76-f693-4dde-8245-33528b6c7072,34,Meteorología,0,0,0,0.00,0.00,La presión atmosférica media al nivel del mar es:
4b98e21c-9b1a-4041-b41a-ef06f03b531c,34,Meteorología,0,0,0,0.00,0.00,Se entiende por virazón:
473c81c0-f7a0-44d0-b553-d8ac1bf0d0ff,34,Meteorología,0,0,0,0.00,0.00,¿Cuáles son los puntos de referencia de la escala centígrada?
2056f743-df33-4dc7-92d5-4dfa7bbee77b,34,Meteorología,0,0,0,0.00,0.00,"En términos náuticos, se denomina refrescar a:"
fd98c498-6158-41d4-bd2d-3fa21c2b4a5e,34,Meteorología,0,0,0,0.00,0.00,"La presión atmosférica a nivel del mar, expresada en milibares, es aproximadamente de:"
4c07dddc-f5c9-4e25-a414-1b6c8aea8035,34,Meteorología,0,0,0,0.00,0.00,Se denomina rolar a:
44c6bccf-4de8-40f5-b26f-d55c0b10a8c1,34,Meteorología,0,0,0,0.00,0.00,¿Qué es el viento real?
3cf94e54-4207-4021-ad89-9efec0dd9549,34,Meteorología,0,0,0,0.00,0.00,"En términos náuticos, se denomina refrescar a:"
467a3058-08c1-4283-8921-7fbd6eabdd09,34,Meteorología,0,0,0,0.00,0.00,¿Es posible obtener la previsión meteorológica por VHF?
65a2238c-e362-42ee-b238-8b7db5beae94,34,Meteorología,0,0,0,0.00,0.00,"La expresión ""refrescar"", relativa al viento, significa:"
02d0bf8b-49cd-4733-b5cf-2fc368b12632,34,Meteorología,0,0,0,0.00,0.00,La escala de Douglas nos indica:
f694d421-05d6-455f-8407-078daf913a29,34,Meteorología,0,0,0,0.00,0.00,"Durante la navegación observamos en el barómetro una bajada lenta y suave de la presión, esto quiere"
f0f3cd68-5d91-449d-8784-511ef3749cdd,34,Meteorología,0,0,0,0.00,0.00,El terral es el viento que:
a480a390-03ab-4bb4-8eb5-09ed2af7f9df,34,Meteorología,0,0,0,0.00,0.00,¿Qué se entiende por Rolar?
09fa87b7-4b5e-40e3-acbe-aa50656c4c9e,34,Meteorología,0,0,0,0.00,0.00,"En relación con los anticiclones, ¿cuál de las siguientes afirmaciones es INCORRECTA?"
13b1d2eb-bae9-4af6-8d59-3f7e78d49dc0,34,Meteorología,0,0,0,0.00,0.00,"En relación con los anticiclones, señale la afirmación INCORRECTA:"
e70ad9cc-a8ff-449b-a53a-804a45586090,34,Meteorología,0,0,0,0.00,0.00,¿Cuál de las siguientes afirmaciones en relación a la presión atmosférica es FALSA?
0cb4ff63-9f43-4bbe-ac3e-14efc45fbd25,34,Meteorología,0,0,0,0.00,0.00,¿Cuál de los siguientes dispositivos o aparatos NO se utiliza para conocer las características del v
b1dd3aa0-114e-49dd-9341-5691386d6d13,34,Meteorología,0,0,0,0.00,0.00,"La presión atmosférica a nivel del mar, expresada en milibares, es aproximadamente de:"
a94d36c2-e568-4d1f-ba18-2a635085a614,34,Meteorología,0,0,0,0.00,0.00,Si se observa en un barómetro las variaciones de la presión atmosférica para un periodo de tiempo de
8026437a-b266-4f4d-b829-1e7ab8788ef8,34,Meteorología,0,0,0,0.00,0.00,"En relación con la escala de Douglas, ¿cuál de las siguientes afirmaciones es CORRECTA?"
ed6712b4-0061-4ec7-b414-3df8d3512d50,34,Meteorología,0,0,0,0.00,0.00,¿Cuál de las siguientes NO es una forma de obtener la previsión meteorológica?
8be2af35-962c-4a38-9410-0ba505eff763,34,Meteorología,0,0,0,0.00,0.00,Los vientos alrededor de una zona de bajas presiones en el hemisferio norte:
934475b7-6fdd-4482-bef7-d6d5eed4f753,34,Meteorología,0,0,0,0.00,0.00,La expresión “refrescar” relacionada con el viento se refiere a:
c6de141d-0081-41f4-b4b8-62a0dcc7e682,34,Meteorología,0,0,0,0.00,0.00,¿Cuál de las siguientes unidades de medida NO se emplea para la presión atmosférica?
5c0cfdd5-77de-4965-8a92-799c783b033b,34,Meteorología,0,0,0,0.00,0.00,¿Cuál de las siguientes afirmaciones es CORRECTA en relación con los diferentes tipos de vientos?
0e88846a-c10f-4be8-a077-fe364d3a564c,34,Meteorología,0,0,0,0.00,0.00,¿Cuáles son las características de una borrasca en el Hemisferio Norte?
7472c3f1-cd34-45da-b928-e61f54512d67,34,Meteorología,0,0,0,0.00,0.00,La circulación general del viento en el hemisferio Norte en un anticiclón será:
187e22d4-ca97-43c4-9a03-5a0debe455cf,34,Meteorología,0,0,0,0.00,0.00,Las borrascas en el hemisferio Norte se caracterizan porque:
7063677e-d995-4055-b2d9-8d5722c2f19f,34,Meteorología,0,0,0,0.00,0.00,¿A través de cuál de las siguientes formas NO se puede obtener la previsión meteorológica?
ce1c0d8c-5918-4af9-a4c5-8e5ccedc50ec,34,Meteorología,0,0,0,0.00,0.00,"En relación con las borrascas, ¿cuál de las siguientes afirmaciones es CORRECTA?"
5024de7f-65b9-42ae-abd3-2a044a039b55,34,Meteorología,0,0,0,0.00,0.00,¿Cuál de las siguientes afirmaciones en relación a la presión atmosférica es FALSA?
e070499e-5ac2-45c9-8b9f-2fa552ad3fe7,34,Meteorología,0,0,0,0.00,0.00,"En términos náuticos, se denomina “refrescar” a:"
6a34dded-33d0-4a31-b2d5-4364de160289,34,Meteorología,0,0,0,0.00,0.00,El término “rolar” indica que el viento:
562bbfed-8b72-4c89-8f7b-00d43bdc50dd,34,Meteorología,0,0,0,0.00,0.00,"En relación con las borrascas, señale la afirmación INCORRECTA:"
6450b47a-3f10-407a-ad3d-c970bd89d64d,34,Meteorología,0,0,0,0.00,0.00,Señale cuál de las siguientes afirmaciones relativas a la presión atmosférica es CORRECTA.
be83a141-a63d-4858-80dd-a9c05a5f1908,34,Meteorología,0,0,0,0.00,0.00,¿Cuáles son los puntos de referencia de la escala centígrada?
efc98cf1-36e4-4880-bb31-f50d115797bc,34,Meteorología,0,0,0,0.00,0.00,"En relación con los anticiclones, señale la afirmación INCORRECTA:"
131b22a0-7cae-478e-9c8c-23190f3c8b95,34,Meteorología,0,0,0,0.00,0.00,"En relación con la presión atmosférica, señale la afirmación CORRECTA:"
747ac911-edb1-4f85-9f32-eeaaef276353,34,Meteorología,0,0,0,0.00,0.00,El término “rolar” indica que el viento:
8ac430af-4d2b-4737-bc47-4d2836a00958,34,Meteorología,0,0,0,0.00,0.00,"En relación con los anticiclones, ¿cuál de las siguientes afirmaciones es INCORRECTA?"
e83147fb-484a-4fa4-a7a4-eedf903536d9,34,Meteorología,0,0,0,0.00,0.00,"En relación con la temperatura, ¿qué fenómeno ocurre en el valor 100º de la escala centígrada?"
8cfae4bf-f25c-4f48-9928-39244012c01c,34,Meteorología,0,0,0,0.00,0.00,¿Qué es el Fetch?
8b90b686-910b-4467-bae2-35212c2a7b75,34,Meteorología,0,0,0,0.00,0.00,¿Cuál de las siguientes unidades de medida NO se emplea para la presión atmosférica?
ee65d1b5-0f0a-4b9b-a9c4-a2eba7b2a443,34,Meteorología,0,0,0,0.00,0.00,"En relación con los anemómetros, las veletas y los catavientos, ¿cuál de las siguientes afirmaciones"
6f3668c3-d466-491f-ba6d-868fed23fc3c,35,Meteorología,0,0,0,0.00,0.00,La presión atmosférica:
b5fa7186-8e06-462d-a336-2e59f0c13054,35,Meteorología,0,0,0,0.00,0.00,Los parámetros del viento generador que determinan el tamaño de las olas son:
b9f9832b-fa44-4724-81af-d3424c2f2257,35,Meteorología,0,0,0,0.00,0.00,"En relación con la escala de Douglas, indique cuál de las siguientes afirmaciones es INCORRECTA."
6a9ba2f8-d308-4262-adf6-401dc837b691,35,Meteorología,0,0,0,0.00,0.00,El viento del NW es aquel que:
5c3f4f12-e5de-4cc3-ba1c-9bc7a218ebe7,35,Meteorología,0,0,0,0.00,0.00,La expresión “refrescar” relacionada con el viento se refiere a:
370df1de-cdc7-415c-8a85-b69de13fada2,35,Meteorología,0,0,0,0.00,0.00,"En relación con la escala de Douglas, ¿cuál de las siguientes afirmaciones es CORRECTA?"
94fbc062-7a1e-440a-8312-cfab71f03ac2,35,Meteorología,0,0,0,0.00,0.00,"En relación con la temperatura, ¿qué fenómeno ocurre en el valor 0º de la escala centígrada?"
ae3dc5be-8a6a-4d91-bfaa-c962f56a09f2,35,Meteorología,0,0,0,0.00,0.00,"Señale, de las siguientes afirmaciones relativas a las unidades de medida de la temperatura en la es"
0ad76aaf-a025-4bda-9fd8-136ab29166d1,35,Meteorología,0,0,0,0.00,0.00,"En términos náuticos, se denomina refrescar a:"
9c9802fb-a685-4123-bc0e-7d7266360693,35,Meteorología,0,0,0,0.00,0.00,Se define como isobara la línea que une puntos con igual valor de:
f3593719-6d1c-4bec-9d1f-e807f1fbb9c0,35,Meteorología,0,0,0,0.00,0.00,Se denominan borrascas a aquellas regiones en las que:
f1205260-6422-4c97-ac14-af1bf573145a,35,Meteorología,0,0,0,0.00,0.00,Se define como isobara la línea que une puntos con igual valor de:
ea3d562c-dea1-40c2-ae3a-da95d9d69a25,35,Meteorología,0,0,0,0.00,0.00,"En relación con la escala de Douglas, indique cuál de las siguientes afirmaciones es INCORRECTA."
a5dbcf2b-41a5-49d5-95d4-3b4a20d7829a,35,Meteorología,0,0,0,0.00,0.00,El terral es un viento o brisa:
cf00e333-d526-4aed-9890-04deb2b14227,35,Meteorología,0,0,0,0.00,0.00,Señale cuál de las siguientes afirmaciones relativas a la presión atmosférica es CORRECTA.
fa5d881a-93b3-4531-b1ff-eb355c6a8273,35,Meteorología,0,0,0,0.00,0.00,Navegando rumbo NE a una velocidad de 5 nudos por la Bahía de Santander con un viento real de proa d
7e161b23-190b-4418-a185-d43628a62df5,35,Meteorología,0,0,0,0.00,0.00,"En relación con la escala de Douglas, indique cuál de las siguientes afirmaciones es INCORRECTA."
685e5c80-d2a0-4f55-8a57-c58ef9e08167,35,Meteorología,0,0,0,0.00,0.00,El viento del NW es aquel que:
1f29c1b5-8fbf-48e6-833c-6c8e60e470b3,35,Meteorología,0,0,0,0.00,0.00,"En relación con la escala de Douglas, indique cuál de las siguientes afirmaciones es INCORRECTA."
80716a9d-0168-4755-821b-67a46b7ed91f,35,Meteorología,0,0,0,0.00,0.00,Se denominan borrascas a aquellas regiones en las que:
9cfbb602-6e26-4c4a-aaef-eaf27bf74823,35,Meteorología,0,0,0,0.00,0.00,Señale cuál de las siguientes afirmaciones relativas a la presión atmosférica es CORRECTA.
314db2fa-a46a-4bc9-9e90-440f9aad50d7,35,Meteorología,0,0,0,0.00,0.00,"En términos náuticos, se denomina refrescar a:"
7140b98e-34bc-482f-834a-b5cb9f8ed32a,35,Meteorología,0,0,0,0.00,0.00,"De las siguientes opciones, señale la afirmación INCORRECTA en relación con las fuentes válidas para"
b2892ce0-2151-4352-8d51-e5f05367b413,35,Meteorología,0,0,0,0.00,0.00,"En relación con la borrasca, señale la afirmación CORRECTA."
994c33d3-9292-4fae-a7f2-d9b34385c4c0,35,Meteorología,0,0,0,0.00,0.00,El virazón es un viento o brisa:
5ae01695-e12b-40c2-b3c4-8d91bf9c40e5,35,Meteorología,0,0,0,0.00,0.00,La presión atmosférica media al nivel del mar es de:
a30a6854-a1a4-433e-8eea-300675f1cbea,35,Meteorología,0,0,0,0.00,0.00,"En relación con los anticiclones, señale la afirmación INCORRECTA:"
3156ccab-e950-42d2-a373-1dbe677b03d1,35,Meteorología,0,0,0,0.00,0.00,La presión atmosférica media al nivel del mar es de:
85637b91-504b-4e92-8006-6fdb23cdf273,35,Meteorología,0,0,0,0.00,0.00,Se denomina persistencia del viento a:
07e7d4c7-8c6d-41ae-b9b5-15a3678670f6,35,Meteorología,0,0,0,0.00,0.00,"En relación con la escala de Douglas, ¿cuál de las siguientes afirmaciones es CORRECTA?"
23c3e88f-1e1d-45b2-9a5a-a4940f2fefb6,35,Meteorología,0,0,0,0.00,0.00,"De acuerdo con la definición, las isobaras son líneas que unen puntos de:"
7b4ec0cb-17d1-4b86-8848-4700e69a2b04,35,Meteorología,0,0,0,0.00,0.00,"Con carácter general, se toma como referencia la presión atmosférica que existe a nivel del mar, cuy"
61463b33-0751-4c61-b662-88f5ab0cd325,35,Meteorología,0,0,0,0.00,0.00,"En relación con los anticiclones, señale la afirmación INCORRECTA:"
f8340d9d-7f94-40eb-a945-ed0dcba604d1,35,Meteorología,0,0,0,0.00,0.00,"En relación con las unidades de medida de la presión atmosférica, un milibar es equivalente a:"
a80391ae-6070-41cb-95e0-c80a40d80560,35,Meteorología,0,0,0,0.00,0.00,"En relación con las borrascas, señale la afirmación INCORRECTA:"
f8a3793d-3f01-451c-bd38-2c8e20ceed66,35,Meteorología,0,0,0,0.00,0.00,El virazón es un viento o brisa:
783b7a11-ab77-4c2c-9ba7-1f4b309fea99,35,Meteorología,0,0,0,0.00,0.00,"De las siguientes opciones, señale la afirmación INCORRECTA en relación con las fuentes válidas para"
d9fd2ad4-98fd-4b7c-b6df-b70dcdfe2654,35,Meteorología,0,0,0,0.00,0.00,"En relación con la definición de temperatura, señale la afirmación INCORRECTA."
539eff6e-df42-4df8-ae52-929077c4737b,35,Meteorología,0,0,0,0.00,0.00,"De acuerdo con la definición, las isobaras son líneas que unen puntos de:"
da925cb7-63b1-4d60-aef2-03ef7c5c3b1f,35,Meteorología,0,0,0,0.00,0.00,"En relación con los anticiclones, ¿cuál de las siguientes afirmaciones es CORRECTA?"
879e8f20-32b1-4daa-aaa0-ed99457b3a72,35,Meteorología,0,0,0,0.00,0.00,Se denomina persistencia del viento a:
692c2138-651a-4278-b4c5-4dcec9cbdc64,35,Meteorología,0,0,0,0.00,0.00,Se denomina rolar a:
b58271c5-d27e-47a9-9db5-f8cba005990b,35,Meteorología,0,0,0,0.00,0.00,"En relación con los anticiclones, ¿cuál de las siguientes afirmaciones es CORRECTA?"
b20d9d81-f133-43ef-b61e-ddceb1492687,35,Meteorología,0,0,0,0.00,0.00,"En relación con la definición de temperatura, señale la afirmación INCORRECTA."
9639ab08-6d13-43f0-bb39-e9d285d4628a,35,Meteorología,0,0,0,0.00,0.00,"En relación con los anticiclones, ¿cuál de las siguientes afirmaciones es CORRECTA?"
8f514bdf-bac7-487a-bafe-cedc07bfd69d,35,Meteorología,0,0,0,0.00,0.00,El viento aparente:
e2ba8c02-dad4-46e7-a5a7-be511ffa470d,35,Meteorología,0,0,0,0.00,0.00,Un milibar es:
8ffd525a-4d0f-43cf-aba0-d601758dac81,35,Meteorología,0,0,0,0.00,0.00,"Con carácter general, se toma como referencia la presión atmosférica que existe a nivel del mar, cuy"
e0a83ae4-d5b2-4cc9-a223-9cd2d51505d9,35,Meteorología,0,0,0,0.00,0.00,El viento aparente:
b506c081-925d-4865-bae2-604edbf651e4,35,Meteorología,0,0,0,0.00,0.00,"En relación con las borrascas, señale la afirmación INCORRECTA."
c4ea37ad-2692-45a9-b229-a7a6c2f8fe5a,35,Meteorología,0,0,0,0.00,0.00,"En relación con los anticiclones, ¿cuál de las siguientes afirmaciones es CORRECTA?"
ee2fdecc-5099-4456-bae0-6e183c9366de,35,Meteorología,0,0,0,0.00,0.00,"En relación con las borrascas, ¿cuál de las siguientes afirmaciones es CORRECTA?"
54134a54-7ea9-4e96-9a7d-29b01b02e464,35,Meteorología,0,0,0,0.00,0.00,"En relación con la escala de Douglas, ¿cuál de las siguientes afirmaciones es CORRECTA?"
de2f34a8-ec61-48ed-a3dc-e30a8d1a3608,35,Meteorología,0,0,0,0.00,0.00,¿Qué parámetro mide el barómetro aneroide?
49f60cca-e6a6-43f3-9e69-edcc1e658c39,35,Meteorología,0,0,0,0.00,0.00,Señale la afirmación CORRECTA en relación con el barómetro aneroide:
92d2c44f-c3e4-4d23-a6f1-523ffa4d3e25,35,Meteorología,0,0,0,0.00,0.00,"De acuerdo con la escala de Douglas empleada en meteorología, indique cuál de las siguientes afirmac"
0f66af1b-a162-40e9-af43-c33c370a401d,35,Meteorología,0,0,0,0.00,0.00,La presión atmosférica media al nivel del mar es:
24227af7-6b9d-406e-b8ab-ad98004f8a9e,35,Meteorología,0,0,0,0.00,0.00,"En relación con la definición de temperatura, señale la afirmación INCORRECTA:"
ec381b4b-10d7-4354-b7da-a9d28f143f07,35,Meteorología,0,0,0,0.00,0.00,La presión atmosférica media al nivel del mar es aproximadamente de:
31e9784b-7451-4761-afd0-5dfd8cb8ea25,35,Meteorología,0,0,0,0.00,0.00,"De acuerdo con los diferentes tipos de vientos, y en una situación en la que existe viento, indique "
bf83818b-4401-4e40-a4c6-da7c37402638,35,Meteorología,0,0,0,0.00,0.00,El terral es un viento o brisa:
ba041540-236d-4014-865d-92b0e15f924f,35,Meteorología,0,0,0,0.00,0.00,¿Cuál de las siguientes opciones NO se considera una fuente válida para obtener información meteorol
a06d7f1c-1d94-49f7-9279-eef5487e53a2,35,Meteorología,0,0,0,0.00,0.00,El terral es un viento o brisa:
28fcc8b0-3340-4624-ad1e-ad5e6f3bfe77,35,Meteorología,0,0,0,0.00,0.00,¿Es posible obtener la previsión meteorológica por VHF?
8892c756-68a3-4f40-b9ea-d1643eb1b9e1,35,Meteorología,0,0,0,0.00,0.00,"En relación con la escala centígrada de medición de temperatura, señale la afirmación CORRECTA."
a1a57112-a1c8-406e-a6b0-2ef0c78f8c9a,35,Meteorología,0,0,0,0.00,0.00,"De las siguientes formas de obtener la previsión meteorológica para la navegación marítima, ¿cuál es"
04026c27-d379-43d2-92c8-bc15cba68f3b,35,Meteorología,0,0,0,0.00,0.00,¿Cuál es el instrumento que nos permite conocer la velocidad del viento?
4b68d25f-1180-4c06-8499-a6d6d9e1d79a,35,Meteorología,0,0,0,0.00,0.00,"De las siguientes formas de obtener la previsión meteorológica para la navegación marítima, ¿cuál es"
fe057504-228a-4256-acd8-db9cca436b49,35,Meteorología,0,0,0,0.00,0.00,El terral es un viento o brisa:
e3f236a6-17a9-4dd0-9119-9e23a027409a,35,Meteorología,0,0,0,0.00,0.00,"En relación con los anticiclones, ¿cuál de las siguientes afirmaciones es CORRECTA?"
19a3879d-695c-4b91-9fe1-0619139a39a2,35,Meteorología,0,0,0,0.00,0.00,¿Cuál de las siguientes afirmaciones sobre las borrascas es CORRECTA?
8a72fca4-64f5-436e-8b87-279e235d37f6,35,Meteorología,0,0,0,0.00,0.00,¿Cuál es el instrumento que nos permite conocer la velocidad del viento?
5215ac68-6b34-4d8e-af22-5c57ea64d099,35,Meteorología,0,0,0,0.00,0.00,"En términos náuticos, se denomina “refrescar” a:"
0926137e-48ea-4f20-8908-bb6af24ecdc9,35,Meteorología,0,0,0,0.00,0.00,¿Cuál de las siguientes afirmaciones sobre las borrascas es CORRECTA?
f70054a6-8c80-456b-9d0d-1004195903ef,35,Meteorología,0,0,0,0.00,0.00,El terral es un viento que se desplaza desde:
64c8b8b5-f0a3-4ac2-a450-d6163d014cd6,35,Meteorología,0,0,0,0.00,0.00,¿Cuál es el movimiento general del viento en una borrasca en el hemisferio norte?
3f2fd7bc-a1a6-4e09-ac2b-b22ae913b017,35,Meteorología,0,0,0,0.00,0.00,Se denomina “Intensidad” a:
a6075cf2-7802-4bc5-8c32-23c968a365ec,35,Meteorología,0,0,0,0.00,0.00,El terral es:
12a90b78-d515-456d-8ca0-4d4bb5cd2fbe,35,Meteorología,0,0,0,0.00,0.00,"En relación con los anticiclones, ¿cuál de las siguientes afirmaciones es CORRECTA?"
7ddb0348-4083-4fb2-82f5-705762ce5aff,35,Meteorología,0,0,0,0.00,0.00,Se denomina “Intensidad” a:
3f9c3e68-7312-41a6-92ad-48844afffc81,35,Meteorología,0,0,0,0.00,0.00,"Navegando a 12 millas de la costa, si no disponemos de teléfono móvil, televisión por satélite ni de"
c505414f-2420-46d1-bc7f-42f60a325153,35,Meteorología,0,0,0,0.00,0.00,"En relación con las borrascas, ¿cuál de las siguientes afirmaciones es CORRECTA?"
7d68b2bb-7cd9-47fa-881d-adc18ac2075d,35,Meteorología,0,0,0,0.00,0.00,El terral:
9d3612dd-daa7-4134-8486-8668418d44af,35,Meteorología,0,0,0,0.00,0.00,Los parámetros del viento generador que determinan el tamaño de las olas son:
a59dd53b-0d89-4756-9d28-c3b4f9eedb58,36,Meteorología,0,0,0,0.00,0.00,El viento de las regiones costeras que sopla durante el día desde el mar hacia tierra a consecuencia
117efa7e-b64f-48f5-80a5-d77bbaa99fc7,36,Meteorología,0,0,0,0.00,0.00,La presión atmosférica media al nivel del mar es aproximadamente de:
4928217c-fe68-433b-9211-6cab6303c311,36,Meteorología,0,0,0,0.00,0.00,¿Cuál de las siguientes afirmaciones es CORRECTA en relación con los diferentes tipos de vientos?
20bc4d0a-658b-4014-ab57-514428b0bce4,36,Meteorología,0,0,0,0.00,0.00,"De acuerdo con la escala de Douglas empleada en meteorología, indique cuál de las siguientes afirmac"
515b3f03-7e65-42cc-b435-db2c057b1797,36,Meteorología,0,0,0,0.00,0.00,El viento que sopla en las costas durante el día del mar hacia tierra se denomina:
2e2b1497-ac64-432d-b04a-c839824081a6,36,Meteorología,0,0,0,0.00,0.00,"De acuerdo con la definición, las isobaras son líneas que unen puntos de:"
3fdbacb1-cb4c-42d2-8741-ad06df64ae90,36,Meteorología,0,0,0,0.00,0.00,El virazón es un viento o brisa:
2c57c60e-1168-45b1-9714-53dfa12cd6e7,36,Meteorología,0,0,0,0.00,0.00,"En relación con los anticiclones, señale la afirmación CORRECTA."
34a5ebd0-4e6d-4da3-b0d4-11de0f34dc86,36,Meteorología,0,0,0,0.00,0.00,"La expresión ""refrescar"", relativa al viento, significa:"
c1f5057a-1e62-4716-899e-7c86497a880a,36,Meteorología,0,0,0,0.00,0.00,¿Qué se entiende por Rolar?
f0a7bf5e-c72e-4d53-9791-72e804c4089f,36,Meteorología,0,0,0,0.00,0.00,Se define como isobara la línea que une puntos con igual valor de:
326dbcce-7ee4-4d24-b26a-95ca7f90dde8,36,Meteorología,0,0,0,0.00,0.00,Un milibar es:
45715404-a3bf-45a1-968a-180e208d6728,36,Meteorología,0,0,0,0.00,0.00,Se denominan borrascas a aquellas regiones en las que:
01ed60b0-2226-4b6f-8582-fec5bf3aa943,36,Meteorología,0,0,0,0.00,0.00,¿Cuál de las siguientes afirmaciones en relación a la escala centígrada para medir la temperatura es
8efde224-67b8-4736-a075-6fa5fa6c4e40,36,Meteorología,0,0,0,0.00,0.00,¿A través de cuál de las siguientes formas NO se puede obtener la previsión meteorológica?
e2ca26db-a8ea-4680-aba3-cae678560b7a,36,Meteorología,0,0,0,0.00,0.00,"En relación con los anticiclones, señale la afirmación CORRECTA."
6e8aebb5-34b0-4c15-9c23-a07af09e8ab8,36,Meteorología,0,0,0,0.00,0.00,La escala de Douglas se utiliza para determinar:
bdb9ce1a-2b12-40ab-b787-6000618ab0b2,36,Meteorología,0,0,0,0.00,0.00,La información meteorológica para las zonas marítimas tiene una amplia difusión por diferentes medio
687f92fb-abce-49f5-91a0-a2d7ebd1cd07,36,Meteorología,0,0,0,0.00,0.00,"De las siguientes formas de obtener la previsión meteorológica para la navegación marítima, ¿cuál es"
1c0a2a34-da68-40ca-958e-99cd728d1ed9,36,Meteorología,0,0,0,0.00,0.00,Señale cuál de las siguientes afirmaciones relativas a la escala centígrada es la CORRECTA:
48b06d2a-6366-4317-98c9-0049bbcd2c53,36,Meteorología,0,0,0,0.00,0.00,La información meteorológica para las zonas marítimas tiene una amplia difusión por diferentes medio
773487b0-2417-4c4e-a08d-bda070fe4707,36,Meteorología,0,0,0,0.00,0.00,El viento del NW es aquel que:
e79975ca-4a14-43d3-83c8-c0df9aab74de,36,Meteorología,0,0,0,0.00,0.00,Se entiende por Fecht:
630e49eb-4d81-4f39-8100-8052869c8176,36,Meteorología,0,0,0,0.00,0.00,El Fetch:
3fa3b0be-7039-4a94-89a1-1172a45392ff,36,Meteorología,0,0,0,0.00,0.00,¿Cuál de las siguientes afirmaciones es CORRECTA en relación con los diferentes tipos de vientos?
69982f6d-28df-4411-9345-2b81e93694fd,36,Meteorología,0,0,0,0.00,0.00,"En relación con la escala centígrada, señale la afirmación CORRECTA:"
5dbdb4fb-e5f3-49ff-ba76-bc66a2eea994,36,Meteorología,0,0,0,0.00,0.00,"En relación con la presión atmosférica, señale la afirmación CORRECTA:"
5a3aca9f-a461-4d63-8715-78cd305351cd,36,Meteorología,0,0,0,0.00,0.00,¿Cuál de las siguientes afirmaciones en relación a la escala centígrada para medir la temperatura es
310aa04a-9f24-4f2f-afcf-6b7382c69e6b,36,Meteorología,0,0,0,0.00,0.00,"En meteorología, ¿qué se entiende por isobara?"
466c0d48-1d2d-42a4-96a0-7495045326c4,36,Meteorología,0,0,0,0.00,0.00,La información meteorológica para las zonas marítimas tiene una amplia difusión por diferentes medio
3219413e-8df0-48e8-b42b-e97df89e95d2,36,Meteorología,0,0,0,0.00,0.00,"En relación con la definición de temperatura, señale la afirmación CORRECTA. En la atmósfera:"
b5069edc-e1e6-465e-b70d-4429a7720c5e,36,Meteorología,0,0,0,0.00,0.00,La escala de Douglas se utiliza para determinar:
a89ffe57-9754-4b02-b8c1-aa5a75fca06a,36,Meteorología,0,0,0,0.00,0.00,Se denomina “Intensidad” a:
c2a62283-e75a-4938-a18b-c5fc9328ed37,36,Meteorología,0,0,0,0.00,0.00,"En relación con los anticiclones, ¿cuál de las siguientes afirmaciones es CORRECTA?"
52557a97-54d7-428e-9a5a-793c207aa4ee,36,Meteorología,0,0,0,0.00,0.00,"En relación con los anticiclones, ¿cuál de las siguientes afirmaciones es INCORRECTA?"
5a35c66c-9300-40b7-9389-3252821e0e9f,36,Meteorología,0,0,0,0.00,0.00,"En relación con la escala centígrada, señale la afirmación CORRECTA:"
5f9724ae-6cfe-4d6c-b86d-a1cf34efbe50,36,Meteorología,0,0,0,0.00,0.00,"En relación con los anticiclones, ¿cuál de las siguientes afirmaciones es INCORRECTA?"
56934c86-3006-4062-aa3b-4c77c82f92d2,36,Meteorología,0,0,0,0.00,0.00,El Fetch:
4b87cba0-24e4-4369-9667-46a3d73e99fb,36,Meteorología,0,0,0,0.00,0.00,"¿Qué nombre recibe el viento que en las costas sopla de la parte del mar durante el día, alternando "
27c0037f-1be4-490a-aef1-7a1c8623f286,36,Meteorología,0,0,0,0.00,0.00,La información meteorológica para las zonas marítimas tiene una amplia difusión por diferentes medio
dfd16c98-2b1d-4f59-a43c-7b7a47327c7a,36,Meteorología,0,0,0,0.00,0.00,Se entiende por “caer el viento”:
0e045af5-4e8d-43a0-8ab7-2b7aa10b74f7,36,Meteorología,0,0,0,0.00,0.00,Se denomina Fetch a:
0dced072-d4ad-46da-a79d-5f8a18543e53,36,Meteorología,0,0,0,0.00,0.00,Se entiende por Fecht:
16508ad5-0659-4bfd-97ab-5329255751be,36,Meteorología,0,0,0,0.00,0.00,La información meteorológica oficial se puede obtener mediante:
901f39fd-f70a-443b-999f-b6dd89dd40d5,36,Meteorología,0,0,0,0.00,0.00,Se define como isobara la línea que une puntos con igual valor de:
c188f691-eb5b-491a-a29f-360800ba1aa1,36,Meteorología,0,0,0,0.00,0.00,El viento del NW es aquel que:
d82e8ac3-2d6b-4fa6-9cb3-8f928fe9d872,36,Meteorología,0,0,0,0.00,0.00,"De acuerdo con la definición, las isobaras son líneas que unen puntos de:"
7fe7390c-e12a-46be-95a7-e97c13cc36fa,36,Meteorología,0,0,0,0.00,0.00,¿Cuál es el instrumento que nos permite conocer la velocidad del viento?
31b9d636-451d-47b6-9d0c-d9145ae1e6bd,36,Meteorología,0,0,0,0.00,0.00,Un catavientos:
e426b8e2-6160-4469-8379-1a87257cff23,36,Meteorología,0,0,0,0.00,0.00,¿Qué se entiende por Rolar?
bec3a709-9440-496c-aa00-1cc95f2617b1,36,Meteorología,0,0,0,0.00,0.00,"De las siguientes formas de obtener la previsión meteorológica para la navegación marítima, ¿cuál es"
25dc8af8-2392-4205-bce5-70ce1e3980ee,36,Meteorología,0,0,0,0.00,0.00,¿Cuál es el instrumento que nos permite conocer la velocidad del viento?
39f3f6a2-3628-41f0-8710-2dcdb4813ba0,36,Meteorología,0,0,0,0.00,0.00,El Fetch:
4257bd2f-b07a-44c5-8731-cdac4c87d4eb,36,Meteorología,0,0,0,0.00,0.00,El Fetch:
2751d7aa-4c1a-46f0-a492-e6d16269ef29,36,Meteorología,0,0,0,0.00,0.00,"En relación con la definición de temperatura, señale la afirmación INCORRECTA:"
4a2fde02-911b-42f7-bd9f-931c3ed649b6,36,Meteorología,0,0,0,0.00,0.00,El dispositivo utilizado para medir la dirección del viento formado por una manga de tejido en forma
bb42b367-ae81-40ad-ac21-02b82bc7a354,36,Meteorología,0,0,0,0.00,0.00,Navegando rumbo NE a una velocidad de 5 nudos por la Bahía de Santander con un viento real de proa d
3fd19d35-302f-45b4-a617-5e8cc0332ed1,36,Meteorología,0,0,0,0.00,0.00,"Durante la navegación observamos en el barómetro una bajada lenta y suave de la presión, esto quiere"
a2476d2c-0453-4460-8906-6f816fc5795f,36,Meteorología,0,0,0,0.00,0.00,"En meteorología, ¿qué se entiende por isobara?"
4cecb699-c940-41ac-a32a-8b4a072e800e,36,Meteorología,0,0,0,0.00,0.00,"En relación con los anticiclones, señale la afirmación CORRECTA."
0cd4e1f1-3a31-4199-9cdf-f70dfc4aa5ac,36,Meteorología,0,0,0,0.00,0.00,El viento que sopla en las costas durante el día del mar hacia tierra se denomina:
b3d9add3-0a4f-44f7-a307-141c4627f564,36,Meteorología,0,0,0,0.00,0.00,"Con carácter general, se toma como referencia la presión atmosférica que existe a nivel del mar, cuy"
3b02456f-3761-48dc-8042-976b58ba5683,36,Meteorología,0,0,0,0.00,0.00,La escala Beaufort:
7ff2bcee-c0d4-46c6-8aa0-100caf89f006,36,Meteorología,0,0,0,0.00,0.00,La información meteorológica oficial se puede obtener mediante:
927e7cc0-9905-4ce2-bd3b-d4b12564718a,36,Meteorología,0,0,0,0.00,0.00,¿Qué es el Fetch?
c058e080-7ce5-4098-ac8b-6be7b1f670d8,36,Meteorología,0,0,0,0.00,0.00,"En relación con las brisas costeras, el “terral” es un viento que comúnmente sopla durante:"
46ee3307-ab6b-4713-9a04-ff488f7bba24,36,Meteorología,0,0,0,0.00,0.00,El viento aparente:
907b7e0b-284d-42f2-b39c-723b17d2710e,36,Meteorología,0,0,0,0.00,0.00,"En relación con el Fetch, ¿cuál de las siguientes afirmaciones es INCORRECTA?"
42bcf580-5fe7-41fe-a31d-d9629c3b8295,36,Meteorología,0,0,0,0.00,0.00,El terral es un viento o brisa:
2f5cb66e-3df5-45cc-9f9d-ed4cd4d83e33,36,Meteorología,0,0,0,0.00,0.00,La escala Beaufort:
b176258d-dbd9-46ca-8947-ae9f5fa001c5,36,Meteorología,0,0,0,0.00,0.00,Se denomina “Intensidad” a:
5f1fa2a7-92e9-406c-81a4-40e2c97e1576,36,Meteorología,0,0,0,0.00,0.00,El viento aparente:
1553b55c-1a06-43f0-9540-6593058c3efb,36,Meteorología,0,0,0,0.00,0.00,El fetch es:
67de96c0-aa5a-4a9a-9d84-9e86ae3c175b,36,Meteorología,0,0,0,0.00,0.00,Se denominan borrascas a aquellas regiones en las que:
bc91a0be-e79a-4a0b-8dcb-816daed1e924,36,Meteorología,0,0,0,0.00,0.00,"En relación con los anticiclones, ¿cuál de las siguientes afirmaciones es CORRECTA?"
28c5558f-c30f-4102-85f8-7266ff3ccb73,36,Meteorología,0,0,0,0.00,0.00,Se entiende por “caer el viento”:
9fda1716-a299-4d1a-9f79-b9343ce8da3b,36,Meteorología,0,0,0,0.00,0.00,"En relación con los anticiclones, señale la afirmación CORRECTA."
e9088cdd-5f46-4daa-a8e9-7237ce2367ad,36,Meteorología,0,0,0,0.00,0.00,¿Cuál es el movimiento general del viento en una borrasca en el hemisferio norte?
7502c7c2-ecd4-41eb-b876-4e65bef9f93c,36,Meteorología,0,0,0,0.00,0.00,"En metereología, ¿hasta que límite se considera baja presión?"
d89df86a-a0d0-44c1-8ab5-b79f8ecbd1b8,36,Meteorología,0,0,0,0.00,0.00,"Con carácter general, se toma como referencia la presión atmosférica que existe a nivel del mar, cuy"
8950e22b-3b55-44d4-a5dc-d2614a8491e3,36,Meteorología,0,0,0,0.00,0.00,La circulación general del viento en el hemisferio Norte en un anticiclón será:
c665b7e7-4ce3-4630-a2e4-a3aafcad9585,36,Meteorología,0,0,0,0.00,0.00,Se denomina “Fetch” a:
6c6a0809-28f8-4192-a8a8-c13e8d5e3a33,36,Meteorología,0,0,0,0.00,0.00,"En relación con la presión atmosférica, ¿cuál de las siguientes afirmaciones es CORRECTA?"
4086759e-c9bb-4b7c-8988-cec363ae3470,1,Nomenclatura náutica,0,0,0,0.00,0.00,"Cuando la cadena del ancla está vertical, perpendicular a la superficie del mar y tocando el fondo, "
24fab1c7-1cd4-4457-a091-f0c1c8519965,1,Nomenclatura náutica,0,0,0,0.00,0.00,Seleccione la afirmación CORRECTA acerca del asiento de una embarcación:
7258a5a1-e23b-4c00-bae4-ec4ed910c18e,1,Nomenclatura náutica,0,0,0,0.00,0.00,"La distancia vertical entre un punto de la línea de flotación y la línea base o quilla, incluido el "
98feb122-331f-4a2a-b421-ac042d3750c7,1,Nomenclatura náutica,0,0,0,0.00,0.00,Indique cuál de las siguientes afirmaciones es INCORRECTA.
b879faad-9103-41de-8209-3332f105f35f,1,Nomenclatura náutica,0,0,0,0.00,0.00,La bañera se define como:
257dc829-26c0-4d6e-a1d1-14504a4cac65,1,Nomenclatura náutica,0,0,0,0.00,0.00,"Las válvulas colocadas por debajo de la línea de flotación, conectadas al casco por el interior con "
c7774975-4f25-4b93-a19d-5fac7c1b3515,1,Nomenclatura náutica,0,0,0,0.00,0.00,"La distancia vertical entre un punto de la línea de flotación y la línea base o quilla, incluido el "
21b97bd3-4e5c-4870-ae9d-16554077ce99,1,Nomenclatura náutica,0,0,0,0.00,0.00,"A cada una de las piezas que atraviesan el barco de babor a estribor, que sirven de consolidación y "
56fe2a87-a835-4114-bfaf-336c4496420c,1,Nomenclatura náutica,0,0,0,0.00,0.00,Seleccione la afirmación CORRECTA acerca del asiento de una embarcación:
fa8c985a-bcc7-4e0c-b3db-80ade5dda68c,1,Nomenclatura náutica,0,0,0,0.00,0.00,El asiento de una embarcación es:
8cbe25a6-4ef9-4691-a4c4-083933aa8872,1,Nomenclatura náutica,0,0,0,0.00,0.00,El tubo dentro del cual gira el eje del timón se denomina:
21affa11-8981-467f-acc1-b8bd9648bc48,1,Nomenclatura náutica,0,0,0,0.00,0.00,¿Qué nombre reciben las aberturas practicadas en el casco para que pueda salir el agua embarcada en 
fbfd0e75-36ab-4f3d-906e-eefb93bc95a3,1,Nomenclatura náutica,0,0,0,0.00,0.00,¿Cuál de las siguientes afirmaciones es CORRECTA?
7ac5be8a-e60b-49d2-aceb-70c39963ac1d,1,Nomenclatura náutica,0,0,0,0.00,0.00,El ancla de arado es más eficaz para fondear en:
17b85c8b-b705-460d-929c-4879246241f6,1,Nomenclatura náutica,0,0,0,0.00,0.00,Los baos son:
229c2c18-ca2c-44dd-9683-2f67a16d1d9a,1,Nomenclatura náutica,0,0,0,0.00,0.00,Las válvulas de entrada y salida de fluidos colocadas por debajo de la línea de flotación son:
f72caef7-fc08-494c-9f74-a692539f50a9,1,Nomenclatura náutica,0,0,0,0.00,0.00,El tubo dentro del cual gira el eje del timón se denomina:
1a610add-7b38-4f77-8502-f4251896bf5d,1,Nomenclatura náutica,0,0,0,0.00,0.00,"A la abertura practicada en la bovedilla, sobre el codaste, para el paso de la cabeza del timón y ju"
6f50f70d-0a22-4b1a-a8b0-94ca4c2a929a,1,Nomenclatura náutica,0,0,0,0.00,0.00,¿Cuál de las siguientes características NO es propia de la bocina?
b7d4bcfc-680b-4504-8aa5-979ff561d474,1,Nomenclatura náutica,0,0,0,0.00,0.00,Se conoce como roda:
4ccfb329-b172-4132-8506-0d5ec3f8d6d0,1,Nomenclatura náutica,0,0,0,0.00,0.00,El calado medio es:
6ba0ad39-a9c3-4913-889b-270541cb0a68,1,Nomenclatura náutica,0,0,0,0.00,0.00,Los baos son:
a67bc684-265c-432b-b29f-383b9c25dcbb,1,Nomenclatura náutica,0,0,0,0.00,0.00,El arganeo es:
6e98305f-c13d-4196-8d7c-1018dd747a0c,1,Nomenclatura náutica,0,0,0,0.00,0.00,La obra viva de una embarcación se refiere a:
f832cf50-5af5-4475-814e-f4ec1260ab7d,1,Nomenclatura náutica,0,0,0,0.00,0.00,Los guardines del timón son:
65567dd3-1942-450a-af4a-6d39e53ad6e2,1,Nomenclatura náutica,0,0,0,0.00,0.00,¿Cómo se denomina al elemento estructural que va de popa a proa por la parte inferior del barco y en
b8cf5d34-4b9c-419a-9d65-6f1f9d0c8244,1,Nomenclatura náutica,0,0,0,0.00,0.00,¿Cuál de las siguientes afirmaciones sobre las hélices es CORRECTA?
7d516d55-c4ee-4cec-86cd-dfc54bb40672,1,Nomenclatura náutica,0,0,0,0.00,0.00,El francobordo disminuirá si:
490f2d0f-902f-4fe9-bae8-91f7ef32d649,1,Nomenclatura náutica,0,0,0,0.00,0.00,¿Cuál de las siguientes afirmaciones es CORRECTA si nos referimos a una hélice dextrógira?
5a937beb-c9b2-4ca2-8b26-a68d820356ab,1,Nomenclatura náutica,0,0,0,0.00,0.00,La manga de un barco es:
9e574662-4275-4720-92b6-2ae038a299c4,1,Nomenclatura náutica,0,0,0,0.00,0.00,Los guardamancebos son:
4e97b621-3d20-4663-b5db-1f43732761f8,1,Nomenclatura náutica,0,0,0,0.00,0.00,La bocina es:
5bef4320-2178-4d74-9d6b-1e599e460b06,1,Nomenclatura náutica,0,0,0,0.00,0.00,El arganeo es:
39be8e81-6e87-420c-8f28-e8639fd8d6d2,1,Nomenclatura náutica,0,0,0,0.00,0.00,El tubo dentro del cual gira el eje del timón se denomina:
ca015caa-4dcb-41b1-b220-d9585d868bd7,1,Nomenclatura náutica,0,0,0,0.00,0.00,Se dice que una hélice es dextrógira cuando:
329950f9-9787-44bd-9c6d-e42bd1faf416,1,Nomenclatura náutica,0,0,0,0.00,0.00,¿Qué nombre reciben los refuerzos transversales sobre los que se apoya la cubierta?
f293047a-8a5b-46e4-9ffd-1ea524ddf128,1,Nomenclatura náutica,0,0,0,0.00,0.00,"En relación con el equipo de fondeo, ¿cuál es la definición INCORRECTA?"
b6d8a26e-5b60-4690-9d99-d4d5f1a525dc,1,Nomenclatura náutica,0,0,0,0.00,0.00,¿Qué nombre reciben las aberturas practicadas en el casco para que pueda salir el agua embarcada en 
b80a1ece-e063-4e4e-95f1-9732d45f94fa,1,Nomenclatura náutica,0,0,0,0.00,0.00,"Con respecto a las dimensiones de una embarcación, ¿cuál de las siguientes definiciones es INCORRECT"
461b3eaf-9a00-49ec-92ba-7baab22be07e,1,Nomenclatura náutica,0,0,0,0.00,0.00,"La cámara abierta de las embarcaciones menores, situada generalmente en la zona de popa, donde suele"
12749e10-1acb-40df-91be-2989df2d1656,1,Nomenclatura náutica,0,0,0,0.00,0.00,Se define “costado” como:
444eaa82-6923-4ef9-b7ac-458d3a1443fe,1,Nomenclatura náutica,0,0,0,0.00,0.00,"La parte de una embarcación que al avanzar va cortando las aguas en que navega, se denomina:"
81eb2ce2-d133-497f-8bad-a313af6802a6,1,Nomenclatura náutica,0,0,0,0.00,0.00,Señale la afirmación INCORRECTA con respecto al timón:
cffee649-3dd8-40b7-ba09-38e54709a6c3,1,Nomenclatura náutica,0,0,0,0.00,0.00,El desplazamiento máximo corresponde al:
8c080b42-b779-470e-b00f-54d673dfd430,1,Nomenclatura náutica,0,0,0,0.00,0.00,La obra muerta es:
4a0a6d87-6166-4997-a8fa-999dd9f95d98,1,Nomenclatura náutica,0,0,0,0.00,0.00,Se conoce como calado medio a:
055f6094-8d31-4161-9100-713e3bf6fc45,1,Nomenclatura náutica,0,0,0,0.00,0.00,Siempre que se alcanza el desplazamiento máximo de una embarcación:
625f2878-17f4-4621-8ada-c30f80bf8e24,1,Nomenclatura náutica,0,0,0,0.00,0.00,"El conducto que permite que el eje de la hélice gire a través del casco sin que entre agua, se denom"
6db2a807-cfb5-43d1-88f1-3cbd6aad5479,2,Nomenclatura náutica,0,0,0,0.00,0.00,Se conoce como sentina de una embarcación a:
d3eafc48-5f06-42ed-8198-3a78dbf3d109,2,Nomenclatura náutica,0,0,0,0.00,0.00,El término náutico “Imbornal” se refiere a:
54a6518f-f86d-4919-84a9-d81ed24180da,2,Nomenclatura náutica,0,0,0,0.00,0.00,Las partes curvadas delanteras de los costados que convergen hacia proa se denominan:
905fdfad-ed5c-4fa7-9a78-4d915217b019,2,Nomenclatura náutica,0,0,0,0.00,0.00,"Con respecto a la roda, se puede decir que:"
68602df2-dd72-4fac-be28-3ee0097d532d,2,Nomenclatura náutica,0,0,0,0.00,0.00,Las válvulas de entrada y salida de fluidos colocadas por debajo de la línea de flotación son:
ea6188d6-e036-4201-894c-83abf07eaf73,2,Nomenclatura náutica,0,0,0,0.00,0.00,De las siguientes afirmaciones indique cuál es la CORRECTA:
843a8168-84af-4c1b-b474-ec2d8ad9adb4,2,Nomenclatura náutica,0,0,0,0.00,0.00,El ancla de arado es más eficaz para fondear en:
97a72680-c778-4e80-8ef8-50893b04018e,2,Nomenclatura náutica,0,0,0,0.00,0.00,La mecha es:
4fc786b8-3159-4564-a60f-07c2368c8c0c,2,Nomenclatura náutica,0,0,0,0.00,0.00,"De las partes del timón, la mecha es:"
b2ce7e1b-08d9-437e-bc1c-530f02c66662,2,Nomenclatura náutica,0,0,0,0.00,0.00,"En caso de deterioro, ¿cuál de las siguientes partes que forman el propulsor con hélice puede supone"
3da466e6-d3b5-4bd8-a3a5-bfff5e0e0082,2,Nomenclatura náutica,0,0,0,0.00,0.00,Se define como “escorar” al movimiento de la embarcación que consiste en:
90e3da0b-afa2-451f-bfca-7ff9fdfe8337,2,Nomenclatura náutica,0,0,0,0.00,0.00,La roda es:
3f1b5845-d0d1-40de-9688-7172e4dcc9cc,2,Nomenclatura náutica,0,0,0,0.00,0.00,¿Por medio de qué elemento extraeremos el agua que ha entrado a bordo?
3cb76ce8-add8-4508-bfc4-a10a07fe3602,2,Nomenclatura náutica,0,0,0,0.00,0.00,"Las piezas de una embarcación que, paralelas y separadas entre sí, van encajadas perpendicularmente "
774460f4-44f7-4b9c-bcec-aade96728904,2,Nomenclatura náutica,0,0,0,0.00,0.00,Señale la afirmación CORRECTA con respecto a los grifos de fondo:
f5f32df5-b3c9-4b89-8b3e-8eb7bda4d742,2,Nomenclatura náutica,0,0,0,0.00,0.00,Se define como escorar al movimiento de la embarcación que consiste en:
606593d3-93a7-4052-9b0d-131d412b6b7c,2,Nomenclatura náutica,0,0,0,0.00,0.00,¿Cómo se denomina la operación de cobrar cabo o cadena de la línea de fondeo al levar anclas?
3e0cfd2e-d936-4f24-8579-7b487135f272,2,Nomenclatura náutica,0,0,0,0.00,0.00,La obra muerta de una embarcación es:
7c32ce30-f80d-4c23-ba77-833d5f5ab02c,2,Nomenclatura náutica,0,0,0,0.00,0.00,"A la parte interior, casi horizontal, del fondo de la embarcación se la denomina:"
26dd700d-97a5-404f-8a82-6abf40376497,2,Nomenclatura náutica,0,0,0,0.00,0.00,La línea de fondeo está formada por:
390a4dcc-2610-4eb5-a375-6888324c053c,2,Nomenclatura náutica,0,0,0,0.00,0.00,"Si queremos llevar un cabo de proa a popa para proporcionar mayor seguridad a la tripulación, ¿qué p"
36bd5e14-fc6e-4685-b2b6-3b366c5d496e,2,Nomenclatura náutica,0,0,0,0.00,0.00,"Con respecto a las dimensiones de una embarcación, ¿cuál de las siguientes definiciones es INCORRECT"
fe5bb3f8-1c6d-40bc-83b2-e7bd7621f35f,2,Nomenclatura náutica,0,0,0,0.00,0.00,Arriar progresivamente un cabo que está trabajando se denomina:
c295fd2b-4652-4817-9da7-f23e2dd81e47,2,Nomenclatura náutica,0,0,0,0.00,0.00,"Considerando que no hay fuerzas externas, cuando la posición del centro de gravedad de una embarcaci"
c95238f4-53ca-4417-9ee4-009160736732,2,Nomenclatura náutica,0,0,0,0.00,0.00,¿Cuál de las siguientes afirmaciones es CORRECTA?
9645dc66-7624-4623-a637-263adec29636,2,Nomenclatura náutica,0,0,0,0.00,0.00,"Las piezas de una embarcación que, paralelas y separadas entre sí, van encajadas perpendicularmente "
cc436bfa-e054-4a2c-8d67-0c1bacad435a,2,Nomenclatura náutica,0,0,0,0.00,0.00,Escorar es:
0c2920d7-b75f-492b-986b-455b190b7517,2,Nomenclatura náutica,0,0,0,0.00,0.00,"¿Qué parte del timón mueve la pala de tal forma que, si gira a una banda, la pala del timón lo hace "
c5364466-5384-41af-b6a8-2e3955c7bec8,2,Nomenclatura náutica,0,0,0,0.00,0.00,A la operación de arriar la línea de fondeo también nos podemos referir como:
d3dd3bfd-162f-4f69-a9a5-21e881d05dfe,2,Nomenclatura náutica,0,0,0,0.00,0.00,"El cabo, cadena o cable que trasmite los movimientos de la rueda del timón y permite gobernar una em"
d41fb8a5-487c-4a82-8483-3aecabd57e34,2,Nomenclatura náutica,0,0,0,0.00,0.00,"En una embarcación de recreo, el francobordo es:"
d50b27e6-60b8-451f-9733-7e14864450db,2,Nomenclatura náutica,0,0,0,0.00,0.00,"Considerando que no hay fuerzas externas, cuando la posición del centro de gravedad de una embarcaci"
efdfd56a-c47a-4bb3-b1dd-9a034c589ea2,2,Nomenclatura náutica,0,0,0,0.00,0.00,El francobordo es:
fc70cbcc-7d0b-48ec-94a9-e376476922e7,2,Nomenclatura náutica,0,0,0,0.00,0.00,Al poner el ancla a la pendura pretendemos que:
250fdf3d-278d-40be-892c-ebceac8beec8,2,Nomenclatura náutica,0,0,0,0.00,0.00,¿Cuál de las siguientes afirmaciones es CORRECTA?
ab3885bc-97b5-4558-bc3a-7d7ff4ea9af8,2,Nomenclatura náutica,0,0,0,0.00,0.00,¿Cuál de las siguientes afirmaciones sobre la hélice es INCORRECTA?:
cea1641c-410e-4cba-a94c-98bbcbee76a5,2,Nomenclatura náutica,0,0,0,0.00,0.00,La parte curvada trasera del costado que converge hacia popa se denomina:
61769dd2-93cc-464a-94cc-8d4f534a12c7,2,Nomenclatura náutica,0,0,0,0.00,0.00,Componente o parte que permanece inmóvil cuando se produce el movimiento de la hélice:
0f07c0db-b616-45ed-88d8-c5fe6668c03e,2,Nomenclatura náutica,0,0,0,0.00,0.00,Los guardamancebos son:
ab7840a2-cd8b-478f-bcd4-61a404e89123,2,Nomenclatura náutica,0,0,0,0.00,0.00,"La parte de una embarcación que al avanzar va cortando las aguas en que navega, se denomina:"
22e27124-73e4-4e57-8b08-1eda702dc3ac,2,Nomenclatura náutica,0,0,0,0.00,0.00,"Cuando movemos la rueda del timón, ¿cuál de las siguientes partes que lo componen permanece inmóvil?"
a98a65df-70a7-4995-9dec-9338b9f99385,2,Nomenclatura náutica,0,0,0,0.00,0.00,Indique cuál de las siguientes definiciones es INCORRECTA.
30bba1bd-7c92-4e5b-aa0d-2fbbfef1e114,2,Nomenclatura náutica,0,0,0,0.00,0.00,El francobordo es:
a0ee0a38-b0b7-4627-b2e6-d6f5e3f1d61b,2,Nomenclatura náutica,0,0,0,0.00,0.00,¿Cuál de las siguientes afirmaciones sobre la hélice es INCORRECTA?:
cfd6a8f9-d1bf-412c-94e2-6a9c60c0dc6e,2,Nomenclatura náutica,0,0,0,0.00,0.00,La acción contraria a escorar se denomina:
63e6bd7b-69b3-4eb0-95f9-c71e96637d9c,2,Nomenclatura náutica,0,0,0,0.00,0.00,Las hélices de palas abatibles son aquellas que tienen como función principal:
60e244a6-96e4-4d93-82cf-d081e206fef3,2,Nomenclatura náutica,0,0,0,0.00,0.00,El viento en una embarcación:
2a947b7a-2b92-4e35-984a-8fe14f25851f,3,Nomenclatura náutica,0,0,0,0.00,0.00,Marque la afirmación CORRECTA acerca de la escora:
1bea0d59-fbeb-4ade-a637-b38417dad9c9,3,Nomenclatura náutica,0,0,0,0.00,0.00,¿Cómo se denomina la operación de cobrar cabo o cadena de la línea de fondeo al levar anclas?
78e2bf8a-f1f6-4808-985e-86651a016613,3,Nomenclatura náutica,0,0,0,0.00,0.00,¿Qué nombre reciben los refuerzos transversales sobre los que se apoya la cubierta?
bce3413f-a951-4634-826c-59278cd6ee2e,3,Nomenclatura náutica,0,0,0,0.00,0.00,La roda es:
88e11408-6e33-405a-9158-713ce495be83,3,Nomenclatura náutica,0,0,0,0.00,0.00,"De las partes del timón, la mecha es:"
df3ee3eb-dc18-4da5-86d9-4e38fe89c662,3,Nomenclatura náutica,0,0,0,0.00,0.00,De las siguientes afirmaciones indique cuál es la CORRECTA:
5a91a7df-b37c-4ff0-9e4d-b59a52a89135,3,Nomenclatura náutica,0,0,0,0.00,0.00,"Si queremos llevar un cabo de proa a popa para proporcionar mayor seguridad a la tripulación, ¿qué p"
4a469d0d-ae25-425d-9a4b-8dfcb734c380,3,Nomenclatura náutica,0,0,0,0.00,0.00,Las hélices de palas abatibles son aquellas que tienen como función principal:
51020339-a243-47e5-8171-df41efd954cc,3,Nomenclatura náutica,0,0,0,0.00,0.00,¿Qué es un imbornal?
b4482a3f-fd4a-41e5-b218-72d4c56d21e4,3,Nomenclatura náutica,0,0,0,0.00,0.00,El francobordo de una embarcación es:
7fac4158-d339-45f0-86df-57e681e10ab3,3,Nomenclatura náutica,0,0,0,0.00,0.00,A la parte de los costados del barco donde éste empieza a estrecharse para formar la proa se la cono
7cd483da-aa18-4d16-bff8-67db03f3c607,3,Nomenclatura náutica,0,0,0,0.00,0.00,La manga de un barco es:
518f2395-3fa0-435c-a874-ff9238fea02d,3,Nomenclatura náutica,0,0,0,0.00,0.00,La dirección perpendicular a la quilla o al costado es:
2f3b6d2f-b312-4106-a39a-57e0849c3399,3,Nomenclatura náutica,0,0,0,0.00,0.00,"El plano que separa la obra viva de la obra muerta, se denomina:"
7080e444-b24d-4d05-a841-16b2a1c700ac,3,Nomenclatura náutica,0,0,0,0.00,0.00,La dirección perpendicular a la quilla o al costado es:
22c4b00b-ccde-4160-a27b-ecaa5834cd39,3,Nomenclatura náutica,0,0,0,0.00,0.00,A la acción de cobrar un cabo o cadena con el molinete se la denomina:
a0eb5cfc-5a14-4ce7-b815-a2c3446546bb,3,Nomenclatura náutica,0,0,0,0.00,0.00,Indique cuál de las siguientes afirmaciones es CORRECTA.
373e951f-0b7e-45a6-93ca-d4cb9914d862,3,Nomenclatura náutica,0,0,0,0.00,0.00,Siempre que se alcanza el desplazamiento máximo de una embarcación:
246e1625-0ce9-4922-b9d9-b815bbf5b6ea,3,Nomenclatura náutica,0,0,0,0.00,0.00,En una embarcación:
26475eec-6379-4acc-8407-c1ea25a97eef,3,Nomenclatura náutica,0,0,0,0.00,0.00,Señale la afirmación CORRECTA respecto a las hélices dextrógiras:
b83a89bb-cf5d-4f32-b6b4-875a767b7dd6,3,Nomenclatura náutica,0,0,0,0.00,0.00,Seleccione la afirmación CORRECTA acerca de un “candelero”:
1ea848a2-b446-48a3-98c4-72b8367c6a88,3,Nomenclatura náutica,0,0,0,0.00,0.00,¿Qué nombre recibe la maniobra de largar o arriar cabo o cadena?
9de9bb33-e6df-494a-be5b-f43c536c5fce,3,Nomenclatura náutica,0,0,0,0.00,0.00,¿Cuál de las siguientes características NO es propia de la bocina?
bf8fc441-980a-4990-bba5-52b24e5f78a2,3,Nomenclatura náutica,0,0,0,0.00,0.00,"Arriar progresivamente un cable o cabo que está trabajando, se denomina:"
671c9e6a-213e-45cb-8cb1-7cf1aa85a3f5,3,Nomenclatura náutica,0,0,0,0.00,0.00,La obra viva de una embarcación se refiere a:
a7f74c9b-6306-4032-b021-bdd53e53c4fa,3,Nomenclatura náutica,0,0,0,0.00,0.00,"Con respecto a la roda, se puede decir que:"
b9021268-c2cd-421b-a033-4ffbf80e83bb,3,Nomenclatura náutica,0,0,0,0.00,0.00,Los guardines del timón son:
90de39de-25d4-4e8c-8d74-74a0b7877b00,3,Nomenclatura náutica,0,0,0,0.00,0.00,"La cámara abierta de las embarcaciones menores, situada generalmente en la zona de popa, donde suele"
b8b47505-26d9-4c98-8954-068c583ee6b3,3,Nomenclatura náutica,0,0,0,0.00,0.00,El principal elemento propulsor de una embarcación a motor es:
63a5ee5d-d877-4bbc-a606-2d79c8e7b09b,3,Nomenclatura náutica,0,0,0,0.00,0.00,¿Cuál de las siguientes definiciones es CORRECTA?
9fbc4707-c87d-4e29-985a-f89c78d2864b,3,Nomenclatura náutica,0,0,0,0.00,0.00,En una embarcación:
f2b2bb82-a8db-49c1-834e-a2be626d6614,3,Nomenclatura náutica,0,0,0,0.00,0.00,El calado medio es:
6e177d75-055f-443b-b64b-efc054c6ffa8,3,Nomenclatura náutica,0,0,0,0.00,0.00,Indique cuál de las siguientes definiciones es INCORRECTA.
26bdecea-fb63-4762-9e52-c69a75790185,3,Nomenclatura náutica,0,0,0,0.00,0.00,"La pieza en forma de corona en la que se engranan los eslabones para cobrar de la cadena del ancla, "
cdd82864-c03a-4b0c-ac38-337f3e2c038e,3,Nomenclatura náutica,0,0,0,0.00,0.00,Escorar es:
4dbff4c4-0bc1-4fda-aba9-a8bf53b8b4e9,3,Nomenclatura náutica,0,0,0,0.00,0.00,"Arriar progresivamente un cable o cabo que está trabajando, se denomina:"
da4a9532-68da-4984-a028-d7fc6c1ebf23,3,Nomenclatura náutica,0,0,0,0.00,0.00,El desplazamiento máximo de una embarcación se alcanza cuando dicha embarcación:
372cc094-f1df-4aad-bcfc-6db927387ea6,3,Nomenclatura náutica,0,0,0,0.00,0.00,"El cabo, cadena o cable que trasmite los movimientos de la rueda del timón y permite gobernar una em"
ed1c7b22-11bf-45fe-9c94-cf7f64daf202,3,Nomenclatura náutica,0,0,0,0.00,0.00,El francobordo disminuirá si:
4c222f1d-7f9d-4022-9a4e-3dc8fc75fd9c,3,Nomenclatura náutica,0,0,0,0.00,0.00,"Situados en la popa de una embarcación mirando hacia proa, la aleta de babor es:"
b047fd20-daed-4ec9-a78c-051b22d2007c,3,Nomenclatura náutica,0,0,0,0.00,0.00,"El conducto que permite que el eje de la hélice gire a través del casco sin que entre agua, se denom"
911ab958-c83e-4772-9fd5-40b9f40cc4a3,3,Nomenclatura náutica,0,0,0,0.00,0.00,El asiento de una embarcación es:
62ef0c4c-ed7a-40f3-aef6-3a965e4cd6ea,3,Nomenclatura náutica,0,0,0,0.00,0.00,¿Qué nombre recibe el `anclote´de más de dos brazos sin cepo?
006e4de5-a603-4e80-ae2e-2e85b9509a4d,3,Nomenclatura náutica,0,0,0,0.00,0.00,La “línea de crujía” de una embarcación es:
b2ba3802-55ef-42c0-8e7b-6ed8e8df029a,4,Nomenclatura náutica,0,0,0,0.00,0.00,"En una embarcación de recreo, el francobordo es:"
cee21c69-aa31-4b34-a24b-6748f479adb6,4,Nomenclatura náutica,0,0,0,0.00,0.00,"Situados en la popa de una embarcación mirando hacia proa, la aleta de babor es:"
59892904-9049-4a0b-b4cb-e229fd7c8903,4,Nomenclatura náutica,0,0,0,0.00,0.00,Señale la afirmación INCORRECTA con respecto al timón:
5fa73803-f06a-4994-9038-a8a0efb86071,4,Nomenclatura náutica,0,0,0,0.00,0.00,La acción contraria a escorar se denomina:
c7c12a65-d0b1-44f6-9198-78bccf11d3d6,4,Nomenclatura náutica,0,0,0,0.00,0.00,"A cada una de las piezas que atraviesan el barco de babor a estribor, que sirven de consolidación y "
9b9a1905-f26c-41e5-94eb-84fbd0f426b1,4,Nomenclatura náutica,0,0,0,0.00,0.00,Indique cuál de las siguientes afirmaciones es CORRECTA.
3320a68d-8e14-4529-9aa7-ad1fadea1eb7,4,Nomenclatura náutica,0,0,0,0.00,0.00,¿Qué son los guardines?
de97cb43-1003-4ae9-8c98-776ce33cbfc0,4,Nomenclatura náutica,0,0,0,0.00,0.00,"Si dos embarcaciones están navegando en paralelo a rumbo norte con viento del Este, ¿cuál de las sig"
7d773dd0-6836-4749-af09-f5a079eb6c94,4,Nomenclatura náutica,0,0,0,0.00,0.00,"En relación con el equipo de fondeo, ¿cuál es la definición INCORRECTA?"
d69be177-6ae9-4c1c-a785-b7eb97ac2a46,4,Nomenclatura náutica,0,0,0,0.00,0.00,¿Cuál de las siguientes definiciones es CORRECTA?
68eeae5d-f075-4cf6-9d86-68c51f33c0f6,4,Nomenclatura náutica,0,0,0,0.00,0.00,El plano de crujía es aquel que:
562301a8-223b-4568-9503-fcdc409e170a,4,Nomenclatura náutica,0,0,0,0.00,0.00,¿Qué nombre recibe el `anclote´de más de dos brazos sin cepo?
52378548-8663-46d3-a338-081dd1d27e02,4,Nomenclatura náutica,0,0,0,0.00,0.00,El tubo dentro del cual gira el eje del timón se denomina:
984cf06b-0e60-40dd-ae99-1557a8f8eb6a,4,Nomenclatura náutica,0,0,0,0.00,0.00,¿Qué son los guardines?
ba27ebf1-d750-428a-941d-0a93e2c70fc2,4,Nomenclatura náutica,0,0,0,0.00,0.00,Se define como adrizar al movimiento de la embarcación que consiste en:
75f66ea3-10a7-4ddb-a705-772adacf9223,4,Nomenclatura náutica,0,0,0,0.00,0.00,"A la abertura practicada en la bovedilla, sobre el codaste, para el paso de la cabeza del timón y ju"
bd358518-3633-42a7-80eb-bf0451228255,4,Nomenclatura náutica,0,0,0,0.00,0.00,Componente o parte que permanece inmóvil cuando se produce el movimiento de la hélice:
2f1fbb62-25c2-4bf4-8345-bbe0608b85ff,4,Nomenclatura náutica,0,0,0,0.00,0.00,El viento en una embarcación:
f335e54a-c919-40f4-92f9-2e203186b9a7,4,Nomenclatura náutica,0,0,0,0.00,0.00,La obra muerta es:
22f245df-1e6e-4872-915b-094aef94f062,4,Nomenclatura náutica,0,0,0,0.00,0.00,Seleccione la afirmación CORRECTA acerca de un “candelero”:
b0c40231-48a5-4a05-ba3e-ec87ad565484,4,Nomenclatura náutica,0,0,0,0.00,0.00,¿Qué nombre recibe la maniobra de largar o arriar cabo o cadena?
c67e1cf0-676d-4354-b2c9-12707142b1ad,4,Nomenclatura náutica,0,0,0,0.00,0.00,La bocina es:
4f4fc275-bf23-4b34-b88f-ccb61071e1a6,4,Nomenclatura náutica,0,0,0,0.00,0.00,¿Cuál de las siguientes afirmaciones es CORRECTA si nos referimos a una hélice dextrógira?
1d25c29c-2293-40ce-9fa0-30e3e7a3375b,4,Nomenclatura náutica,0,0,0,0.00,0.00,La mecha es:
054a117a-dde5-46eb-9169-42205eafcb4b,4,Nomenclatura náutica,0,0,0,0.00,0.00,Se define como adrizar al movimiento de la embarcación que consiste en:
bcef6568-a562-4217-8c85-9936cc55bbbe,4,Nomenclatura náutica,0,0,0,0.00,0.00,"Las válvulas colocadas por debajo de la línea de flotación, conectadas al casco por el interior con "
734b04f2-5b69-4b1b-8c75-b1cf0b5daf3d,4,Nomenclatura náutica,0,0,0,0.00,0.00,"El plano que separa la obra viva de la obra muerta, se denomina:"
08eda14a-4479-4a10-98f0-e51d4762781a,4,Nomenclatura náutica,0,0,0,0.00,0.00,Señale la afirmación CORRECTA con respecto a los grifos de fondo:
fbe6122f-6658-4360-942c-b5700866e6ed,4,Nomenclatura náutica,0,0,0,0.00,0.00,A la operación de arriar la línea de fondeo también nos podemos referir como:
17dd9daf-5283-4418-88dc-cbaef87e8c48,4,Nomenclatura náutica,0,0,0,0.00,0.00,Se define como adrizar al movimiento de la embarcación que consiste en:
b56d625f-d962-40b5-9769-dd214cf8115a,4,Nomenclatura náutica,0,0,0,0.00,0.00,El plano de crujía es aquel que:
1eaeeb26-148b-4ae2-9331-9b3fc8d10cf9,4,Nomenclatura náutica,0,0,0,0.00,0.00,Se conoce como sentina de una embarcación a:
31e30738-02e0-4d95-a584-0df1bafba70e,4,Nomenclatura náutica,0,0,0,0.00,0.00,El desplazamiento máximo corresponde al:
27c64b97-a4fe-414d-8f4f-f348ce7c5658,4,Nomenclatura náutica,0,0,0,0.00,0.00,Se define “costado” como:
3fa3e78e-8dd9-4153-839d-53c819d12fbe,4,Nomenclatura náutica,0,0,0,0.00,0.00,A la acción de cobrar un cabo o cadena con el molinete se la denomina:
1b5db587-f7bb-4a32-b18d-44ab1aa6df2a,4,Nomenclatura náutica,0,0,0,0.00,0.00,Se conoce como roda:
20d7b2fa-6bd3-4b7e-b529-2b3d85140808,4,Nomenclatura náutica,0,0,0,0.00,0.00,"Cuando movemos la rueda del timón, ¿cuál de las siguientes partes que lo componen permanece inmóvil?"
ab11fb9e-9df0-401f-826a-14cc7527f793,4,Nomenclatura náutica,0,0,0,0.00,0.00,Indique cuál de las siguientes afirmaciones es INCORRECTA.
983eb756-0880-4947-8c37-f56ab751b100,4,Nomenclatura náutica,0,0,0,0.00,0.00,Marque la afirmación CORRECTA acerca de la escora:
99dbd486-e89f-43de-8bf4-da4d89e291a0,4,Nomenclatura náutica,0,0,0,0.00,0.00,¿Cuál de las siguientes afirmaciones es CORRECTA?
cfdce7e2-4f77-48f3-aa29-0c37a22ac2cb,4,Nomenclatura náutica,0,0,0,0.00,0.00,El francobordo de una embarcación es:
7a6d31ae-adf0-48f2-b873-dbb786d2e770,4,Nomenclatura náutica,0,0,0,0.00,0.00,"Cuando la cadena del ancla está vertical, perpendicular a la superficie del mar y tocando el fondo, "
64736ca1-e5df-47b5-b6ef-41dba5cb0ca2,4,Nomenclatura náutica,0,0,0,0.00,0.00,¿Cuál de las siguientes afirmaciones sobre las hélices es CORRECTA?
e8865659-a952-4fcd-9b25-d65d8f17f335,4,Nomenclatura náutica,0,0,0,0.00,0.00,"La parte más plana y horizontal del casco, próxima a la quilla, se denomina:"
e1f75bbd-d41f-44e9-ab0f-1b8130d2fba3,4,Nomenclatura náutica,0,0,0,0.00,0.00,Al poner el ancla a la pendura pretendemos que:
fda04ee1-332f-4e3f-a835-e94896e2fb64,4,Nomenclatura náutica,0,0,0,0.00,0.00,"La pieza en forma de corona en la que se engranan los eslabones para cobrar de la cadena del ancla, "
9078ac30-6acd-4b4d-bd03-6b95a8077a09,4,Nomenclatura náutica,0,0,0,0.00,0.00,La obra muerta de una embarcación es:
1040bbaa-7b71-420e-b0da-ba122f798f47,4,Nomenclatura náutica,0,0,0,0.00,0.00,A la parte de los costados del barco donde éste empieza a estrecharse para formar la proa se la cono
edcba08c-4b1d-4267-851e-7cf113d97b8b,18,Reglamento (RIPA),0,0,0,0.00,0.00,"De acuerdo con la Regla 9 del RIPA, “Canales angostos”, ¿qué buques no estorbarán el tránsito de los"
a7625bea-b2f9-4218-94ac-8f3acfb1f3af,18,Reglamento (RIPA),0,0,0,0.00,0.00,"De acuerdo con la Regla 34.c del RIPA, cuando dos buques se encuentran a la vista uno del otro en un"
b7eee57e-2c03-47b5-b36e-1fde0f13fd67,18,Reglamento (RIPA),0,0,0,0.00,0.00,"Conforme a la Regla 3 del RIPA, “Definiciones generales”, la palabra “buque” designa:"
f50e0d34-a21f-42d6-af0e-d191152aefdc,18,Reglamento (RIPA),0,0,0,0.00,0.00,"Según la Regla 34 del RIPA, “Señales de maniobra y advertencia”, si nos aproximamos a un recodo dond"
470c6319-a346-4395-8063-d44f76d88235,18,Reglamento (RIPA),0,0,0,0.00,0.00,"De acuerdo con la Regla 3 del RIPA, se consideran “buques con capacidad de maniobra restringida” a:"
44df6e33-130e-4ee6-b5b3-1fdda6a03d5a,18,Reglamento (RIPA),0,0,0,0.00,0.00,"Estando usted navegando a vela por la Ría de Muros, se le aproxima otro buque de vela con riesgo de "
14e28af5-2fb8-4877-88f3-fe3edb09d908,18,Reglamento (RIPA),0,0,0,0.00,0.00,"Según la Regla 25.e del RIPA, un buque que navegue a vela, cuando sea también propulsado mecánicamen"
5068efcf-bab5-4b3b-8b0e-c117fea7cd72,18,Reglamento (RIPA),0,0,0,0.00,0.00,Si de noche fondeamos con nuestra embarcación de 6 metros de eslora en una zona alejada de cualquier
e4831855-c930-4590-aba6-eb938e3d7532,18,Reglamento (RIPA),0,0,0,0.00,0.00,"De conformidad con la Regla 17 del RIPA, “Maniobra del buque que sigue a rumbo”, señale la afirmació"
85242e8a-344a-45da-b15b-de3e443ac66e,18,Reglamento (RIPA),0,0,0,0.00,0.00,"Navegando a vela cerca de la Isla de Sálvora, nos vemos envueltos en una posible situación de riesgo"
4c52e244-28cd-4447-9422-4468a1d3d1ef,18,Reglamento (RIPA),0,0,0,0.00,0.00,"Conforme a la regla 12 del RIPA, cuando avistamos un buque de vela a barlovento pero no podemos dete"
b83e793c-bf4d-45f3-b684-bb09797993c7,18,Reglamento (RIPA),0,0,0,0.00,0.00,"De acuerdo a la Regla 13 del RIPA, todo buque que alcance a otro:"
7de66956-1ca4-4ae1-80e1-e31590fb6e7a,18,Reglamento (RIPA),0,0,0,0.00,0.00,Nos encontramos navegando de noche con nuestra embarcación y visualizamos por proa un buque que mues
f71c6263-e411-49c4-a3fd-df4347e6f8d2,18,Reglamento (RIPA),0,0,0,0.00,0.00,"Según la Regla 29 del RIPA, “Embarcaciones de prácticos”, las embarcaciones en servicio de practicaj"
85985e90-2757-4440-a44b-75f843f85dbe,18,Reglamento (RIPA),0,0,0,0.00,0.00,"Conforme a la Regla 17 del RIPA, “Maniobra del buque que «sigue a rumbo»”, indique cuál de las sigui"
546ea097-94d7-462a-a7e0-5d4cddb872e2,18,Reglamento (RIPA),0,0,0,0.00,0.00,"De acuerdo con la Regla 21 del RIPA, “Definiciones”, la luz blanca colocada sobre el eje longitudina"
e8b492ec-eed9-4920-ae45-8b2846553d11,18,Reglamento (RIPA),0,0,0,0.00,0.00,"Según la Regla 24.a.v) del RIPA, cuando un buque de propulsión mecánica que remolque a otro exhiba u"
fc2d37b1-7c8b-4c99-a442-502db80b9ddd,18,Reglamento (RIPA),0,0,0,0.00,0.00,"A efectos de la Regla 3 del RIPA, ¿puede ser considerado un ""buque de vela"" como un ""buque de propul"
933d6c13-85ec-448d-8a90-600fbca84026,18,Reglamento (RIPA),0,0,0,0.00,0.00,"De acuerdo con la Regla 32.a) del RIPA, la palabra «pito» significa todo dispositivo:"
3aff4294-5fd9-493f-b3a7-516b216593da,18,Reglamento (RIPA),0,0,0,0.00,0.00,"De acuerdo con la Regla 25 del RIPA, “Buques de vela en navegación y embarcaciones de remo”, si una "
50cc2179-c235-4814-ae16-80222df571a7,18,Reglamento (RIPA),0,0,0,0.00,0.00,"En relación con la Regla 23 del RIPA, “Buques de propulsión mecánica en navegación”, ¿qué luces"
1655a4af-6dd2-43c2-87a4-94ff2633e56b,18,Reglamento (RIPA),0,0,0,0.00,0.00,"Según la Regla 33 del RIPA, los buques de eslora inferior a 12 metros:"
17839a73-6907-4bb3-aa9e-401aac1dd61b,18,Reglamento (RIPA),0,0,0,0.00,0.00,"De acuerdo con la Regla 28 del RIPA, además de las luces prescritas en la Regla 23 para los buques d"
90bdfd55-0435-401e-a93f-2acb39a4fe9c,18,Reglamento (RIPA),0,0,0,0.00,0.00,"De acuerdo con la Regla 19 del RIPA “Conducta de los buques en condiciones de visibilidad reducida”,"
ed8e006a-428d-4819-86af-18a12e23e128,18,Reglamento (RIPA),0,0,0,0.00,0.00,"De acuerdo con la Regla 33.a del RIPA, ¿qué buques tienen que ir dotados de una campana además del p"
6b2b3caf-6852-4ecc-8712-17d6ba987587,18,Reglamento (RIPA),0,0,0,0.00,0.00,"De acuerdo con la Regla 26.b.i) del RIPA, los buques dedicados a la pesca de arrastre, es decir, rem"
2d75ea34-9b6a-4777-a6ac-157acf376bc8,18,Reglamento (RIPA),0,0,0,0.00,0.00,"Según la regla 26 del RIPA, “Buques de pesca”, ¿qué luces exhibirá de noche un buque dedicado a la p"
48c9eda9-6c0d-4217-81cf-e24c3a06e309,18,Reglamento (RIPA),0,0,0,0.00,0.00,"Conforme a la Regla 26 del RIPA, “Buques de pesca”, los buques dedicados a la pesca que NO sean exhi"
9ed01aff-59c3-49ef-af0e-0696c612f3b9,18,Reglamento (RIPA),0,0,0,0.00,0.00,"De acuerdo con la Regla 2.b del RIPA, un buque puede apartarse de dicho Reglamento:"
cc9a41da-4214-436d-9d98-15749d28183a,18,Reglamento (RIPA),0,0,0,0.00,0.00,"Según la Regla 6 del RIPA, para determinar la velocidad de seguridad NO se tendrá en cuenta:"
0f8d2534-c574-47fb-bc47-da022fe29844,18,Reglamento (RIPA),0,0,0,0.00,0.00,"Según el Anexo IV del RIPA, en caso de peligro y de que necesitemos ayuda:"
de2d1bc8-1cae-4e20-a473-a5506a6d7876,18,Reglamento (RIPA),0,0,0,0.00,0.00,"Conforme a la Regla 10 del RIPA, “Dispositivos de separación del tráfico”, un buque de 24 metros de "
b37f8c28-7074-4f4c-83f0-e658fe60a669,18,Reglamento (RIPA),0,0,0,0.00,0.00,"Según las Reglas 1 y 3 del RIPA, en ningún caso el Reglamento aplicará a:"
31ce8a7a-4251-4979-b4ba-e5553a51b3ca,18,Reglamento (RIPA),0,0,0,0.00,0.00,"De acuerdo a la Regla 16 del RIPA, maniobra del buque que cede el paso, todo buque que esté obligado"
27c90c1c-ebc0-40c1-ae1e-947b59cefac7,18,Reglamento (RIPA),0,0,0,0.00,0.00,"De acuerdo con la Regla 19 del RIPA, “Conducta de los buques en condiciones de visibilidad reducida”"
3b9dd8de-8c16-4ce7-bdf5-5185deb41575,18,Reglamento (RIPA),0,0,0,0.00,0.00,"De acuerdo con la Regla 17 del RIPA, “Maniobra del buque que sigue a rumbo”, indique cuál de las sig"
a894ba1f-7315-4615-8804-126319657ba1,18,Reglamento (RIPA),0,0,0,0.00,0.00,"Según la Regla 36 del RIPA, Señales para llamar la atención, ¿qué señal luminosa es la más adecuada "
334377e4-dcb8-4fae-9f30-e74733be57ba,18,Reglamento (RIPA),0,0,0,0.00,0.00,"De acuerdo con la Regla 21.a del RIPA, la definición, “luz blanca colocada sobre el eje longitudinal"
e79d25b9-28ef-4f79-bc34-b0fead490b92,18,Reglamento (RIPA),0,0,0,0.00,0.00,"Navegando de noche en la Ría de Vigo, visualizamos por proa, cada vez más cerca, únicamente una luz "
1b262297-ef2f-45ed-8fb5-923f14032d9a,18,Reglamento (RIPA),0,0,0,0.00,0.00,Navegando en una motora cerca del Cabo Matxitxako nos vemos envueltos en una posible situación de ri
d320a919-020c-4106-a1a6-2a36828dd07d,18,Reglamento (RIPA),0,0,0,0.00,0.00,"Según la regla 21 del RIPA, “Definiciones” de la Parte C. Luces y marcas, ¿en qué arco del horizonte"
cdfbe259-9abe-40c8-afe5-399330ccb952,18,Reglamento (RIPA),0,0,0,0.00,0.00,"De acuerdo con la Regla 2 del RIPA, sobre responsabilidad:"
eb2e3fcb-77e5-4891-8379-4c143d7afa4d,18,Reglamento (RIPA),0,0,0,0.00,0.00,"Según la regla 1 del RIPA, éste será de aplicación a:"
57fbaa7a-32ab-4a1c-97ab-6de92bebeb44,18,Reglamento (RIPA),0,0,0,0.00,0.00,"De acuerdo con las reglas 23. d) ii) y 30.b) del RIPA, si visualizamos únicamente una luz blanca tod"
31a4dc49-a2d9-43cb-aac8-63bc20011a78,18,Reglamento (RIPA),0,0,0,0.00,0.00,"Según la Regla 6 del RIPA, para determinar la velocidad de seguridad NO se tendrá en cuenta:"
1d0b3e42-98bb-4b32-8376-4c592cb76508,18,Reglamento (RIPA),0,0,0,0.00,0.00,"Conforme a la Regla 23 del RIPA, “Buques de propulsión mecánica en navegación”, los aerodeslizadores"
0d602081-a308-4b0c-97e2-ef82e6ad6946,18,Reglamento (RIPA),0,0,0,0.00,0.00,"De acuerdo con la Regla 33 del RIPA, “Equipos para señales acústicas”, una embarcación de 22"
5f38d47c-1e61-4f70-9216-e9c9431f7156,18,Reglamento (RIPA),0,0,0,0.00,0.00,"De acuerdo con la Regla 21.b del RIPA, en los buques de eslora inferior a 20 metros, las luces de co"
8a688fd3-d9f5-4b7e-9ff8-4b5f484b73a4,18,Reglamento (RIPA),0,0,0,0.00,0.00,"Según la Regla 14 del RIPA, cuando dos buques de propulsión mecánica naveguen de vuelta encontrada a"
c43b3022-9186-41ee-9fb4-54d0ed121965,18,Reglamento (RIPA),0,0,0,0.00,0.00,"De acuerdo con la Regla 20 del RIPA, “Ámbito de aplicación” de luces y marcas, ¿cuál de las siguient"
a40ce16b-44c6-45bc-b0a4-60af1dbcb94b,18,Reglamento (RIPA),0,0,0,0.00,0.00,"Según la Regla 35.b del RIPA, “Señales acústicas en visibilidad reducida”, dentro de una zona de vis"
d1782864-9a02-4893-bbf7-0086cdb5e6b7,19,Reglamento (RIPA),0,0,0,0.00,0.00,"De acuerdo con la Regla 9 del RIPA, “Canales angostos”, si nos aproximamos a un recodo, en donde la "
d251c512-14cd-4118-8b3b-dbd1ba12317c,19,Reglamento (RIPA),0,0,0,0.00,0.00,"Conforme a la Regla 25.d.ii) del RIPA, ¿puede una embarcación de remos NO exhibir las luces prescrit"
bd0de369-0793-4906-a7a6-5a9d7d06f63d,19,Reglamento (RIPA),0,0,0,0.00,0.00,"De acuerdo con la Regla 24.a del RIPA, “Buques remolcando y empujando”, si observamos un buque de pr"
bb697e73-0438-42cd-a915-83480483d6fa,19,Reglamento (RIPA),0,0,0,0.00,0.00,"De acuerdo con la Regla 16 del RIPA, en la Maniobra del buque que “cede el paso”, todo buque que est"
e485553c-9710-4c34-ab73-0ce1edfc3930,19,Reglamento (RIPA),0,0,0,0.00,0.00,"Según la Regla 34 del RIPA, “Señales de maniobra y advertencia”, si nos aproximamos a un recodo dond"
d1b48886-7967-4a2c-be7d-49d236591961,19,Reglamento (RIPA),0,0,0,0.00,0.00,"Según la Regla 19 del RIPA, ¿cuál de las siguientes afirmaciones es CORRECTA?"
111279d1-fbee-48b2-9345-4254228fb4a2,19,Reglamento (RIPA),0,0,0,0.00,0.00,"Navegando a vela cerca de la Isla de Tambo, nos vemos envueltos en una posible situación de riesgo d"
7ca6dbed-7a8d-4d9d-9e44-a93ab972fdd9,19,Reglamento (RIPA),0,0,0,0.00,0.00,"De acuerdo con la Regla 7 del RIPA, “Riesgo de abordaje”, para determinar si existe riesgo de aborda"
058b5bdd-4c8f-4d82-9514-410d33339456,19,Reglamento (RIPA),0,0,0,0.00,0.00,"Según la Regla 10 del RIPA, dispositivos de separación del tráfico, los buques de eslora inferior a"
a3fb5428-bbf3-4ba3-8078-eaa0b1ef3183,19,Reglamento (RIPA),0,0,0,0.00,0.00,"Según la Regla 7 del RIPA, para determinar si existe riesgo de abordaje, se tendrán en cuenta, entre"
cb091676-05a1-400d-8863-48882474ccde,19,Reglamento (RIPA),0,0,0,0.00,0.00,"De conformidad con la regla 28 del RIPA, “Buques de propulsión mecánica restringidos por su calado”,"
a3189162-208c-4216-a894-30c66d23e500,19,Reglamento (RIPA),0,0,0,0.00,0.00,"Según la Regla 33.b del RIPA, Equipo para señales acústicas, los buques de eslora inferior a 12"
8e2ec195-00ef-4ca1-8efb-ba23d1e0fdaa,19,Reglamento (RIPA),0,0,0,0.00,0.00,"De acuerdo con la Regla 2 del RIPA, sobre responsabilidad:"
b1eaa87a-c7fa-4adc-914b-9ea88ab6138b,19,Reglamento (RIPA),0,0,0,0.00,0.00,"De conformidad con la Regla 23 del RIPA, “Buques de propulsión mecánica en navegación”, indicar toda"
8f425f25-48b4-45a2-bb05-00f522aaf1be,19,Reglamento (RIPA),0,0,0,0.00,0.00,"Conforme a la Regla 9 del RIPA, “Canales angostos”, los buques de eslora inferior a 20 metros:"
91227b03-be40-4621-861f-85f5b8de9f21,19,Reglamento (RIPA),0,0,0,0.00,0.00,"De acuerdo con la Regla 18 del RIPA, “Obligaciones entre categorías de buques”, sin perjuicio de lo "
f6628531-5997-4bad-9570-78cc75535029,19,Reglamento (RIPA),0,0,0,0.00,0.00,"Según la Regla 18.b del RIPA, los buques de vela, en navegación, se mantendrán apartados de la derro"
bf2d3bb4-3a56-4734-ba51-89ecee772964,19,Reglamento (RIPA),0,0,0,0.00,0.00,"Según las Reglas 1 y 3 del RIPA, en ningún caso el Reglamento aplicará a:"
944eff93-bcb3-4357-940d-3ec6c1079bf1,19,Reglamento (RIPA),0,0,0,0.00,0.00,"Conforme a lo indicado en la regla 34 del RIPA “Señales de maniobra y advertencia”, ¿cuál de las sig"
7487c535-5aae-4dd0-b7c0-980cf5cf098c,19,Reglamento (RIPA),0,0,0,0.00,0.00,"Si nos encontramos navegando de día y visualizamos a un buque que, en el lugar más visible, exhibe d"
0412efd0-a4ec-450d-ab13-5dbfcec33c32,19,Reglamento (RIPA),0,0,0,0.00,0.00,"Según la Regla 5 del RIPA, “Vigilancia”, todos los buques mantendrán en todo momento una eficaz vigi"
a5c81631-fd70-48f2-8dd0-9979f244b6a5,19,Reglamento (RIPA),0,0,0,0.00,0.00,"En relación con la Regla 23 del RIPA, “Buques de propulsión mecánica en navegación”, ¿qué luces"
0363146f-6fce-424e-a9d4-fde0b454c274,19,Reglamento (RIPA),0,0,0,0.00,0.00,"Según la Regla 18 del RIPA, los buques de propulsión mecánica, en navegación, se mantendrán apartado"
c8d25faa-9d2c-4123-92c6-cbbe956b4bab,19,Reglamento (RIPA),0,0,0,0.00,0.00,"De acuerdo con la Regla 21.b del RIPA, “Definiciones”, las “luces de costado” se definen como luces "
b423fd3f-f8f7-4fc1-b47e-288402dbb9de,19,Reglamento (RIPA),0,0,0,0.00,0.00,"Según la regla 26 del RIPA, “Buques de pesca”, ¿qué luces exhibirá un buque de eslora mayor de 50"
383940af-f551-4e43-a9ae-1155abcba7ed,19,Reglamento (RIPA),0,0,0,0.00,0.00,"De acuerdo con la Regla 6 del RIPA, ¿qué NO determina la velocidad de seguridad?"
a334b19f-30bd-4b82-b782-3df780057cf9,19,Reglamento (RIPA),0,0,0,0.00,0.00,"Según la Regla 6 del RIPA, para determinar la velocidad de seguridad NO se tendrá en cuenta:"
3939136e-f188-4b3f-ac4e-f70c46f2b7b4,19,Reglamento (RIPA),0,0,0,0.00,0.00,Si un buque de 40 metros de eslora muestra únicamente una luz blanca todo horizonte en la parte de p
26fca4c1-b754-45aa-8486-dde15d5158ac,19,Reglamento (RIPA),0,0,0,0.00,0.00,"Conforme a la Regla 26 del RIPA, “Buques de pesca”, los buques dedicados a la pesca que NO sean exhi"
eaf5d8fe-71f1-4c74-bf83-64bc64982576,19,Reglamento (RIPA),0,0,0,0.00,0.00,"De acuerdo con la Regla 23.c del RIPA, la luz roja centelleante todo horizonte de gran intensidad se"
e64209f6-03c6-4a54-9df2-595aa0d44c51,19,Reglamento (RIPA),0,0,0,0.00,0.00,"Según la Regla 19 del RIPA, Conducta de los buques en condiciones de visibilidad reducida, salvo en "
191d81ab-5adf-48b7-9f72-a6b37b19c949,19,Reglamento (RIPA),0,0,0,0.00,0.00,"Según la Regla 19 del RIPA, ¿cuál de las siguientes afirmaciones es CORRECTA?"
4c59eee1-582f-4a32-b96c-30fe999395e7,19,Reglamento (RIPA),0,0,0,0.00,0.00,"Conforme a la Regla 24.b del RIPA, “Buques remolcando y empujando”, ¿cuándo se considera que un buqu"
585aac90-3db5-47ee-a7d4-b5cea9c30cee,19,Reglamento (RIPA),0,0,0,0.00,0.00,"De acuerdo con las Reglas 23 y 27 del RIPA, ¿qué conjunto de luces exhibirá de noche un buque de res"
066a684e-f2c7-43ad-9a51-2a8c88177b00,19,Reglamento (RIPA),0,0,0,0.00,0.00,"Conforme al Anexo IV del RIPA, ¿cuál de las siguientes señales es indicativa de peligro y necesidad "
05110f54-9266-469f-817b-7aee9043a360,19,Reglamento (RIPA),0,0,0,0.00,0.00,"Conforme a la Regla 7 del RIPA, “Riesgo de abordaje”, se considerará que existe riesgo de abordaje s"
e700979b-c618-49ab-bc78-81c1c2fc919d,19,Reglamento (RIPA),0,0,0,0.00,0.00,"De acuerdo a la Regla 18 del RIPA, sin perjuicio de lo dispuesto en otras reglas, los buques de vela"
dc91af10-ff14-4bdb-8a1d-785b5ad75518,19,Reglamento (RIPA),0,0,0,0.00,0.00,"Conforme a la Regla 25.d.ii) del RIPA, ¿puede una embarcación de remos NO exhibir las luces prescrit"
397dd909-c4df-4e98-a977-fe9570ccafc4,19,Reglamento (RIPA),0,0,0,0.00,0.00,"De conformidad con la Regla 16 del RIPA, “Maniobra del buque que «cede el paso»”, si estamos obligad"
c0f88917-3a7e-4bfa-b4b1-93218e43ba07,19,Reglamento (RIPA),0,0,0,0.00,0.00,"Según la regla 1 del RIPA, éste será de aplicación a:"
1815c48f-7bbf-4cb6-abe8-9d63660ee7c0,19,Reglamento (RIPA),0,0,0,0.00,0.00,"Navegando de noche cerca de Cabo Estai, distinguimos cada vez más cerca de nuestra proa una luz de c"
d69745b5-8731-4822-9af0-fa610db90292,19,Reglamento (RIPA),0,0,0,0.00,0.00,"De acuerdo con la Regla 23 del RIPA, Buques de propulsión mecánica en navegación, los aerodeslizador"
59868bdc-7831-4f82-b8e8-9d73e943aceb,19,Reglamento (RIPA),0,0,0,0.00,0.00,"Según la Regla 18 del RIPA, las naves de vuelo rasante que naveguen por la superficie del agua cumpl"
eda89917-602c-4534-8a21-df873d2f3b8a,19,Reglamento (RIPA),0,0,0,0.00,0.00,"De acuerdo con la Regla 12 del RIPA, cuando dos buques de vela se aproximen uno al otro, con riesgo "
2695534e-7eea-4e26-8e70-f4620a6535a2,19,Reglamento (RIPA),0,0,0,0.00,0.00,"Según la Regla 12 del RIPA, cuando dos buques de vela se aproximen uno al otro, con riesgo de aborda"
c8865d29-e4f1-405a-8ed3-ef9cdb70d6f4,19,Reglamento (RIPA),0,0,0,0.00,0.00,"De acuerdo a la Regla 18 del RIPA, obligaciones entre categorías de buques, sin perjuicio de lo disp"
853b7858-e5d2-4f1f-946f-032a9ae9a6b9,19,Reglamento (RIPA),0,0,0,0.00,0.00,"Conforme a la Regla 9 del RIPA, “Canales angostos”, los buques que se aproximen a un canal angosto e"
0bc54dad-c255-4fea-bdf4-d8f1bf0e1280,19,Reglamento (RIPA),0,0,0,0.00,0.00,"De acuerdo con la Regla 37 del RIPA, cuando un buque esté en peligro y requiera ayuda, utilizará o e"
fb768011-2cee-4087-ba3b-cf208533bfaa,19,Reglamento (RIPA),0,0,0,0.00,0.00,"Según la Regla 13 del RIPA, se considera buque que alcanza a todo buque que se aproxime a otro vinie"
3a67610b-55d4-4146-919b-e428e263e6a8,19,Reglamento (RIPA),0,0,0,0.00,0.00,"De acuerdo con la Regla 21 del RIPA, Definiciones, las “luces de costado” muestran su luz sin interr"
d85962e1-38c4-4e31-81c6-37b29581f9fa,19,Reglamento (RIPA),0,0,0,0.00,0.00,"Según la regla 3 del RIPA. “Definiciones generales”, por “esloras” se entenderá:"
2d9c24a1-d676-4d1e-aa54-05335c934a35,19,Reglamento (RIPA),0,0,0,0.00,0.00,"Según lo indicado en la Regla 33 del RIPA “Equipo para señales acústicas”, si nos encontramos bordo?"
05501b30-1d6b-4bd4-94c1-df6f4f1e1799,19,Reglamento (RIPA),0,0,0,0.00,0.00,"De acuerdo con la Regla 20 del RIPA, “Ámbito de aplicación” de la Parte C. Luces y Marcas, señale la"
987d6176-4469-4785-943b-a4eb0255ac8d,19,Reglamento (RIPA),0,0,0,0.00,0.00,Si navegando con niebla escuchamos una pitada larga a intervalos que no excedan de 2 minutos y cuatr
f7c4012d-e6a7-49b4-ae6b-7579a5536d24,20,Reglamento (RIPA),0,0,0,0.00,0.00,"De acuerdo con la Regla 21 del RIPA, la “luz de tope” es una luz:"
ddb18db1-7320-4614-9bb6-41a8b94586bb,20,Reglamento (RIPA),0,0,0,0.00,0.00,"Con arreglo a la Regla 35.a del RIPA, un buque de propulsión mecánica, con arrancada, emitirá de noc"
7d7a9c94-16dc-4bb8-b5b9-efb208f89440,20,Reglamento (RIPA),0,0,0,0.00,0.00,"Según el Anexo IV del RIPA, para la identificación desde el aire, se utilizará:"
d289f6da-4418-4515-a89d-e571ac36264a,20,Reglamento (RIPA),0,0,0,0.00,0.00,La Regla 30 del RIPA determina que un buque fondeado exhibirá en el lugar más visible:
539b35a2-5ac3-46fc-8c57-1e683cd51efb,20,Reglamento (RIPA),0,0,0,0.00,0.00,"De acuerdo a la Regla 13 del RIPA, todo buque que alcance a otro:"
2bfd2299-3e43-4332-808c-4ae26b9ff906,20,Reglamento (RIPA),0,0,0,0.00,0.00,"Según la Regla 23 del RIPA, los aerodeslizadores cuando operen en la condición sin desplazamiento, a"
34f0b632-4068-446d-889c-296a18602570,20,Reglamento (RIPA),0,0,0,0.00,0.00,"De acuerdo con la Regla 35.e del RIPA, en las proximidades o dentro de una zona de visibilidad reduc"
1dd3db0c-12d4-455a-aa86-4986b2300f7c,20,Reglamento (RIPA),0,0,0,0.00,0.00,"Según la Regla 33 del RIPA, los buques de eslora inferior a 12 metros:"
8fa2323a-433b-40e2-b890-31ecb465a240,20,Reglamento (RIPA),0,0,0,0.00,0.00,"De acuerdo a la Regla 19 del RIPA, conducta de los buques en condiciones de visibilidad reducida:"
4a9ca5db-7896-4bcc-913c-1e1fcf5c9e51,20,Reglamento (RIPA),0,0,0,0.00,0.00,"De acuerdo con la Regla 34.a del RIPA, un buque de propulsión mecánica en navegación que esté a la v"
9773b5ce-86f8-4a52-8e34-cb102b91ba34,20,Reglamento (RIPA),0,0,0,0.00,0.00,"De acuerdo a la Regla 19 del RIPA, salvo en los casos en que se haya comprobado que no existe riesgo"
7c00aad9-e03c-453b-b20a-6abd1bd6079d,20,Reglamento (RIPA),0,0,0,0.00,0.00,"Según la Regla 34.d del RIPA, cuando varios buques a la vista unos de otros se aproximen, si un buqu"
2da0780d-76a5-410c-bc77-f4b536ff6702,20,Reglamento (RIPA),0,0,0,0.00,0.00,"Según la Regla 7 del RIPA, para determinar si existe riesgo de abordaje, se tendrán en cuenta, entre"
f610c220-0c0b-4abe-b189-89e27c93cd5f,20,Reglamento (RIPA),0,0,0,0.00,0.00,"De acuerdo con la Regla 33.a del RIPA, ¿qué buques tienen que ir dotados de una campana además del p"
59e03364-fb9d-4b31-a54f-b3d3d31132c5,20,Reglamento (RIPA),0,0,0,0.00,0.00,"Según la Regla 5 del RIPA, todos los buques mantendrán una eficaz vigilancia:"
25518a46-01e2-48eb-8304-042c403426ff,20,Reglamento (RIPA),0,0,0,0.00,0.00,"Según la Regla 18 del RIPA, los buques de propulsión mecánica, en navegación, se mantendrán apartado"
fa234fc1-ad68-4c0f-87a9-f2fef8a2555b,20,Reglamento (RIPA),0,0,0,0.00,0.00,"Según la Regla 10 del RIPA, los buques dedicados a una operación de mantenimiento de la seguridad de"
c9b3cfe7-46b6-40e9-a277-8a36992ccfa4,20,Reglamento (RIPA),0,0,0,0.00,0.00,"De acuerdo con la Regla 25.e del RIPA, un buque que navegue a vela, cuando sea también propulsado me"
050e2960-4f40-433b-a16b-fae750977d3e,20,Reglamento (RIPA),0,0,0,0.00,0.00,"De acuerdo con la Regla 13.b) del RIPA, todo buque que alcance a otro:"
65130bc0-7faa-4ab5-a174-d7a2c26ff3a4,20,Reglamento (RIPA),0,0,0,0.00,0.00,"De acuerdo con la Regla 34.b.iii) del RIPA, cuando varios buques de propulsión mecánica en navegació"
d62a2694-666e-4669-943c-c021d88af6d5,20,Reglamento (RIPA),0,0,0,0.00,0.00,"De acuerdo con la Regla 16 del RIPA, en la Maniobra del buque que “cede el paso”, todo buque que est"
dacc5c8a-743f-494a-ae88-65ec1e71a9e6,20,Reglamento (RIPA),0,0,0,0.00,0.00,"Según la Regla 17 del RIPA, Maniobra del buque que “sigue a rumbo”:"
f00f0688-a399-4c26-823e-b5d763440bea,20,Reglamento (RIPA),0,0,0,0.00,0.00,"Según la Regla 10 del RIPA, “Dispositivos de separación del tráfico”, ¿qué buques NO utilizarán la z"
0b646db0-be33-4eee-a1a9-617e186500a8,20,Reglamento (RIPA),0,0,0,0.00,0.00,"El RIPA define en la Regla 3, “Definiciones generales”, la expresión “buque sin gobierno” como:"
46ea31a5-b885-48a9-9dc2-7d705f3219b7,20,Reglamento (RIPA),0,0,0,0.00,0.00,"Según la Regla 7 del RIPA, Riesgo de abordaje, ¿cuál de las siguientes afirmaciones es INCORRECTA?"
c3052392-f6dd-405a-9555-53cd79407d77,20,Reglamento (RIPA),0,0,0,0.00,0.00,"De acuerdo con la Regla 25 del RIPA, Buques de vela en navegación y embarcaciones de remo, las embar"
08da1558-dd87-43b0-b80e-f1f16ddb753a,20,Reglamento (RIPA),0,0,0,0.00,0.00,"De acuerdo con la Regla 31 del RIPA, Hidroaviones, si vemos un hidroavión exhibiendo luces posiciona"
991b50f1-d55c-4e33-abb7-4a62cef811ca,20,Reglamento (RIPA),0,0,0,0.00,0.00,"Según la Regla 29 del RIPA, “Embarcaciones de prácticos”, las embarcaciones en servicio de practicaj"
f0f439bf-0d96-487e-b7d7-d6522763f195,20,Reglamento (RIPA),0,0,0,0.00,0.00,"Conforme a la Regla 3 del RIPA, “Definiciones generales”, la expresión “buque con capacidad de manio"
5ab1947d-79e5-4985-9b6d-ca749af9f834,20,Reglamento (RIPA),0,0,0,0.00,0.00,"Conforme a la Regla 34 del RIPA, “Señales de maniobra y advertencias”, ¿cuándo tendremos que complem"
17482dd8-0a83-45d1-907e-d7b4a1c02f56,20,Reglamento (RIPA),0,0,0,0.00,0.00,"Conforme a la Regla 21 del RIPA, “Definiciones”, la “luz de alcance” es:"
0d197c5a-9b62-4f12-aef2-076ce10755ac,20,Reglamento (RIPA),0,0,0,0.00,0.00,"Conforme a la Regla 15 del RIPA, “Situación de cruce”, en navegación nocturna, se considera que exis"
eeac7e17-c318-4111-9add-850f4d08e9da,20,Reglamento (RIPA),0,0,0,0.00,0.00,"Conforme a la Regla 35.b del RIPA, “Señales acústicas en visibilidad reducida”, en las proximidades "
2852cb9c-52d6-4309-b003-43b45fe34b4f,20,Reglamento (RIPA),0,0,0,0.00,0.00,"Conforme a la Regla 10 del RIPA, “Dispositivos de separación del tráfico”, un buque de propulsión"
4fd2dbce-0199-411a-9d6a-696c5c8cede7,20,Reglamento (RIPA),0,0,0,0.00,0.00,"Navegando con una motora cerca de la Isla de Tabarca, se nos aproxima por popa un buque de vela con "
2cea33f3-d243-49b8-a675-6c4f873d15a0,20,Reglamento (RIPA),0,0,0,0.00,0.00,"Conforme a la Regla 6 del RIPA, “Velocidad de seguridad”, a la hora de determinar la velocidad de se"
55fe78d1-d47f-4d27-8687-e96c72ae1943,20,Reglamento (RIPA),0,0,0,0.00,0.00,"Navegando en un velero de 6 metros por un canal angosto, vemos aproximarse de vuelta encontrada ango"
011299c5-86e5-4951-afa5-84613d6310bf,20,Reglamento (RIPA),0,0,0,0.00,0.00,Nos encontramos a bordo de una embarcación a motor a rumbo 359º y tenemos otra embarcación que naveg
dbd143b0-ac38-4284-9ff9-7137941a21b4,20,Reglamento (RIPA),0,0,0,0.00,0.00,"Conforme a la Regla 6 del RIPA, “Velocidad de seguridad”, ¿cuál de las siguientes afirmaciones es CO"
2e806389-9504-44dd-9398-0905901b0385,20,Reglamento (RIPA),0,0,0,0.00,0.00,"Si de noche nos encontramos en nuestra embarcación arribando a puerto por un canal de entrada, y vis"
750cafcd-0ddb-44b0-8026-16d17ce6ee69,20,Reglamento (RIPA),0,0,0,0.00,0.00,"Si nos encontramos navegando de noche y visualizamos por la proa a un buque que, en el lugar más vis"
66548e3c-9fc3-4405-9e8b-980eb1644bbf,20,Reglamento (RIPA),0,0,0,0.00,0.00,"De acuerdo con la Regla 31 del RIPA, “Hidroaviones”, cuando a una nave de vuelo rasante no le sea po"
44058b74-2e30-45ff-a9c9-eaddfa02cb2a,20,Reglamento (RIPA),0,0,0,0.00,0.00,"Conforme a la Regla 3 del RIPA, “Definiciones generales”, la expresión “buque de vela” significa tod"
0d9587cd-370a-4738-84b6-7c5f43518445,20,Reglamento (RIPA),0,0,0,0.00,0.00,"De acuerdo con la regla 25 del RIPA, “Buques de vela en navegación y embarcaciones de remo”, un buqu"
3f1c94ef-6696-41e3-9d99-d877c1dd1cec,20,Reglamento (RIPA),0,0,0,0.00,0.00,"Según la Regla 13 del RIPA, “Buque que alcanza”, todo buque que alcance a otro:"
6cc881db-f0da-4e5d-a1f2-e35d54d43d0f,20,Reglamento (RIPA),0,0,0,0.00,0.00,"Si nos encontramos de noche navegando con nuestra embarcación en una zona cercana a costa, y visuali"
668c971c-4530-480b-9793-4c16bedc1263,20,Reglamento (RIPA),0,0,0,0.00,0.00,"Según la Regla 13 del RIPA, “Buque que alcanza”, todo buque que alcance a otro:"
5855fdd7-319a-4edb-b1c5-0f7b794593a6,20,Reglamento (RIPA),0,0,0,0.00,0.00,"De acuerdo con la Regla 6 del RIPA, ¿cuál de los siguientes factores NO se contempla explícitamente "
9f1a3f15-1839-4b33-b74d-6214adec0d1c,20,Reglamento (RIPA),0,0,0,0.00,0.00,"De acuerdo con la Regla 21 del RIPA, Definiciones, las “luces de costado” muestran su luz sin interr"
de64cad7-7cd5-4940-a3a3-aeb8bb0615b8,20,Reglamento (RIPA),0,0,0,0.00,0.00,Navegando en una motora nos encontramos en una situación de cruce por nuestro costado de estribor co
3efcd3ea-6510-4949-82d3-171c6aa11d66,21,Reglamento (RIPA),0,0,0,0.00,0.00,"De acuerdo con la Regla 31 del RIPA, “Hidroaviones”, cuando a una nave de vuelo rasante no le sea po"
f256bdc3-f41d-4a23-bab1-ae53a96dd788,21,Reglamento (RIPA),0,0,0,0.00,0.00,"De acuerdo con la Regla 21.b del RIPA, “Definiciones”, las “luces de costado” se definen como luces "
bfd9a10e-db85-42e2-a63b-3b39ff27a865,21,Reglamento (RIPA),0,0,0,0.00,0.00,"De acuerdo con la Regla 24 del RIPA, Buques remolcando y empujando, si observamos en un buque remolc"
4864277d-a370-40ad-9478-4ac4a42c0f90,21,Reglamento (RIPA),0,0,0,0.00,0.00,"De acuerdo con la Regla 20.e del RIPA, las luces y marcas mencionadas en estas Reglas:"
1fdec3a7-115b-43f8-a9ee-2c383c89ac44,21,Reglamento (RIPA),0,0,0,0.00,0.00,"Según la Regla 15 del RIPA, cuando dos buques de propulsión mecánica se crucen con riesgo de abordaj"
e12fdf25-3ee3-4ce1-b677-ab9e6c2919dc,21,Reglamento (RIPA),0,0,0,0.00,0.00,"De acuerdo con la Regla 25 del RIPA, “Buques de vela en navegación y embarcaciones de remo”, ¿cuál d"
9a8c1cfa-371a-44e6-af9e-2df5963bddf4,21,Reglamento (RIPA),0,0,0,0.00,0.00,"Conforme a la Regla 25 del RIPA, “Buques de vela en navegación y embarcaciones de remo”, los luces:"
8356f781-dfd4-445f-9cb8-a4ff06a29cf4,21,Reglamento (RIPA),0,0,0,0.00,0.00,"Según la Regla 5 del RIPA, “Vigilancia”, todos los buques mantendrán en todo momento una eficaz vigi"
7eebcef8-5f25-4b11-8667-95082564fe4e,21,Reglamento (RIPA),0,0,0,0.00,0.00,"Según la Regla 5 del RIPA, todos los buques mantendrán una eficaz vigilancia:"
80b3490d-01bc-4d08-b4df-32141b4fd67c,21,Reglamento (RIPA),0,0,0,0.00,0.00,"Conforme a la Regla 15 del RIPA, “Situación «de cruce»”, indique cuál de las siguientes afirmaciones"
278bfe76-427e-45d0-81bb-b5b97324b9c7,21,Reglamento (RIPA),0,0,0,0.00,0.00,"Conforme a la Regla 3 del RIPA, “Definiciones generales”, la expresión “buque de vela” significa tod"
c63e1277-e6e8-49ce-a682-1735669f8346,21,Reglamento (RIPA),0,0,0,0.00,0.00,"Según la Regla 10 del RIPA, Dispositivos de separación del tráfico, ¿cuál es la manera correcta de t"
6c363d20-abd9-4d25-abda-1a90f784fc93,21,Reglamento (RIPA),0,0,0,0.00,0.00,"Según la Regla 32 del RIPA, “Definiciones de Señales acústicas y luminosas”, la expresión «pitada la"
663b5815-74c7-49ef-a8c3-afe683915512,21,Reglamento (RIPA),0,0,0,0.00,0.00,"De acuerdo con la Regla 6 del RIPA, ¿cuál de los siguientes factores NO se contempla explícitamente "
95ddddca-4580-4f60-a9ad-a64f9d1de2c8,21,Reglamento (RIPA),0,0,0,0.00,0.00,"Según la Regla 18 del RIPA, los buques de vela en navegación se mantendrán apartados de:"
e3d1c753-9f5e-422a-9d91-c14145d02c77,21,Reglamento (RIPA),0,0,0,0.00,0.00,"De acuerdo con la Regla 20 del RIPA, “Ámbito de aplicación” de la Parte C. Luces y marcas, si nos en"
b8ff386b-843f-487b-83da-1010cdccb427,21,Reglamento (RIPA),0,0,0,0.00,0.00,"Conforme a la Regla 3 del RIPA, “Definiciones generales”, un buque de vela significa todo buque nave"
6eccbce0-479c-41e8-ab70-078f66863420,21,Reglamento (RIPA),0,0,0,0.00,0.00,"Según la Regla 13 del RIPA, se considera buque que alcanza a todo buque que se aproxime a otro vinie"
12385fb9-aa32-4ae1-a959-5025a722e438,21,Reglamento (RIPA),0,0,0,0.00,0.00,"Según la Regla 35.b del RIPA, “Señales acústicas en visibilidad reducida”, dentro de una zona de vis"
b1b8542b-84b4-47cb-b091-a5e45ef8202d,21,Reglamento (RIPA),0,0,0,0.00,0.00,"Según la Regla 36 del RIPA “Señales para llamar la atención”, si estando en un buque necesitamos lla"
e89abc48-c70f-4fa8-93ff-da6badf79fee,21,Reglamento (RIPA),0,0,0,0.00,0.00,"De acuerdo con la Regla 15 del RIPA, “Situación de cruce”, y la Regla 16, “Maniobra del buque que ce"
f6625dae-baf8-493c-9a55-d8b83d51d8bd,21,Reglamento (RIPA),0,0,0,0.00,0.00,"De acuerdo con la Regla 19 del RIPA, “Conducta de los buques en condiciones de visibilidad reducida”"
837d7815-3ad1-4503-8d3f-357c36faf9a3,21,Reglamento (RIPA),0,0,0,0.00,0.00,"Según la Regla 18 del RIPA, las naves de vuelo rasante que naveguen por la superficie del agua cumpl"
17343efc-bad8-45d0-9f5f-43765f4c97cc,21,Reglamento (RIPA),0,0,0,0.00,0.00,"De acuerdo con la Regla 21, “Definiciones”, de la Parte C “Luces y marcas” del RIPA, la «luz centell"
15ee85ce-5674-4233-b335-7d837b056d6d,21,Reglamento (RIPA),0,0,0,0.00,0.00,En caso de ver por nuestra proa las dos luces de tope de un barco enfiladas y sus dos luces de costa
184ea3a3-91b7-4bc1-b08a-cbad181d6c43,21,Reglamento (RIPA),0,0,0,0.00,0.00,"Según la Regla 3 del RIPA, la expresión “buque sin gobierno” significa:"
e882a946-bc23-4617-8aae-2165394bfae5,21,Reglamento (RIPA),0,0,0,0.00,0.00,"Según la Regla 14 del RIPA, cuando dos buques de propulsión mecánica naveguen de vuelta encontrada a"
f10ff5f2-922f-429f-a004-6fa8eee2c8cf,21,Reglamento (RIPA),0,0,0,0.00,0.00,"De acuerdo a la Regla 16 del RIPA, maniobra del buque que cede el paso, todo buque que esté obligado"
762e4d7b-7618-4df8-84b0-4290b6a06de8,21,Reglamento (RIPA),0,0,0,0.00,0.00,"De acuerdo con la Regla 6 del RIPA, ¿cuál de las siguientes afirmaciones sobre la velocidad de segur"
9e9908cf-700a-497e-9262-9f3032fd8766,21,Reglamento (RIPA),0,0,0,0.00,0.00,"Si una embarcación de prácticos de 21 metros de eslora se va a desplazar, navegando por sus propios "
389c4133-fa66-4cc2-9d73-4449875bffaf,21,Reglamento (RIPA),0,0,0,0.00,0.00,"Navegando de noche en la Ría de Vigo, visualizamos por proa, cada vez más cerca, únicamente una luz "
ac686b67-39ae-42ce-92bc-a0dbc89ce020,21,Reglamento (RIPA),0,0,0,0.00,0.00,"Conforme a la Regla 10 del RIPA, “Dispositivos de separación del tráfico”, un buque con capacidad de"
1d405f40-45e8-4755-87d0-8d2348532de2,21,Reglamento (RIPA),0,0,0,0.00,0.00,"Según la Regla 35.b del RIPA, un buque de propulsión mecánica en navegación, pero parado y sin arran"
81da69c9-c75b-476d-b80f-aef7b3d5b5d6,21,Reglamento (RIPA),0,0,0,0.00,0.00,"Según la Regla 35.b del RIPA, un buque de propulsión mecánica en navegación, pero parado y sin arran"
6914a7f2-4957-4107-bf74-291abe24a03a,21,Reglamento (RIPA),0,0,0,0.00,0.00,"De acuerdo con la Regla 24.a del RIPA, “Buques remolcando y empujando”, si observamos un buque de pr"
1f22d70f-81e7-413b-b668-7e260aae905f,21,Reglamento (RIPA),0,0,0,0.00,0.00,"Según la regla 21 del RIPA, “Definiciones” de la Parte C. Luces y marcas, ¿en qué arco del horizonte"
0e70d255-8b49-4cd3-85c1-cd01ef10f1e3,21,Reglamento (RIPA),0,0,0,0.00,0.00,"De acuerdo con la Regla 28 del RIPA, si observamos un buque exhibiendo en el lugar más visible, tres"
5b005f8f-4713-4e83-aa61-4d0fbf19eda6,21,Reglamento (RIPA),0,0,0,0.00,0.00,"De acuerdo con la Regla 16 del RIPA, Maniobra del buque que “cede el paso”:"
ac40a446-9556-48e3-b563-e605a4d2ff8d,21,Reglamento (RIPA),0,0,0,0.00,0.00,"Conforme a la Regla 30 del RIPA, los buques fondeados exhibirán en el lugar más visible:"
23da9a21-bc60-4e3c-bb04-a480317728a6,21,Reglamento (RIPA),0,0,0,0.00,0.00,"Según la Regla 33.a del RIPA, “Equipo para señales acústicas”, ¿qué deberá llevar un buque de 24"
291ead8e-4771-4233-afe5-625dcbd105e9,21,Reglamento (RIPA),0,0,0,0.00,0.00,"Según el Anexo IV del RIPA, para la identificación desde el aire, se utilizará:"
071b49ce-cb37-4a44-a9ff-029da9212d69,21,Reglamento (RIPA),0,0,0,0.00,0.00,"Conforme a la Regla 15 del RIPA, “Situación «de cruce»”, indique cuál de las siguientes afirmaciones"
675cbff2-a5cf-489f-80c8-2bf1830703b7,21,Reglamento (RIPA),0,0,0,0.00,0.00,"Conforme a lo indicado en la Regla 34 del RIPA “Señales de maniobra y advertencia”, si un buque comp"
25773b0e-1c5e-49ed-a0b3-8e59836fd83c,21,Reglamento (RIPA),0,0,0,0.00,0.00,"Conforme a la Regla 18 del RIPA, “Obligaciones entre categorías de buques”, si se encuentran navegan"
42da2670-a169-496f-ba7d-fb897d8ae305,21,Reglamento (RIPA),0,0,0,0.00,0.00,"De acuerdo con la Regla 35.a) del RIPA, en las proximidades o dentro de una zona de visibilidad redu"
88ff7e9c-560d-4cf5-8152-1ab130f360a0,21,Reglamento (RIPA),0,0,0,0.00,0.00,"De acuerdo con la Regla 24 del RIPA, “Buques remolcando y empujando”, todo buque de propulsión mecán"
9dc64571-c17e-4124-9f6b-7d0f3431500f,21,Reglamento (RIPA),0,0,0,0.00,0.00,"De acuerdo a la Regla 18 del RIPA, sin perjuicio de lo dispuesto en otras reglas, los buques de vela"
6727b5f3-5280-47b7-ab61-7142570b45b2,21,Reglamento (RIPA),0,0,0,0.00,0.00,"Conforme a la Regla 27 del RIPA, ¿cuál de los siguientes conjuntos de luces debe exhibir en el lugar"
06936f3a-cec9-4a9f-a6ca-e06b83b59b51,21,Reglamento (RIPA),0,0,0,0.00,0.00,"De acuerdo con la Regla 3 del RIPA, se consideran “buques con capacidad de maniobra restringida” a:"
ba0ca21b-ef88-41a0-9457-39e5cb70f8b5,21,Reglamento (RIPA),0,0,0,0.00,0.00,"De acuerdo con la Regla 35.e del RIPA, en las proximidades o dentro de una zona de visibilidad reduc"
d6c9d782-d94c-419b-80e8-cc0e633291aa,21,Reglamento (RIPA),0,0,0,0.00,0.00,"Navegando de Cádiz a Málaga en un yate de 22 metros de eslora, se observa que se va a transitar una "
6a3b6d98-f96c-439b-801e-c55192dd4816,21,Reglamento (RIPA),0,0,0,0.00,0.00,"Según la Regla 10 del RIPA, los buques que utilicen un dispositivo de separación del tráfico deberán"
4dad2915-a2fa-4f02-ad5c-2654bc53d9c8,21,Reglamento (RIPA),0,0,0,0.00,0.00,"Según la Regla 9 del RIPA, Canales angostos, ¿qué tipo de buque NO estorbará el tránsito de ningún o"
98685624-1f53-4f84-95ab-27a37e423e54,22,Reglamento (RIPA),0,0,0,0.00,0.00,"De acuerdo con la Regla 21.b del RIPA, en los buques de eslora inferior a 20 metros, las luces de co"
aa04e2a6-e277-4d5b-92ee-34d394470b83,22,Reglamento (RIPA),0,0,0,0.00,0.00,"Según la Regla 23 del RIPA, los aerodeslizadores cuando operen en la condición sin desplazamiento, a"
fef12ac1-275d-42da-8e9f-861fd0bb0caa,22,Reglamento (RIPA),0,0,0,0.00,0.00,"Según el Anexo IV del RIPA, ¿qué señal podríamos utilizar para indicar peligro o necesidad de ayuda?"
bb782e94-ac3e-4e3c-8b85-12319a55ec24,22,Reglamento (RIPA),0,0,0,0.00,0.00,"Según la regla 26 del RIPA, “Buques de pesca”, ¿qué luces exhibirá un buque de eslora mayor de 50"
889d5b81-b37b-420f-95ea-7f8e672b1c52,22,Reglamento (RIPA),0,0,0,0.00,0.00,"Conforme a la Regla 23 del RIPA, “Buques de propulsión mecánica en navegación”, si navegamos nudos, "
efd0504a-d960-49d8-9244-b23b673e75e8,22,Reglamento (RIPA),0,0,0,0.00,0.00,"De acuerdo con la Regla 24.a.i del RIPA, todo buque de propulsión mecánica cuando remolque a otro ex"
b32c79ef-61bb-4c2c-80df-34a54e182298,22,Reglamento (RIPA),0,0,0,0.00,0.00,"Según la Regla 30 del RIPA, “Buques fondeados y buques varados”, los buques fondeados exhibirán en l"
57f0dc79-0ae8-44a8-bf13-e8c142f848a5,22,Reglamento (RIPA),0,0,0,0.00,0.00,Navegando en un yate a motor al rumbo 178º se observa por proa un buque de recreo que también navega
942caa42-d807-4878-8d8f-8830024129a9,22,Reglamento (RIPA),0,0,0,0.00,0.00,"Según la Regla 35.g del RIPA, un buque que emite tres pitadas consecutivas, a saber, una corta, una "
bc354ffb-4ddd-4efc-9307-ccbaa5e9ae66,22,Reglamento (RIPA),0,0,0,0.00,0.00,"De acuerdo con la Regla 24 del RIPA, “Buques remolcando y empujando”, si navegando en una zona de de"
f7f1e353-c539-4b02-9f7f-8ab02af5b9bc,22,Reglamento (RIPA),0,0,0,0.00,0.00,"De acuerdo con la Regla 35.a) del RIPA, en las proximidades o dentro de una zona de visibilidad redu"
2d7327c7-c50d-4969-b4d0-50efc579ec97,22,Reglamento (RIPA),0,0,0,0.00,0.00,"En relación con las Reglas 12 y 17 de la sección II del RIPA, “Conducta de los buques que se encuent"
72498e81-3cae-40eb-be1c-28c199e67eda,22,Reglamento (RIPA),0,0,0,0.00,0.00,"De conformidad con la Regla 23 del RIPA, “Buques de propulsión mecánica en navegación”,
indicar toda"
f01e9434-9b1f-4457-a1f4-d5366d88ccc3,22,Reglamento (RIPA),0,0,0,0.00,0.00,"De acuerdo con la Regla 20 del RIPA, las reglas relativas a marcas:"
19cb3496-598a-44ac-80bb-01d94e44ef00,22,Reglamento (RIPA),0,0,0,0.00,0.00,"Según la Regla 34 del RIPA, “Señales de maniobra y advertencia”, cuando un buque lleve la luz utiliz"
4d1268c9-7ec0-4d75-865c-fd9d0fc9b9c7,22,Reglamento (RIPA),0,0,0,0.00,0.00,"Según lo indicado en la Regla 33 del RIPA “Equipo para señales acústicas”, si nos encontramos bordo?"
248c9e2a-24e1-48bc-81b6-2cf72317759e,22,Reglamento (RIPA),0,0,0,0.00,0.00,"De acuerdo con la Regla 13.b) del RIPA, todo buque que alcance a otro:"
75323c33-8335-40ad-a88a-8cd650143de3,22,Reglamento (RIPA),0,0,0,0.00,0.00,"De conformidad con la Regla 18 del RIPA, “Obligaciones entre categorías de buques”, si se encuentran"
7dead5a9-fa64-475c-b988-708c74696a22,22,Reglamento (RIPA),0,0,0,0.00,0.00,"Conforme a la Regla 6 del RIPA, “Velocidad de seguridad”, para determinar la velocidad de seguridad,"
b28f1622-5464-4f3b-b351-48c495349f1d,22,Reglamento (RIPA),0,0,0,0.00,0.00,"Según la Regla 34.d del RIPA, cuando varios buques a la vista unos de otros se aproximen, si un buqu"
43a9007b-1a14-4b8b-bf98-766377fe79af,22,Reglamento (RIPA),0,0,0,0.00,0.00,"Según en el Anexo IV del RIPA, ¿cuál de las siguientes señales NO indica peligro y necesidad de ayud"
7ebf6529-7086-44c3-84ee-1ea5f1fdd0ca,22,Reglamento (RIPA),0,0,0,0.00,0.00,"Según la Regla 9 del RIPA, los buques que naveguen a lo largo de un paso o canal angosto, ¿cuál de l"
cb57e348-6823-4897-a6a3-ffd45bd0a22d,22,Reglamento (RIPA),0,0,0,0.00,0.00,"Conforme a la Regla 18 del RIPA, “Obligaciones entre categorías de buques”, si nos encontramos naveg"
253a440f-a78f-4207-bec1-1b6d004f33b1,22,Reglamento (RIPA),0,0,0,0.00,0.00,"Conforme al Anexo IV del RIPA, “Señales de peligro”, para atraer la atención de los servicios aeroná"
9b7b530e-849f-417b-b4f9-bb255851d9ad,22,Reglamento (RIPA),0,0,0,0.00,0.00,"Conforme al Anexo IV del RIPA, ¿cuál de las siguientes señales es indicativa de peligro y necesidad "
96247a4f-4fda-43ec-954c-6ea7d3166863,22,Reglamento (RIPA),0,0,0,0.00,0.00,"De acuerdo con la Regla 18 del RIPA, “Obligaciones entre categorías de buques”, indique cuál de las "
de67b544-1c56-47cc-8cff-631a0075d486,22,Reglamento (RIPA),0,0,0,0.00,0.00,"Según el Anexo IV del RIPA, ¿qué señal del Código internacional de señales indica peligro?"
76551469-e978-427e-8608-ee00747ffafa,22,Reglamento (RIPA),0,0,0,0.00,0.00,"Según el anexo IV del RIPA, ¿cuál de las siguientes señales indica peligro y necesidad de ayuda?"
a930cc20-5a28-4309-83d8-460055c3c48c,22,Reglamento (RIPA),0,0,0,0.00,0.00,"De acuerdo a la Regla 18 del RIPA, obligaciones entre categorías de buques, sin perjuicio de lo disp"
7af0c046-960f-42cf-be3c-71614c2f5f79,22,Reglamento (RIPA),0,0,0,0.00,0.00,"Conforme a la Regla 6 del RIPA, “Velocidad de seguridad”, para determinar la velocidad de seguridad,"
9a11bbdd-e85f-4779-8509-4384329cf8c5,22,Reglamento (RIPA),0,0,0,0.00,0.00,"Conforme a la Regla 12 del RIPA, “Buques de vela”, cuando dos buques de vela se aproximen uno al otr"
056a8cd1-3744-4260-99d5-5862360097f5,22,Reglamento (RIPA),0,0,0,0.00,0.00,"De acuerdo con la Regla 25 del RIPA, “Buques de vela en navegación y embarcaciones de remo”, si una "
ce82cefd-c218-4efc-81f0-ce120756041e,22,Reglamento (RIPA),0,0,0,0.00,0.00,"De acuerdo a la Regla 15 del RIPA, cuando dos buques de propulsión mecánica se crucen con riesgo de "
aed2ea34-165f-4c7d-9e2c-b665c6ffe1b7,22,Reglamento (RIPA),0,0,0,0.00,0.00,"De acuerdo con la Regla 20 del RIPA, “Ámbito de aplicación” de la Parte C. Luces y Marcas, señale la"
1b0bf3e4-3f9e-4b6f-a7ec-d2b0aa9c0be4,22,Reglamento (RIPA),0,0,0,0.00,0.00,"Según lo indicado en la Regla 37 del RIPA “Señales de peligro”, ¿cuál de las siguientes señales util"
7ed25791-9a6d-4869-8d51-7987e0c729d8,22,Reglamento (RIPA),0,0,0,0.00,0.00,"Aproximándose, vemos un buque remolcando a otro. En esta situación, y atendiendo a la Regla 27 del R"
4e50efba-5177-4551-b499-ed9e8f2a3a4d,22,Reglamento (RIPA),0,0,0,0.00,0.00,"Según la Regla 15 del RIPA, cuando dos buques de propulsión mecánica se crucen con riesgo de abordaj"
2ef530c1-84e1-4135-9d52-509e501280a5,22,Reglamento (RIPA),0,0,0,0.00,0.00,"De acuerdo con la Regla 20 del RIPA, “Ámbito de aplicación” de luces y marcas, ¿cuál de las siguient"
f62d3bfc-a3a5-4a95-8193-07c72b9af2c2,22,Reglamento (RIPA),0,0,0,0.00,0.00,"Según la Regla 14 del RIPA, cuando dos buques de propulsión mecánica naveguen de vuelta encontrada a"
a0f6ac46-257c-4051-8dd7-f18dc549730b,22,Reglamento (RIPA),0,0,0,0.00,0.00,"De conformidad con la regla 28 del RIPA, “Buques de propulsión mecánica restringidos por su calado”,"
fb5d168b-5747-499f-a12e-2d46d7cc4a10,22,Reglamento (RIPA),0,0,0,0.00,0.00,"Conforme a la Regla 15 del RIPA, “Situación de cruce”, en navegación nocturna, se considera que exis"
58a7b642-6f90-4d2f-8d08-97edf45fe0cd,22,Reglamento (RIPA),0,0,0,0.00,0.00,"Según la Regla 19 del RIPA, “Conducta de los buques en condiciones de visibilidad reducida”, ¿cuál d"
a0cb1a2b-0b5f-4fa6-a7fc-c79f07a93858,22,Reglamento (RIPA),0,0,0,0.00,0.00,"Conforme a la Regla 3 del RIPA, “Definiciones generales”, un “buque dedicado a la pesca” significa t"
43f79f69-37fc-4fa0-a771-06c776dcb9e6,22,Reglamento (RIPA),0,0,0,0.00,0.00,"Según la Regla 18.b del RIPA, los buques de vela, en navegación, se mantendrán apartados de la derro"
91edb2b5-f468-4b9b-ab73-2817658dfcba,22,Reglamento (RIPA),0,0,0,0.00,0.00,"De acuerdo con la Regla 23.c del RIPA, la luz roja centelleante todo horizonte de gran intensidad se"
a4b72926-4612-4bb1-8492-c9355d87220f,22,Reglamento (RIPA),0,0,0,0.00,0.00,"De acuerdo con la Regla 7 del RIPA, Riesgo de abordaje, ¿cuál de las siguientes afirmaciones es CORR"
fb5cbad3-da9d-4b97-8824-24b0b2d56353,22,Reglamento (RIPA),0,0,0,0.00,0.00,"Según la Regla 14 del RIPA, Situación de vuelta encontrada, en navegación nocturna, se considera que"
d162ae5d-b732-4491-8d2b-c967b3e94aef,22,Reglamento (RIPA),0,0,0,0.00,0.00,Nos encontramos a bordo de una embarcación a motor a rumbo 359º y tenemos otra embarcación que naveg
7ef2aadf-724b-4297-b196-32b48915ffd3,22,Reglamento (RIPA),0,0,0,0.00,0.00,"De acuerdo a la Regla 18 del RIPA - Obligaciones entre categorías de buques, sin perjuicio de lo dis"
d45bdae7-b578-4e5a-acdc-8445b7ff5136,22,Reglamento (RIPA),0,0,0,0.00,0.00,"Estando usted navegando a vela por la Ría de Muros, se le aproxima otro buque de vela con riesgo de "
dc59290b-b0a7-4447-8856-27e74db00ef1,22,Reglamento (RIPA),0,0,0,0.00,0.00,"De acuerdo con la Regla 34.a del RIPA, un buque de propulsión mecánica en navegación que esté a la v"
8491021f-8066-4997-8861-eafb2aaa52fd,22,Reglamento (RIPA),0,0,0,0.00,0.00,"De conformidad con la Regla 17 del RIPA, “Maniobra del buque que sigue a rumbo”, señale la afirmació"
2d86ef6e-4c08-4040-b7c6-1324716ba204,23,Reglamento (RIPA),0,0,0,0.00,0.00,"Con arreglo a la Regla 20.d del RIPA, las reglas relativas a las marcas deberán cumplirse:"
b7981c30-5609-4ca4-815e-3d5b89858726,23,Reglamento (RIPA),0,0,0,0.00,0.00,"De acuerdo con la Regla 21 del RIPA, “Definiciones”, la “luz de remolque” es una luz:"
9ee328e5-c70e-45fe-acf5-f146d30d09a9,23,Reglamento (RIPA),0,0,0,0.00,0.00,"Según la Regla 18 del RIPA, “Obligaciones entre categorías de buques”, los buques de vela, en navega"
4c415811-a974-4d32-87c2-cbdfe6501735,23,Reglamento (RIPA),0,0,0,0.00,0.00,"De conformidad con la Regla 23 del RIPA, “Buques de propulsión mecánica en navegación”, ¿cuándo es o"
ecde8360-9c24-4339-91fd-6114b16cd961,23,Reglamento (RIPA),0,0,0,0.00,0.00,"De acuerdo a la Regla 16 del RIPA, maniobra del buque que cede el paso, todo buque que esté obligado"
fbc841fc-2866-4c14-98da-f51024a23841,23,Reglamento (RIPA),0,0,0,0.00,0.00,"Según la Regla 34.d del RIPA, “Señales de maniobra y advertencia”, cuando varios buques a la vista u"
a55e926c-a16b-4543-b081-1919cdf10bf7,23,Reglamento (RIPA),0,0,0,0.00,0.00,"De acuerdo con la Regla 33.a del RIPA, la campana o el gong, o ambos, podrán:"
9f8676cd-9a1d-4476-ae1f-c54a0f1109e5,23,Reglamento (RIPA),0,0,0,0.00,0.00,"De acuerdo con la Regla 9 del RIPA, “Canales angostos”, si nos aproximamos a un recodo, en donde la "
8463afdb-880b-4377-a729-8753492c03bb,23,Reglamento (RIPA),0,0,0,0.00,0.00,"Conforme a la Regla 3 del RIPA, ¿cuál de los siguientes buques NO se incluiría en ningún caso dentro"
b9fe7fef-98e8-4632-9779-ac70d61d7181,23,Reglamento (RIPA),0,0,0,0.00,0.00,"Conforme al Anexo IV del RIPA, “Señales de peligro”, para atraer la atención de los servicios aeroná"
de5b1913-30d0-4ab5-ae18-d9fa19001ffd,23,Reglamento (RIPA),0,0,0,0.00,0.00,"Según la Regla 36 del RIPA, toda luz que se utilice para llamar la atención de otro buque será:"
5c7659fb-3d8e-41eb-bd94-3d73f123d4b0,23,Reglamento (RIPA),0,0,0,0.00,0.00,"De acuerdo a la Regla 16 del RIPA, maniobra del buque que cede el paso, todo buque que esté obligado"
84260b80-9a6b-4f43-9e5f-fd6342a8fd36,23,Reglamento (RIPA),0,0,0,0.00,0.00,"Según la Regla 9 del RIPA, los buques que naveguen a lo largo de un paso o canal angosto, ¿cuál de l"
0ac9bac3-eb9f-4b65-b5bb-18ecabc4530a,23,Reglamento (RIPA),0,0,0,0.00,0.00,"Según la Regla 10 del RIPA, “Dispositivos de separación del tráfico”, ¿qué buques NO utilizarán la z"
6df41e04-68bc-4cf2-aa60-56bbb1b5e3d7,23,Reglamento (RIPA),0,0,0,0.00,0.00,"Según la Regla 10 del RIPA, los buques dedicados a una operación de mantenimiento de la seguridad de"
04d1f377-5f25-47eb-b4e3-12b26f3df76b,23,Reglamento (RIPA),0,0,0,0.00,0.00,"De acuerdo con la Regla 21 del RIPA, la “luz centelleante” es una luz que produce centelleos a inter"
3e76c868-f200-4ce9-9733-023348876bae,23,Reglamento (RIPA),0,0,0,0.00,0.00,"De acuerdo con la Regla 10 del RIPA, “Dispositivos de separación del tráfico”, ¿en qué caso podrá co"
086872c3-86e2-4407-9214-19ac3feea65b,23,Reglamento (RIPA),0,0,0,0.00,0.00,"Según la Regla 14 del RIPA, Situación de vuelta encontrada, en navegación nocturna, se considera que"
8ce69d77-c51c-4646-bb5c-e9869d2ed4d5,23,Reglamento (RIPA),0,0,0,0.00,0.00,"Conforme a la Regla 3 del RIPA, la expresión `en navegación´ define a un buque que:"
e38b7343-c8ff-4a7c-af5f-7a3461f93b03,23,Reglamento (RIPA),0,0,0,0.00,0.00,"De acuerdo con la Regla 9 del RIPA, “Canales angostos”, ¿qué buques no estorbarán el tránsito de los"
005055a6-4d76-41ed-be2b-2c155ef66fbf,23,Reglamento (RIPA),0,0,0,0.00,0.00,"De acuerdo con la Regla 8 del RIPA, Maniobras para evitar el abordaje, ¿cuál de las siguientes afirm"
c77127d8-817c-4da1-be58-afbf4d229bc0,23,Reglamento (RIPA),0,0,0,0.00,0.00,"De acuerdo con la Regla 25.e del RIPA, un buque que navegue a vela, cuando sea también propulsado me"
de214037-6d84-45f6-94a6-b86a1e17a976,23,Reglamento (RIPA),0,0,0,0.00,0.00,"De acuerdo con la Regla 20 del RIPA, “Ámbito de aplicación de la parte C relativa a Luces y Marcas”,"
96c7daab-59eb-4442-af01-3f5a8dbf4d33,23,Reglamento (RIPA),0,0,0,0.00,0.00,"Según la Regla 17 del RIPA, maniobra del buque que sigue a rumbo, cuando uno de los dos buques deba "
3d0e5c48-11bb-48fb-94f5-52d324f71900,23,Reglamento (RIPA),0,0,0,0.00,0.00,"De acuerdo con la Regla 23 del RIPA, Buques de propulsión mecánica en navegación, los aerodeslizador"
abb4e265-a945-4d99-be96-a8a5b7675492,23,Reglamento (RIPA),0,0,0,0.00,0.00,"Según la Regla 14 del RIPA, cuando dos buques de propulsión mecánica naveguen de vuelta encontrada a"
fe19e624-e886-4a46-b76d-c244b531c9a8,23,Reglamento (RIPA),0,0,0,0.00,0.00,"De acuerdo con la Regla 32.a) del RIPA, la palabra «pito» significa todo dispositivo:"
74d0eb0a-93b4-463f-9fe1-c0f39df7ad2c,23,Reglamento (RIPA),0,0,0,0.00,0.00,"Conforme a lo indicado en la Regla 34 del RIPA “Señales de maniobra y advertencia”, si un buque comp"
121450b0-b185-4304-a719-694cb1353829,23,Reglamento (RIPA),0,0,0,0.00,0.00,"De acuerdo con la Regla 26.b.i) del RIPA, los buques dedicados a la pesca de arrastre, es decir, rem"
d677e7f2-0f16-4548-bb61-001b48e1381d,23,Reglamento (RIPA),0,0,0,0.00,0.00,"De acuerdo con la Regla 21.a del RIPA, la definición, “luz blanca colocada sobre el eje longitudinal"
16153749-1240-4cd0-b1e3-657309d55387,23,Reglamento (RIPA),0,0,0,0.00,0.00,"De acuerdo con la Regla 19 del RIPA “Conducta de los buques en condiciones de visibilidad reducida”,"
fdce23a9-e9b4-4644-aaa9-63958fb6b155,23,Reglamento (RIPA),0,0,0,0.00,0.00,"Conforme a la Regla 9 del RIPA, “Canales angostos”, los buques que se aproximen a un canal angosto e"
ba4840f2-2457-4589-95c1-63f42efd53f7,23,Reglamento (RIPA),0,0,0,0.00,0.00,"Según la Regla 9 del RIPA, los buques que naveguen a lo largo de un paso o canal angosto, ¿cuál de l"
77d4644d-1c2b-4e0f-a808-8bdecc6735a2,23,Reglamento (RIPA),0,0,0,0.00,0.00,"Navegando de noche cerca de la Punta de Sa Pedrera, distinguimos cada vez más cerca de nuestra popa "
cb898e86-7ccb-4946-9cbe-c42029fc0667,23,Reglamento (RIPA),0,0,0,0.00,0.00,"Según la regla 24 del RIPA, “Buques remolcando y empujando”, ¿qué luces exhibirá un buque remolcado "
7cb8b87f-35b4-47ac-97f9-9d822de5b592,23,Reglamento (RIPA),0,0,0,0.00,0.00,"De acuerdo con la Regla 20 del RIPA, “Ámbito de aplicación de la parte C relativa a Luces y Marcas”,"
f219160a-9f3f-4e4b-93c3-7dd18f61b3ea,23,Reglamento (RIPA),0,0,0,0.00,0.00,"De acuerdo con la Regla 24 del RIPA, Buques remolcando y empujando, si observamos en un buque remolc"
642e7dee-eac3-46a8-a732-5cd87239b916,23,Reglamento (RIPA),0,0,0,0.00,0.00,"Conforme a la Regla 18 del RIPA, “Obligaciones entre categorías de buques”, indique cuál de las sigu"
1bcb78bd-d40b-4ecf-8e89-27a5bc8e193f,23,Reglamento (RIPA),0,0,0,0.00,0.00,"Según la Regla 4 del RIPA, la Regla 8 “Maniobras para evitar el abordaje” se aplica:"
8019cd1d-db88-4b7b-a146-3d218452d04d,23,Reglamento (RIPA),0,0,0,0.00,0.00,Navegando en una motora nos encontramos en una situación de cruce por nuestro costado de estribor co
8ebe6e5d-4dd0-41df-b93b-e935282c9581,23,Reglamento (RIPA),0,0,0,0.00,0.00,"Según la regla 26 del RIPA, “Buques de pesca”, ¿qué luces exhibirá de noche un buque dedicado a la p"
a9bb1555-c324-4ceb-8803-e0207ba46c56,23,Reglamento (RIPA),0,0,0,0.00,0.00,Navegando en una motora cerca del Cabo Matxitxako nos vemos envueltos en una posible situación de ri
91db008c-6b55-4502-9f9e-ac7f0b2ab01b,23,Reglamento (RIPA),0,0,0,0.00,0.00,"Navegando de noche cerca de la Punta de Sa Pedrera, distinguimos cada vez más cerca de nuestra popa "
90ef266b-fe34-41fe-94fb-e90fb6c6442b,23,Reglamento (RIPA),0,0,0,0.00,0.00,"Conforme a la Regla 10 del RIPA, “Dispositivos de separación del tráfico”, un buque de 24 metros de "
a3bd9d03-e42f-432f-9d25-1740d69231ca,23,Reglamento (RIPA),0,0,0,0.00,0.00,Si de noche fondeamos con nuestra embarcación de 6 metros de eslora en una zona alejada de cualquier
498a7dfb-014e-4a08-88a5-ee205dbc5c17,23,Reglamento (RIPA),0,0,0,0.00,0.00,"De acuerdo con la Regla 21 del RIPA, “Definiciones”, la “luz de tope” es una luz blanca colocada sob"
903df40f-2bdc-4633-ae7f-6aae391b9128,23,Reglamento (RIPA),0,0,0,0.00,0.00,"En relación con las Reglas 12 y 17 de la sección II del RIPA, “Conducta de los buques que se encuent"
04374311-ddbf-4216-b18c-88ab097bfd07,23,Reglamento (RIPA),0,0,0,0.00,0.00,"Según la Regla 24.a.v) del RIPA, cuando un buque de propulsión mecánica que remolque a otro exhiba u"
150af3f2-5db3-4932-b4c1-fb4ed346aa38,23,Reglamento (RIPA),0,0,0,0.00,0.00,"De acuerdo a su Regla 1 - Ámbito de aplicación, del RIPA, este Reglamento se aplicará a todos los bu"
ceaa38d7-efd9-418d-abb4-fb8bf00bee0d,23,Reglamento (RIPA),0,0,0,0.00,0.00,"Según la Regla 9 del RIPA, en relación con los buques que naveguen a lo largo de un paso o canal ang"
49e30c4f-c552-4d2a-989c-e333fd87c2bf,23,Reglamento (RIPA),0,0,0,0.00,0.00,"A efectos de la Regla 3 del RIPA, ¿puede ser considerado un ""buque de vela"" como un ""buque de propul"
06a82377-4ef7-456e-813b-b181624794bf,23,Reglamento (RIPA),0,0,0,0.00,0.00,"Conforme al anexo IV del RIPA “Señales de peligro”, ¿cuál de las siguientes señales indica peligro y"
5d267d69-1a24-452a-b09a-c4cdb71cb9cf,24,Reglamento (RIPA),0,0,0,0.00,0.00,"Conforme a la Regla 10 del RIPA, “Dispositivos de separación del tráfico”, un buque de 15 metros de "
c69512a1-1201-4c46-998f-f5537d1341b7,24,Reglamento (RIPA),0,0,0,0.00,0.00,"De conformidad con la Regla 16 del RIPA, “Maniobra del buque que «cede el paso»”, si estamos obligad"
c5e9abde-a996-4320-b6a0-37a94c650f5d,24,Reglamento (RIPA),0,0,0,0.00,0.00,"Conforme a la Regla 21 del RIPA, “Definiciones”, la “luz de alcance” es:"
84640718-4fd5-4d03-8503-b70baacdf069,24,Reglamento (RIPA),0,0,0,0.00,0.00,"Según la Regla 27.b del RIPA, ¿qué buque exhibe tres luces todo horizonte en línea vertical, siendo "
62d0be13-5e98-4c1e-9f81-65b74121f954,24,Reglamento (RIPA),0,0,0,0.00,0.00,"Según la Regla 34.e del RIPA, los buques que se aproximen a un recodo o zona de un paso o canal en d"
b3592c12-d1b2-4b0a-97b0-f6642bc23a7c,24,Reglamento (RIPA),0,0,0,0.00,0.00,"Según la Regla 33.b del RIPA, ¿qué buques podrán sustituir el pito por otros medios para hacer señal"
c839256c-aa10-4c3f-a62c-16bcaceb4c5a,24,Reglamento (RIPA),0,0,0,0.00,0.00,"Señale la afirmación INCORRECTA. De acuerdo con la Regla 19 del RIPA, “Conducta de los buques en con"
ca935315-35b0-4c0b-a72b-4292d378bd51,24,Reglamento (RIPA),0,0,0,0.00,0.00,"De acuerdo a la Regla 23 del RIPA, los buques de propulsión mecánica en navegación exhibirán una seg"
ec658bf6-7c8a-4b08-8a38-ce0c35e4b282,24,Reglamento (RIPA),0,0,0,0.00,0.00,"Con arreglo a la Regla 35.a del RIPA, un buque de propulsión mecánica, con arrancada, emitirá de noc"
302d2e1d-b6af-49d8-86fb-076de03e657d,24,Reglamento (RIPA),0,0,0,0.00,0.00,"Conforme a la Regla 25 del RIPA, “Buques de vela en navegación y embarcaciones de remo”, los luces:"
5b84dc85-f694-4ffc-8c61-ce446eaecbe2,24,Reglamento (RIPA),0,0,0,0.00,0.00,"Según la Regla 33.a del RIPA, “Equipo para señales acústicas”, ¿qué deberá llevar un buque de 24"
8ff54857-473f-41ad-9074-77d9bc7aad40,24,Reglamento (RIPA),0,0,0,0.00,0.00,"Conforme a la Regla 24 del RIPA, “Buques remolcando y empujando”, todo buque de propulsión mecánica,"
cd038da6-df02-4c5e-b1cf-21b3814ae454,24,Reglamento (RIPA),0,0,0,0.00,0.00,"De conformidad con la Regla 21 del RIPA, “Definiciones de la parte C relativa a Luces y Marcas”, la "
449f53bc-2352-4fd3-a96d-ca328e0940db,24,Reglamento (RIPA),0,0,0,0.00,0.00,"Según la Regla 34.b del RIPA, cuando se lleven señales luminosas para complementar las pitadas presc"
a531bbf8-5132-407c-b3b0-0dd13e9b53bc,24,Reglamento (RIPA),0,0,0,0.00,0.00,"Conforme a la Regla 17 del RIPA, “Maniobra del buque que «sigue a rumbo»”, indique cuál de las sigui"
826241f9-7f5d-47a6-b826-e43fd3883678,24,Reglamento (RIPA),0,0,0,0.00,0.00,"Según la Regla 34.b.iii del RIPA, cuando se lleve, la luz utilizada para las señales de maniobra y a"
64f649ab-ba44-4c91-9e97-d69cfac817c5,24,Reglamento (RIPA),0,0,0,0.00,0.00,"Según la Regla 14 del RIPA, “Situación de vuelta encontrada”, cuando dos buques de propulsión mecáni"
4b93ddda-35ef-4b04-a22d-5ec53bf5559f,24,Reglamento (RIPA),0,0,0,0.00,0.00,"De acuerdo a su Regla 1 - Ámbito de aplicación, del RIPA, este Reglamento se aplicará a todos los bu"
cab76c64-3346-4f5a-80b7-7b3009f4c35d,24,Reglamento (RIPA),0,0,0,0.00,0.00,"De acuerdo con la Regla 21 del RIPA, “Definiciones”, la “luz de tope” es una luz blanca colocada sob"
8b4a514c-67fd-4150-b923-b7f0cdc8ecbf,24,Reglamento (RIPA),0,0,0,0.00,0.00,"Conforme a la Regla 10 del RIPA, “Dispositivos de separación del tráfico”, un buque con capacidad de"
495f25ce-ebe0-45fb-bccd-c25cfc42568a,24,Reglamento (RIPA),0,0,0,0.00,0.00,"Conforme a la Regla 3 del RIPA, “Definiciones generales”, la expresión “buque con capacidad de manio"
726ab2fe-de72-46f9-9892-86593a32f21e,24,Reglamento (RIPA),0,0,0,0.00,0.00,"De acuerdo con la Regla 37 del RIPA, cuando un buque esté en peligro y requiera ayuda, utilizará o e"
61ca9b2c-a20f-4902-a92b-25b491a8ca8e,24,Reglamento (RIPA),0,0,0,0.00,0.00,Navegando en zona de visibilidad reducida oímos una pitada larga a intervalos que no exceden de dos 
e3aa09d9-eaa2-4812-8048-a49c85e8ced4,24,Reglamento (RIPA),0,0,0,0.00,0.00,"Según la Regla 18 del RIPA, Obligaciones entre categorías de buques, sin perjuicio de lo dispuesto e"
85702ed2-db4c-48c0-8d64-13683b2645c3,24,Reglamento (RIPA),0,0,0,0.00,0.00,"Según el Anexo IV del RIPA, ¿cuál de las siguientes señales NO es una señal de peligro?"
189f5dac-d581-4c5d-b723-048d280cf567,24,Reglamento (RIPA),0,0,0,0.00,0.00,"Según el Anexo IV del RIPA, se puede utilizar como señal de peligro una señal SOS del Código Morse e"
033dcda4-5b7b-4a58-8bf6-eacaa0029c6e,24,Reglamento (RIPA),0,0,0,0.00,0.00,"Si nos encontramos navegando de día y visualizamos a un buque que, en el lugar más visible, exhibe d"
a4463168-ba49-499a-b83c-9722c24ed7ee,24,Reglamento (RIPA),0,0,0,0.00,0.00,"De acuerdo con la Regla 34.c del RIPA, cuando dos buques se encuentran a la vista uno del otro en un"
3ff4107b-a024-4e29-bb40-4f29b2755d7c,24,Reglamento (RIPA),0,0,0,0.00,0.00,"Según la Regla 3 del RIPA, Definiciones generales, a los efectos de este Reglamento, excepto cuando "
67c46a47-2b1f-4517-b422-e4b5f479ad04,24,Reglamento (RIPA),0,0,0,0.00,0.00,"Según la Regla 2 del RIPA, Responsabilidad, en la interpretación y cumplimiento del presente Reglame"
89f0309b-2140-49ae-a32b-906b94cf5e09,24,Reglamento (RIPA),0,0,0,0.00,0.00,"Conforme a la Regla 3 del RIPA, ¿cuál de los siguientes buques NO se incluiría en ningún caso dentro"
088b44db-0755-4342-a4f1-05b72b80af21,24,Reglamento (RIPA),0,0,0,0.00,0.00,"De acuerdo con la Regla 21 del RIPA, “Definiciones”, la luz blanca colocada sobre el eje longitudina"
dc90863c-887a-4a55-b7d7-d71d888a2d4c,24,Reglamento (RIPA),0,0,0,0.00,0.00,"Conforme a la Regla 18 del RIPA, “Obligaciones entre categorías de buques”, si nos encontramos naveg"
63cc3798-074b-4d82-9e43-791676b72324,24,Reglamento (RIPA),0,0,0,0.00,0.00,"Según la Regla 9 del RIPA, los buques que naveguen a lo largo de un paso o canal angosto, ¿cuál de l"
eeecb422-09b8-41de-9692-eb4f08176043,24,Reglamento (RIPA),0,0,0,0.00,0.00,"De acuerdo con la Regla 15 del RIPA, “Situación de cruce”, y la Regla 16, “Maniobra del buque que ce"
709f3db1-791f-45c3-bea2-59662c2c748c,24,Reglamento (RIPA),0,0,0,0.00,0.00,"Conforme a la Regla 12 del RIPA, “Buques de vela”, cuando dos buques de vela se aproximen uno al otr"
b8c90a95-dc54-4873-914b-5999723ebacf,24,Reglamento (RIPA),0,0,0,0.00,0.00,"Conforme a la Regla 3 del RIPA, “Definiciones generales”, la palabra “buque” designa:"
d82167f3-958b-469b-a8bc-4ebaf282a3ad,24,Reglamento (RIPA),0,0,0,0.00,0.00,"Según la Regla 34.d del RIPA, “Señales de maniobra y advertencia”, cuando varios buques a la vista u"
f0779571-6099-4912-9906-862b76649e48,24,Reglamento (RIPA),0,0,0,0.00,0.00,"Según la Regla 2 del RIPA, respecto de la responsabilidad derivada de negligencias en el cumplimient"
d2b530d5-7d44-4d57-b7a5-9d3f686a9c9c,24,Reglamento (RIPA),0,0,0,0.00,0.00,"Según el Anexo IV del RIPA, “Señales de peligro”, ¿qué señal podríamos utilizar para facilitar la id"
c5901335-66d5-48d2-965a-4e5a4cbd94f7,24,Reglamento (RIPA),0,0,0,0.00,0.00,"De acuerdo con la Regla 10 del RIPA, “Dispositivos de separación del tráfico”, ¿en qué caso podrá co"
e6f8bd54-7514-4a0f-a3d3-6c8b163bafb1,24,Reglamento (RIPA),0,0,0,0.00,0.00,"Según la Regla 3 del RIPA, un buque sin arrancada, pero que no está ni fondeado, ni amarrado a tierr"
b77592a2-31f4-4090-8cd9-f5046a1f3ae9,24,Reglamento (RIPA),0,0,0,0.00,0.00,"Según la Regla 36 del RIPA, toda luz que se utilice para llamar la atención de otro buque será:"
106cce80-54f6-475e-8818-fe2c9a003946,24,Reglamento (RIPA),0,0,0,0.00,0.00,"De acuerdo a la Regla 19 del RIPA, salvo en los casos en que se haya comprobado que no existe riesgo"
b8fa780e-eee0-4c98-aa08-16c91a93dc7a,24,Reglamento (RIPA),0,0,0,0.00,0.00,"Según la Regla 7 del RIPA, Riesgo de abordaje, ¿cuál de las siguientes afirmaciones es CORRECTA?"
8ac608dd-80cb-4388-aac7-6e8e8926f8e4,24,Reglamento (RIPA),0,0,0,0.00,0.00,"Según la Regla 15 del RIPA, cuando dos buques de propulsión mecánica se crucen con riesgo de abordaj"
a67cf75a-b67d-444b-a0ca-a854c8fcedd5,24,Reglamento (RIPA),0,0,0,0.00,0.00,"De acuerdo con la regla 23 del RIPA, “Buques de propulsión mecánica en navegación”, si navegando de "
e7781e26-ff2c-4ae3-8f19-f378c9c19d5c,24,Reglamento (RIPA),0,0,0,0.00,0.00,"De acuerdo con la Regla 24 del RIPA, “Buques remolcando y empujando”, si navegando en una zona de de"
b8b3a86c-1a07-49fd-b281-c632c7629c88,24,Reglamento (RIPA),0,0,0,0.00,0.00,"De acuerdo con la Regla 6 del RIPA, ¿cuál de las siguientes afirmaciones sobre la velocidad de segur"
27f4b8c8-718b-431b-adfe-d5cf46c345d9,24,Reglamento (RIPA),0,0,0,0.00,0.00,"De acuerdo con la Regla 17 del RIPA, cuando, por cualquier causa, el buque que haya de mantener su r"
96334ebd-059b-4266-b043-75d2884e8686,24,Reglamento (RIPA),0,0,0,0.00,0.00,"Según la Regla 9 del RIPA, en relación con los buques que naveguen a lo largo de un paso o canal ang"
4c3a0966-31b1-4802-af73-3f4f13a70f59,24,Reglamento (RIPA),0,0,0,0.00,0.00,"De acuerdo con la Regla 12 del RIPA, cuando dos buques de vela se aproximen uno al otro, con riesgo "
48bedeb1-a17d-4408-856b-e088005b19cf,24,Reglamento (RIPA),0,0,0,0.00,0.00,"De acuerdo con la Regla 25 del RIPA, “Buques de vela en navegación y embarcaciones de remo”, ¿cuál d"
cf590ab5-2fa2-461b-bcd9-909023826f70,25,Reglamento (RIPA),0,0,0,0.00,0.00,"Conforme a la Regla 3 del RIPA, “Definiciones generales”, un buque de vela significa todo buque nave"
7cad1fa4-d906-40f1-839e-a41d9d10078f,25,Reglamento (RIPA),0,0,0,0.00,0.00,"Según la Regla 4 del RIPA, la Regla 8 “Maniobras para evitar el abordaje” se aplica:"
ef1e5693-ddae-465e-b54c-a0e067bf6a20,25,Reglamento (RIPA),0,0,0,0.00,0.00,"De acuerdo con la Regla 24.a.i del RIPA, todo buque de propulsión mecánica cuando remolque a otro ex"
74ffae3d-42f4-4082-a8a7-1c019e3ce780,25,Reglamento (RIPA),0,0,0,0.00,0.00,"De acuerdo a la Regla 19 del RIPA, conducta de los buques en condiciones de visibilidad reducida:"
9cf7f919-4762-4b01-8614-8ae15b74143b,25,Reglamento (RIPA),0,0,0,0.00,0.00,"De acuerdo con la Regla 17 del RIPA, cuando, por cualquier causa, el buque que haya de mantener su r"
01ef962f-c8d0-4fca-b69a-769fc2bc5e8c,25,Reglamento (RIPA),0,0,0,0.00,0.00,"Según la Regla 3 del RIPA, la expresión “buque sin gobierno” significa:"
de722f1c-068e-401e-b1eb-eebdadc38bd0,25,Reglamento (RIPA),0,0,0,0.00,0.00,"Según lo indicado en la Regla 34 del RIPA “Señales y maniobra de emergencia”, si navegando de noche,"
1381449a-28d7-4c5c-bdb2-32967b32e889,25,Reglamento (RIPA),0,0,0,0.00,0.00,Navegando en zona de visibilidad reducida oímos una pitada larga a intervalos que no exceden de dos 
1d48eb2a-9dc9-4a96-84a7-f1d0de18c684,25,Reglamento (RIPA),0,0,0,0.00,0.00,"Según el Anexo IV del RIPA, se puede utilizar como señal de peligro una señal SOS del Código Morse e"
2e3c4256-a1fb-4d57-ba14-39521b0fea27,25,Reglamento (RIPA),0,0,0,0.00,0.00,"De acuerdo con la Regla 18 del RIPA, “Obligaciones entre categorías de buques”, indique cuál de las "
d9510b68-617b-461c-9b47-41be246bd59f,25,Reglamento (RIPA),0,0,0,0.00,0.00,"De acuerdo a la Regla 21 del RIPA, la “luz de tope” es:"
6033e1b6-27df-413d-88a2-86c83e1cf8c6,25,Reglamento (RIPA),0,0,0,0.00,0.00,"De acuerdo a la Regla 21 del RIPA, la “luz de tope” es:"
16c7eec4-bc9e-4db6-8b09-9830492f4075,25,Reglamento (RIPA),0,0,0,0.00,0.00,"De acuerdo con la Regla 6 del RIPA, ¿qué NO determina la velocidad de seguridad?"
023bfebc-db08-455e-b288-a1c848595848,25,Reglamento (RIPA),0,0,0,0.00,0.00,"Conforme a la Regla 23 del RIPA, “Buques de propulsión mecánica en navegación”, si navegamos nudos, "
ccf9fd94-a04b-491e-95ad-eea741d5e392,25,Reglamento (RIPA),0,0,0,0.00,0.00,"De acuerdo con la Regla 23 del RIPA, los buques de propulsión mecánica en navegación de eslora propu"
f67dce85-943e-48f8-a35d-f02c1f7b0b54,25,Reglamento (RIPA),0,0,0,0.00,0.00,Navegando con buena visibilidad por un canal angosto en una embarcación que solo puede navegar cruza
d1450210-7a96-4ab9-8fc1-43db92907d86,25,Reglamento (RIPA),0,0,0,0.00,0.00,"Según la Regla 35.g del RIPA, un buque que emite tres pitadas consecutivas, a saber, una corta, una "
15272c6d-cb78-41b7-bd81-5aee6fbdfaa8,25,Reglamento (RIPA),0,0,0,0.00,0.00,"Señale la afirmación INCORRECTA. De acuerdo con la Regla 19 del RIPA, “Conducta de los buques en con"
bef0fef4-b961-4d29-9f3a-8a4fb1711cb4,25,Reglamento (RIPA),0,0,0,0.00,0.00,"Según la Regla 12 del RIPA, cuando dos buques de vela se aproximen uno al otro, con riesgo de aborda"
7d0087a6-501d-4505-a307-c40aa47cfb77,25,Reglamento (RIPA),0,0,0,0.00,0.00,"Según la Regla 18 del RIPA, los buques de vela en navegación se mantendrán apartados de:"
edfc4fcc-0061-48d8-869d-c54c0dd394ad,25,Reglamento (RIPA),0,0,0,0.00,0.00,"De acuerdo con la Regla 28 del RIPA, además de las luces prescritas en la Regla 23 para los buques d"
a5deb75c-301b-4106-b359-1a05f7ef5013,25,Reglamento (RIPA),0,0,0,0.00,0.00,"De acuerdo con la Regla 24 del RIPA, “Buques remolcando y empujando”, todo buque de propulsión mecán"
ad8dceb8-7120-4b3a-8ab0-094d4429a6b2,25,Reglamento (RIPA),0,0,0,0.00,0.00,"Según la Regla 10 del RIPA, Dispositivos de separación del tráfico, ¿cuál es la manera correcta de t"
da60e0a3-c905-414f-8535-7d3a0dcf55ee,25,Reglamento (RIPA),0,0,0,0.00,0.00,"Según la Regla 8 del RIPA, maniobras para evitar el abordaje, ¿cuál de las siguientes afirmaciones e"
142db55a-4e52-47e8-aa9b-8e95529bb8a3,25,Reglamento (RIPA),0,0,0,0.00,0.00,"Según la Regla 13 del RIPA, “Buque que alcanza“, se considerará buque que alcanza a todo buque que s"
59e2a36c-b674-4240-9640-4ab7ba20541d,25,Reglamento (RIPA),0,0,0,0.00,0.00,"De acuerdo con la Regla 10 del RIPA, las embarcaciones que no utilizan un dispositivo de separación "
7ba9b4de-ca9b-4643-aef9-81d9a8620932,25,Reglamento (RIPA),0,0,0,0.00,0.00,"De acuerdo con la Regla 20.e del RIPA, las luces y marcas mencionadas en estas Reglas:"
5bd24b63-6e5a-477e-a706-7ab24eaf5cd7,25,Reglamento (RIPA),0,0,0,0.00,0.00,"Conforme a la Regla 2 del RIPA, “Responsabilidad”:"
d37be7ab-5176-4335-ac83-6fa496c718cb,25,Reglamento (RIPA),0,0,0,0.00,0.00,"Conforme a la Regla 34 del RIPA, “Señales de maniobra y advertencias”, ¿cuándo tendremos que complem"
d752a1f8-7367-4e28-bd13-af10d810e6ac,25,Reglamento (RIPA),0,0,0,0.00,0.00,"Navegando con una motora cerca de la Isla de Tabarca, se nos aproxima por popa un buque de vela con "
fbde9ff2-be47-445c-b787-336b1eaab226,25,Reglamento (RIPA),0,0,0,0.00,0.00,"Según la Regla 12 del RIPA, Buques de vela, si dos buques de vela se aproximan el uno al otro, con r"
abdab7f8-de94-4260-b520-461c55b6ccc2,25,Reglamento (RIPA),0,0,0,0.00,0.00,"Según la Regla 7 del RIPA, Riesgo de abordaje, ¿cuál de las siguientes afirmaciones es CORRECTA?"
702ddbd4-2f27-4724-8710-d22ad1322958,25,Reglamento (RIPA),0,0,0,0.00,0.00,"Según la regla 24 del RIPA, “Buques remolcando y empujando”, ¿qué luces exhibirá un buque remolcado "
3138df8e-b9a1-45b2-8eed-85a539c2b595,25,Reglamento (RIPA),0,0,0,0.00,0.00,"Según la Regla 10 del RIPA, dispositivos de separación del tráfico, los buques de eslora inferior a"
e17150c5-ab51-4065-af7f-a9db331a5910,25,Reglamento (RIPA),0,0,0,0.00,0.00,"De acuerdo con la regla 25 del RIPA, “Buques de vela en navegación y embarcaciones de remo”, un buqu"
6d28f2d1-b2f4-458d-8bb3-a9047c594106,25,Reglamento (RIPA),0,0,0,0.00,0.00,"De acuerdo con las Reglas 23 y 27 del RIPA, ¿qué conjunto de luces exhibirá de noche un buque de res"
bfe26a24-70bb-4f7e-93c0-3c0e69062a7c,25,Reglamento (RIPA),0,0,0,0.00,0.00,"Según la Regla 35 del RIPA, “Señales acústicas en visibilidad reducida”, en las proximidades o dentr"
d857c64e-071f-4518-8f52-9013c3211efc,25,Reglamento (RIPA),0,0,0,0.00,0.00,"Navegando a vela cerca de la Isla de Sálvora, nos vemos envueltos en una posible situación de riesgo"
37f087b0-3353-422b-a9f3-7b46a4944ce9,25,Reglamento (RIPA),0,0,0,0.00,0.00,"Según el anexo IV del RIPA, ¿cuál de las siguientes señales indica peligro y necesidad de ayuda?"
43acef95-1d4c-490c-b0a6-c32d61240e37,25,Reglamento (RIPA),0,0,0,0.00,0.00,"Según el Anexo IV del RIPA, “Señales de peligro”, ¿cómo podremos indicar peligro o necesidad de ayud"
86a2112d-dc8c-4f56-b7ca-f47dd0de60ac,25,Reglamento (RIPA),0,0,0,0.00,0.00,"Según la Regla 19 del RIPA, “Conducta de los buques en condiciones de visibilidad reducida”, ¿cuál d"
51a70655-31b0-4bc6-aeda-7dbd5bada491,25,Reglamento (RIPA),0,0,0,0.00,0.00,"Conforme a la Regla 18 del RIPA, “Obligaciones entre categorías de buques”, si nos encontramos naveg"
1bf2f5f4-ee8a-4be9-ac62-e0350e7d4b00,25,Reglamento (RIPA),0,0,0,0.00,0.00,"Conforme a la Regla 3 del RIPA, “Definiciones generales”, todo buque que, debido a la naturaleza de "
0ffa10ba-f390-4db8-90c9-b7d2dfc84124,25,Reglamento (RIPA),0,0,0,0.00,0.00,"Conforme al anexo IV del RIPA “Señales de peligro”, ¿cuál de las siguientes señales indica peligro y"
a3bb9116-efaf-4bc9-b001-de7e5d85d3f4,25,Reglamento (RIPA),0,0,0,0.00,0.00,"Conforme a la Regla 7 del RIPA, “Riesgo de abordaje”, se considerará que existe riesgo de abordaje s"
6d4e0aec-0a20-46d0-b849-1e70da191951,25,Reglamento (RIPA),0,0,0,0.00,0.00,"De acuerdo con la Regla 26 del RIPA, “Buques de pesca”, si observamos un buque dedicado a la pesca s"
f03c6d10-927d-4e0a-bf5b-f99fcaef0a45,25,Reglamento (RIPA),0,0,0,0.00,0.00,Según la regla 2 del RIPA:
f75cb3e9-5aae-44fb-bd1c-dabafa9b0295,25,Reglamento (RIPA),0,0,0,0.00,0.00,"Conforme a la Regla 3 del RIPA, “Definiciones generales”, todo buque que por cualquier circunstancia"
d749b1ea-8107-4330-b231-c8e40f09cf93,25,Reglamento (RIPA),0,0,0,0.00,0.00,"De acuerdo a la Regla 3 del RIPA - Definiciones generales, la palabra ""buque"" NO designa a:"
8d9fae7e-f90d-49b3-99c9-b3ff559fff79,25,Reglamento (RIPA),0,0,0,0.00,0.00,"De acuerdo con la Regla 31 del RIPA, Hidroaviones, si vemos un hidroavión exhibiendo luces posiciona"
0ed2778f-c494-4473-a695-6fc2787d808d,25,Reglamento (RIPA),0,0,0,0.00,0.00,"Conforme a la Regla 18 del RIPA, “Obligaciones entre categorías de buques”, si nos encontramos naveg"
ffb3eb18-073a-41ea-b6f2-e601b4532643,25,Reglamento (RIPA),0,0,0,0.00,0.00,"De acuerdo con la Regla 23.d.iii) del RIPA, la luz de tope o la luz blanca todo horizonte podrá apar"
fe4f5c32-3d26-4184-8e5a-922adb7afe07,25,Reglamento (RIPA),0,0,0,0.00,0.00,"Con arreglo a la Regla 20.d del RIPA, las reglas relativas a las marcas deberán cumplirse:"
b894229a-253f-434c-8c10-334a3c39f001,25,Reglamento (RIPA),0,0,0,0.00,0.00,"Según en el Anexo IV del RIPA, ¿cuál de las siguientes señales NO indica peligro y necesidad de ayud"
42298eca-3a85-4d51-bc1a-1719ab746a9f,25,Reglamento (RIPA),0,0,0,0.00,0.00,"Según la Regla 35 del RIPA, “Señales acústicas en visibilidad reducida”, en las proximidades o dentr"
088af540-9281-4842-9173-f2897cf3c74c,26,Reglamento (RIPA),0,0,0,0.00,0.00,"Conforme a la Regla 23 del RIPA, “Buques de propulsión mecánica en navegación”, los aerodeslizadores"
41670fb2-9627-486e-a91b-4972295f97f9,26,Reglamento (RIPA),0,0,0,0.00,0.00,"De acuerdo con la Regla 25 del RIPA, Buques de vela en navegación y embarcaciones de remo, las embar"
5c2a152c-890f-4d2c-88d3-df3f618fcc7b,26,Reglamento (RIPA),0,0,0,0.00,0.00,"Según el Anexo IV del RIPA, si observamos una señal consistente en una bandera cuadrada que tenga en"
dd1ddd6d-46ed-433c-b2b9-58d9e605f657,26,Reglamento (RIPA),0,0,0,0.00,0.00,"Según la Regla 2 del RIPA, Responsabilidad, en la interpretación y cumplimiento del presente Reglame"
c3dd0dae-483f-48ec-b924-b8d3a48fcec0,26,Reglamento (RIPA),0,0,0,0.00,0.00,"Según el Anexo IV del RIPA, si observamos una señal consistente en una bandera cuadrada que tenga en"
6d79a56c-839e-4f48-a415-a747f2cac33f,26,Reglamento (RIPA),0,0,0,0.00,0.00,"Conforme a la Regla 6 del RIPA, “Velocidad de seguridad”, ¿cuál de las siguientes afirmaciones es CO"
f9986438-d7fc-49e8-ad06-52dccec6fa51,26,Reglamento (RIPA),0,0,0,0.00,0.00,"De conformidad con la Regla 25 del RIPA, “Buques en vela en navegación y embarcaciones de remo”, ¿en"
fc5a48fd-9535-4fd1-873a-e97fc4b6e48d,26,Reglamento (RIPA),0,0,0,0.00,0.00,"Según la Regla 33.b del RIPA, Equipo para señales acústicas, los buques de eslora inferior a 12"
34860d23-54fd-4a7d-b7f8-de0ba31800a7,26,Reglamento (RIPA),0,0,0,0.00,0.00,"Según la Regla 30 del RIPA, “Buques fondeados y buques varados”, los buques fondeados exhibirán en l"
d1786cbe-ae87-4ae3-9582-4fc8312c205c,26,Reglamento (RIPA),0,0,0,0.00,0.00,"Según la Regla 17 del RIPA, maniobra del buque que sigue a rumbo, cuando uno de los dos buques deba "
89c1dc19-9aed-48be-b2d2-985d9193dab8,26,Reglamento (RIPA),0,0,0,0.00,0.00,"Según la Regla 36 del RIPA, Señales para llamar la atención, ¿qué señal luminosa es la más adecuada "
096500ad-e4da-4b66-b432-5499fca5d3bb,26,Reglamento (RIPA),0,0,0,0.00,0.00,"Conforme a lo indicado en la regla 34 del RIPA “Señales de maniobra y advertencia”, ¿cuál de las sig"
524355d8-0b15-456c-abce-9b757e00893d,26,Reglamento (RIPA),0,0,0,0.00,0.00,"Según lo indicado en la Regla 37 del RIPA “Señales de peligro”, ¿cuál de las siguientes señales util"
5e262b15-3377-4df1-82f2-86a67ad446d4,26,Reglamento (RIPA),0,0,0,0.00,0.00,"De acuerdo con la Regla 16 del RIPA, Maniobra del buque que “cede el paso”:"
086f5340-09a4-4ef9-b026-4ccd8444c0ad,26,Reglamento (RIPA),0,0,0,0.00,0.00,"Conforme a la Regla 30 del RIPA, los buques fondeados exhibirán en el lugar más visible:"
da344969-42c9-4b7b-9a5c-c3d13622676e,26,Reglamento (RIPA),0,0,0,0.00,0.00,"Según la Regla 7 del RIPA, riesgo de abordaje, ¿cuál de las siguientes afirmaciones es CORRECTA?"
126fc85e-22ed-44fa-970a-53ad9546b836,26,Reglamento (RIPA),0,0,0,0.00,0.00,"Según la Regla 14 del RIPA, “Situación de vuelta encontrada”, cuando dos buques de propulsión mecáni"
b7dac3ed-eff9-4c7c-9dec-f5d60fffb97f,26,Reglamento (RIPA),0,0,0,0.00,0.00,"Según la Regla 36 del RIPA “Señales para llamar la atención”, si estando en un buque necesitamos lla"
ebe4ea0f-e614-4f14-94b4-a2dd6511f4e2,26,Reglamento (RIPA),0,0,0,0.00,0.00,"Conforme a la Regla 18 del RIPA, “Obligaciones entre categorías de buques”, indique cuál de las sigu"
60681402-3273-4c7b-b44d-ffeae0ac0538,26,Reglamento (RIPA),0,0,0,0.00,0.00,"Si una embarcación de prácticos de 21 metros de eslora se va a desplazar, navegando por sus propios "
01d7ad7c-58ea-4c85-98d9-cc890b4c334a,26,Reglamento (RIPA),0,0,0,0.00,0.00,"De acuerdo con la Regla 21 del RIPA, “Definiciones”, la “luz de remolque” es una luz:"
af803809-7996-4a70-886f-04aace50f4b9,26,Reglamento (RIPA),0,0,0,0.00,0.00,"Conforme a la Regla 27 del RIPA, ¿cuál de los siguientes conjuntos de luces debe exhibir en el lugar"
529b0132-34ab-4180-9003-ae688891b141,26,Reglamento (RIPA),0,0,0,0.00,0.00,"Según la Regla 32 del RIPA, “Definiciones de Señales acústicas y luminosas”, la expresión «pitada la"
007f56f0-7bd1-4694-905e-2a63b6a929b1,26,Reglamento (RIPA),0,0,0,0.00,0.00,"Según la Regla 15 del RIPA, cuando dos buques de propulsión mecánica se crucen con riesgo de abordaj"
8e873d70-633c-4b36-9c6f-337a5fdfd889,26,Reglamento (RIPA),0,0,0,0.00,0.00,"El RIPA define en la Regla 3, “Definiciones generales”, la expresión “buque sin gobierno” como:"
b0cb3d37-f946-4ee9-897a-7762bc4dba2b,26,Reglamento (RIPA),0,0,0,0.00,0.00,"De acuerdo a la Regla 18 del RIPA, obligaciones entre categorías de buques, sin perjuicio de lo disp"
a3186c43-b6d7-4c13-ad77-b9c0752e8ce5,26,Reglamento (RIPA),0,0,0,0.00,0.00,"Según la regla 3 del RIPA. “Definiciones generales”, por “esloras” se entenderá:"
b99029d2-0cd3-4045-b45a-14c5fdd3f49c,26,Reglamento (RIPA),0,0,0,0.00,0.00,"De acuerdo con la Regla 17 del RIPA, “Maniobra del buque que sigue a rumbo”, indique cuál de las sig"
45a40ca7-eae8-44ec-8920-2ee39cd42271,26,Reglamento (RIPA),0,0,0,0.00,0.00,Navegando con buena visibilidad por un canal angosto en una embarcación que solo puede navegar cruza
034e1513-767e-40f8-b691-349ebab8a6b2,26,Reglamento (RIPA),0,0,0,0.00,0.00,"Según la Regla 27.b del RIPA, ¿qué buque exhibe tres luces todo horizonte en línea vertical, siendo "
da3f5e5f-c756-4c58-b49c-962bf9ed5229,26,Reglamento (RIPA),0,0,0,0.00,0.00,"Según el Anexo IV del RIPA, “Señales de peligro”, ¿cómo podremos indicar peligro o necesidad de ayud"
17fc5faf-b158-4a9b-991b-88c6a39d4e1c,26,Reglamento (RIPA),0,0,0,0.00,0.00,"Según la Regla 8.c) del RIPA, ¿qué maniobra puede ser la más eficaz para evitar una situación de apr"
fc34f04d-6b1a-4237-875d-bf12fe342f5b,26,Reglamento (RIPA),0,0,0,0.00,0.00,"De acuerdo con la Regla 21 del RIPA, la “luz de tope” es una luz:"
7f6ba9fb-1e6f-420f-b5a4-bc5ed4402a11,26,Reglamento (RIPA),0,0,0,0.00,0.00,"De conformidad con la Regla 25 del RIPA, “Buques en vela en navegación y embarcaciones de remo”, ¿en"
7d091313-971d-478e-8226-5a1278533839,26,Reglamento (RIPA),0,0,0,0.00,0.00,"Navegando a vela cerca de la Isla de Tambo, nos vemos envueltos en una posible situación de riesgo d"
32a5bb39-1193-441f-ac64-b99455377691,26,Reglamento (RIPA),0,0,0,0.00,0.00,"Según la Regla 10 del RIPA, los buques que utilicen un dispositivo de separación del tráfico deberán"
f2bf3620-337c-499c-a64a-496b66c44d89,26,Reglamento (RIPA),0,0,0,0.00,0.00,"Según la Regla 17 del RIPA, Maniobra del buque que “sigue a rumbo”:"
b31781b0-fa93-4a0b-8628-77906b2abbf3,26,Reglamento (RIPA),0,0,0,0.00,0.00,"Según la Regla 8.c) del RIPA, ¿qué maniobra puede ser la más eficaz para evitar una situación de apr"
6f4b7263-e162-47ad-a5cd-4f4831e0a560,26,Reglamento (RIPA),0,0,0,0.00,0.00,"De acuerdo con la Regla 21, “Definiciones”, de la Parte C “Luces y marcas” del RIPA, la «luz centell"
96f2cd88-269d-41ad-9e77-d9c31d8fdeb5,26,Reglamento (RIPA),0,0,0,0.00,0.00,Si navegando con niebla escuchamos una pitada larga a intervalos que no excedan de 2 minutos y cuatr
a093f2ab-a8e9-40ad-a3be-91c646a48690,26,Reglamento (RIPA),0,0,0,0.00,0.00,"Según la Regla 33.b del RIPA, ¿qué buques podrán sustituir el pito por otros medios para hacer señal"
b3e00e5b-b1ab-4f97-a471-3fad5b721625,26,Reglamento (RIPA),0,0,0,0.00,0.00,"Conforme a la Regla 24 del RIPA, “Buques remolcando y empujando”, todo buque de propulsión"
9c0dd731-380f-4256-921b-4f32bffe01db,26,Reglamento (RIPA),0,0,0,0.00,0.00,"De acuerdo con la Regla 23.d.iii) del RIPA, la luz de tope o la luz blanca todo horizonte podrá apar"
4a514149-b73e-4a41-bed9-f3806ca1e4bb,26,Reglamento (RIPA),0,0,0,0.00,0.00,"De acuerdo con la Regla 20 del RIPA, las reglas relativas a marcas:"
93155620-df2a-4da7-bab7-c88de4bd0ce5,26,Reglamento (RIPA),0,0,0,0.00,0.00,"De acuerdo con la Regla 7 del RIPA, Riesgo de abordaje, ¿cuál de las siguientes afirmaciones es CORR"
2b4d4b62-157f-4ef7-bce0-cb1d421fead3,26,Reglamento (RIPA),0,0,0,0.00,0.00,"Según la Regla 34.e del RIPA, los buques que se aproximen a un recodo o zona de un paso o canal en d"
3e6a78a7-fd96-4ef0-b062-38fd4a97c792,26,Reglamento (RIPA),0,0,0,0.00,0.00,"De acuerdo con la Regla 23 del RIPA, los buques de propulsión mecánica en navegación de eslora propu"
2a5b5d41-72a6-4921-8ae2-9812bdf25a80,26,Reglamento (RIPA),0,0,0,0.00,0.00,Nos encontramos navegando de noche con nuestra embarcación y visualizamos por proa un buque que mues
b3439efa-4362-4146-a0e1-17dc170e7655,26,Reglamento (RIPA),0,0,0,0.00,0.00,"De acuerdo con la Regla 18 del RIPA, “Obligaciones entre categorías de buques”, sin perjuicio de lo "
d94a49c3-4692-445b-afc0-3b13c46e7cd0,26,Reglamento (RIPA),0,0,0,0.00,0.00,"Conforme a la Regla 35.b del RIPA, “Señales acústicas en visibilidad reducida”, en las proximidades "
9558a0a6-37ed-45b1-80a4-f135ac13115a,26,Reglamento (RIPA),0,0,0,0.00,0.00,"Si de noche nos encontramos en nuestra embarcación arribando a puerto por un canal de entrada, y vis"
6d8bc136-96cb-41f7-a3cb-bb05f8c0bffb,26,Reglamento (RIPA),0,0,0,0.00,0.00,"Según la Regla 34.b.iii del RIPA, cuando se lleve, la luz utilizada para las señales de maniobra y a"
88754189-7f00-4f2b-8041-859a23d4b98d,27,Reglamento (RIPA),0,0,0,0.00,0.00,"De conformidad con la Regla 23 del RIPA, “Buques de propulsión mecánica en navegación”, ¿cuándo es o"
5d1eb38f-e812-433a-ae49-92452ac6be5b,27,Reglamento (RIPA),0,0,0,0.00,0.00,"Según el Anexo IV del RIPA, “Señales de peligro”, ¿qué señal podríamos utilizar para facilitar la id"
e5ec9112-cf3d-4599-8a75-1ff172a7796e,27,Reglamento (RIPA),0,0,0,0.00,0.00,"Según la Regla 15 del RIPA, cuando dos buques de propulsión mecánica se crucen con riesgo de abordaj"
264c33be-fa10-48c0-8395-3fe085e9a73d,27,Reglamento (RIPA),0,0,0,0.00,0.00,"De acuerdo con la Regla 7 del RIPA, “Riesgo de abordaje”, para determinar si existe riesgo de aborda"
628724fe-127e-4a3d-9de3-a5fc93f5e119,27,Reglamento (RIPA),0,0,0,0.00,0.00,"Conforme a la Regla 3 del RIPA, “Definiciones generales”, un “buque dedicado a la pesca” significa t"
465afe84-6604-4379-bf88-fa2cb985ae36,27,Reglamento (RIPA),0,0,0,0.00,0.00,"Según lo indicado en la Regla 34 del RIPA “Señales y maniobra de emergencia”, si navegando de noche,"
89e8832e-b156-493d-b33b-6c434de87bb5,27,Reglamento (RIPA),0,0,0,0.00,0.00,"De acuerdo con la Regla 33 del RIPA, “Equipos para señales acústicas”, una embarcación de 22"
39f800d3-5ac3-4391-990b-430227aedaa1,27,Reglamento (RIPA),0,0,0,0.00,0.00,"De acuerdo a la Regla 23 del RIPA, los buques de propulsión mecánica en navegación exhibirán una seg"
227dfa52-8426-41c7-aee1-87271cd80b59,27,Reglamento (RIPA),0,0,0,0.00,0.00,"Según el Anexo IV del RIPA, ¿qué señal podríamos utilizar para indicar peligro o necesidad de ayuda?"
a6e78532-98d0-4225-9008-15812774bc20,27,Reglamento (RIPA),0,0,0,0.00,0.00,"De acuerdo a la Regla 18 del RIPA - Obligaciones entre categorías de buques, sin perjuicio de lo dis"
c6232d25-7baa-43ef-a6d5-66a8c16417f3,27,Reglamento (RIPA),0,0,0,0.00,0.00,"Según la Regla 19 del RIPA, salvo en los casos en que se haya comprobado que no existe riesgo de abo"
174cb106-b6d9-4827-bb91-665c4e42209a,27,Reglamento (RIPA),0,0,0,0.00,0.00,"Según la Regla 8 del RIPA, maniobras para evitar el abordaje, ¿cuál de las siguientes afirmaciones e"
2a68f0b4-11f6-47f6-b91d-2e1ebd4cccac,27,Reglamento (RIPA),0,0,0,0.00,0.00,"Conforme a la regla 12 del RIPA, cuando avistamos un buque de vela a barlovento pero no podemos dete"
2830a002-1de2-46c1-bf1f-b60e3d142eb6,27,Reglamento (RIPA),0,0,0,0.00,0.00,"De acuerdo con la regla 23 del RIPA, “Buques de propulsión mecánica en navegación”, si navegando de "
1e45c590-0587-4e68-9283-a563d1553ed9,27,Reglamento (RIPA),0,0,0,0.00,0.00,"Según la Regla 19 del RIPA, salvo en los casos en que se haya comprobado que no existe riesgo de abo"
d6ed6a26-edc8-43fd-a6b0-3e3149370e82,27,Reglamento (RIPA),0,0,0,0.00,0.00,"Según la Regla 6 del RIPA, “Velocidad de seguridad”, la citada velocidad:"
344b0f60-8407-42a4-97cf-1a5801ed92ef,27,Reglamento (RIPA),0,0,0,0.00,0.00,"De acuerdo con la Regla 26 del RIPA, “Buques de pesca”, si observamos un buque dedicado a la pesca s"
a4856923-d1fe-4607-97fc-33a8383da039,27,Reglamento (RIPA),0,0,0,0.00,0.00,"De acuerdo con la Regla 34.b.iii) del RIPA, cuando varios buques de propulsión mecánica en navegació"
f53596c0-dace-4861-b6f7-71179a92d2a8,27,Reglamento (RIPA),0,0,0,0.00,0.00,"De acuerdo a la Regla 18 del RIPA, obligaciones entre categorías de buques, sin perjuicio de lo disp"
f4a7bf79-e18c-4bca-a6f5-5b9871695e1f,27,Reglamento (RIPA),0,0,0,0.00,0.00,"Conforme a la Regla 18 del RIPA, “Obligaciones entre categorías de buques”, si se encuentran navegan"
ea06f021-e474-4166-bd06-5c966099ee10,27,Reglamento (RIPA),0,0,0,0.00,0.00,"Según el Anexo IV del RIPA, en caso de peligro y de que necesitemos ayuda:"
21dd4c3f-7918-45fe-b958-d4b8d0fe71e3,27,Reglamento (RIPA),0,0,0,0.00,0.00,"De acuerdo a la Regla 15 del RIPA, cuando dos buques de propulsión mecánica se crucen con riesgo de "
a7068800-da54-4c9e-9a55-ca2396c20df8,27,Reglamento (RIPA),0,0,0,0.00,0.00,"Según la Regla 19 del RIPA, Conducta de los buques en condiciones de visibilidad reducida, salvo en "
33ec2661-e79e-4cd4-a3c7-d64c186f9424,27,Reglamento (RIPA),0,0,0,0.00,0.00,"Conforme a la Regla 3 del RIPA, la expresión `en navegación´ define a un buque que:"
3cda1bc8-7be8-41e1-bc88-bd66b219295c,27,Reglamento (RIPA),0,0,0,0.00,0.00,"Según la Regla 6 del RIPA, para determinar la velocidad de seguridad NO se tendrá en cuenta:"
7848de60-0f65-424f-be33-55f83b9e78b2,27,Reglamento (RIPA),0,0,0,0.00,0.00,"Conforme a la Regla 3 del RIPA, “Definiciones generales”, todo buque que por cualquier circunstancia"
3ccc6791-6392-4d15-b31a-7e9cb771251b,27,Reglamento (RIPA),0,0,0,0.00,0.00,"Conforme al Anexo IV del RIPA, “Señales de peligro”, ¿de qué color es la densa humareda producida po"
c620dbe0-d597-4488-ba2b-f949d4632725,27,Reglamento (RIPA),0,0,0,0.00,0.00,"Según la Regla 3 del RIPA, Definiciones generales, a los efectos de este Reglamento, excepto cuando "
7a9f56b8-dd61-4f45-b22d-4b33ab0a2d49,27,Reglamento (RIPA),0,0,0,0.00,0.00,"De acuerdo con la Regla 8 del RIPA, Maniobras para evitar el abordaje, ¿cuál de las siguientes afirm"
9335d035-70c0-41fa-9459-adf9aab2a160,27,Reglamento (RIPA),0,0,0,0.00,0.00,"Según el Anexo IV del RIPA, “Señales de peligro”, ¿cómo podemos indicar la existencia de un peligro "
26e9d255-32a3-4cee-9136-53f8624f9a46,27,Reglamento (RIPA),0,0,0,0.00,0.00,"Navegando de Cádiz a Málaga en un yate de 22 metros de eslora, se observa que se va a transitar una "
12be0287-8294-4bb3-80e2-b0ccf84c0c33,27,Reglamento (RIPA),0,0,0,0.00,0.00,"De acuerdo con la Regla 10 del RIPA, las embarcaciones que no utilizan un dispositivo de separación "
7ee0c3c3-ed0d-4b3a-90f4-205bf4d29929,27,Reglamento (RIPA),0,0,0,0.00,0.00,"De acuerdo con la Regla 21 del RIPA, la “luz centelleante” es una luz que produce centelleos a inter"
333627e2-bd53-4e4a-8aef-95c3f712e0a0,27,Reglamento (RIPA),0,0,0,0.00,0.00,"Si nos encontramos navegando de noche y visualizamos por la proa a un buque que, en el lugar más vis"
2346cb73-7ace-4193-804a-059958d3e3c8,27,Reglamento (RIPA),0,0,0,0.00,0.00,"Conforme a la Regla 24.b del RIPA, “Buques remolcando y empujando”, ¿cuándo se considera que un buqu"
8e7f9219-3705-4a0b-80e1-0b8238cbeaa8,27,Reglamento (RIPA),0,0,0,0.00,0.00,"Encontrándonos en navegación, observamos por nuestro costado de estribor, hacia proa del través, una"
4620f693-ab4e-4a13-ae87-03701e87272e,27,Reglamento (RIPA),0,0,0,0.00,0.00,"Según la Regla 2 del RIPA, respecto de la responsabilidad derivada de negligencias en el cumplimient"
a6c4a722-302d-4439-af5a-6a8c7d5aa8ea,27,Reglamento (RIPA),0,0,0,0.00,0.00,Si un buque de 40 metros de eslora muestra únicamente una luz blanca todo horizonte en la parte de p
0aca1799-7bb1-4da1-8d5e-b1519f1772de,27,Reglamento (RIPA),0,0,0,0.00,0.00,"Según la Regla 34.b del RIPA, cuando se lleven señales luminosas para complementar las pitadas presc"
71d573ce-b8b5-498b-9984-e705176aa923,27,Reglamento (RIPA),0,0,0,0.00,0.00,"Conforme a la Regla 6 del RIPA, “Velocidad de seguridad”, un buque con un radar funcionando correcta"
8ed09c24-d3c4-4000-ab7f-867ed9ea2aba,27,Reglamento (RIPA),0,0,0,0.00,0.00,"En relación con la Regla 26 de la parte C del RIPA sobre “Luces y Marcas”, si durante la navegación "
677ad6df-9ef3-4897-9ede-487f508987a7,27,Reglamento (RIPA),0,0,0,0.00,0.00,"Navegando de noche cerca de Cabo Estai, distinguimos cada vez más cerca de nuestra proa una luz de c"
ee750df1-92b1-4bfc-b525-7dc6320b26e2,27,Reglamento (RIPA),0,0,0,0.00,0.00,Navegando en un yate a motor al rumbo 178º se observa por proa un buque de recreo que también navega
a05327ee-b456-440f-a89c-cb8d6fdee909,27,Reglamento (RIPA),0,0,0,0.00,0.00,"Si nos encontramos de noche navegando con nuestra embarcación en una zona cercana a costa, y visuali"
08c6d14b-fe0c-42db-bead-195bda0fad1c,27,Reglamento (RIPA),0,0,0,0.00,0.00,"Conforme al Anexo IV del RIPA, “Señales de peligro”, ¿de qué color es la densa humareda producida po"
94106f25-812b-4978-834e-51265d73c8d9,27,Reglamento (RIPA),0,0,0,0.00,0.00,"Conforme a la Regla 2 del RIPA, “Responsabilidad”:"
76c50aed-610b-4ef1-9d07-6fd3d8211a76,27,Reglamento (RIPA),0,0,0,0.00,0.00,"Según el Anexo IV del RIPA, “Señales de peligro”, ¿cómo podemos indicar la existencia de un peligro "
c696f42a-546c-4a1b-bda4-f3cd5d90404c,27,Reglamento (RIPA),0,0,0,0.00,0.00,"De acuerdo a la Regla 3 del RIPA - Definiciones generales, la palabra ""buque"" NO designa a:"
2cc0beb9-6035-48a0-8b4c-953182fb6a93,27,Reglamento (RIPA),0,0,0,0.00,0.00,"Según la Regla 15 del RIPA, cuando dos buques de propulsión mecánica se crucen con riesgo de abordaj"
7a5d8442-05e2-43ce-b793-101facc0ef50,27,Reglamento (RIPA),0,0,0,0.00,0.00,"Según el Anexo IV del RIPA, ¿qué señal del Código internacional de señales indica peligro?"
15048453-b30a-4240-a4b5-4228f22e2b7e,7,Seguridad,0,0,0,0.00,0.00,"Cuando se haya producido la caída accidental al agua de una persona a bordo, ¿cuál de las siguientes"
d374813a-ebe6-4d88-969b-74ffadd8a419,7,Seguridad,0,0,0,0.00,0.00,¿Cuál es la mejor forma de evitar los envites del mar por proa?
0bb339b5-911f-43a0-93b1-df8667d81694,7,Seguridad,0,0,0,0.00,0.00,"En relación con los aros salvavidas, ¿cuál de las siguientes afirmaciones es INCORRECTA?"
20079b4d-ba5f-4c95-92e2-1c57f10127eb,7,Seguridad,0,0,0,0.00,0.00,¿Cuál es la flotabilidad mínima que deben tener los chalecos salvavidas a bordo de una embarcación d
1000e26f-84ce-4901-bd92-973bd79f4404,7,Seguridad,0,0,0,0.00,0.00,¿Cuál de las siguientes afirmaciones es INCORRECTA?
18482f2c-8b37-4ba0-be22-6d779523ec2f,7,Seguridad,0,0,0,0.00,0.00,¿Cuál de los siguientes NO es un fenómeno que se pueda experimentar al navegar en aguas someras?
b085e8bd-ef69-450a-b037-51a707510e52,7,Seguridad,0,0,0,0.00,0.00,¿Cuál de las siguientes se considera una medida de prevención para evitar una situación de hombre al
2bbb1249-ce34-49fb-9f63-7d8738b0ddef,7,Seguridad,0,0,0,0.00,0.00,¿Qué es prioritario comprobar tras una tormenta eléctrica que sucede en las proximidades de la embar
2d130dbd-f1df-4750-af68-8f435fa17670,7,Seguridad,0,0,0,0.00,0.00,"Para evitar la caída accidental de un tripulante al agua durante la navegación, ¿cuál de las siguien"
a09c9dfa-7d13-4784-9259-76cc4367ecb1,7,Seguridad,0,0,0,0.00,0.00,Para correr el temporal tendremos que:
4d796745-5e69-4566-8b97-0aed3e9c5d48,7,Seguridad,0,0,0,0.00,0.00,En lo relativo a los extintores que debe llevar una embarcación sin marcado CE de 12 metros de eslor
6d162b86-5ae6-4c13-8842-11a23a129958,7,Seguridad,0,0,0,0.00,0.00,"Navegando en una embarcación, se puede capear un temporal:"
c95cae74-abd8-41d9-ada8-e8a790132ec1,7,Seguridad,0,0,0,0.00,0.00,¿Qué significa capear el temporal?
f081a448-063e-4141-89a2-e6b90082e71c,7,Seguridad,0,0,0,0.00,0.00,¿Cuál es la mejor forma de evitar los envites del mar por proa?
79ca3598-ba35-4aa6-a7ba-aeb06f2aac6a,7,Seguridad,0,0,0,0.00,0.00,Estando en aguas tranquilas con la embarcación recuperando su posición de equilibrio desde una escor
7e328c12-bb6c-4b62-b355-af8b23686086,7,Seguridad,0,0,0,0.00,0.00,Antes de salir a la mar hay que asegurarse que:
cbb396c6-8be5-47ea-87f9-20b61e4cd4b1,7,Seguridad,0,0,0,0.00,0.00,¿Cuál de las siguientes NO es una medida a tomar antes de salir a la mar?
e5cfaa3d-14c9-4a5e-82d0-dae0155bee6c,7,Seguridad,0,0,0,0.00,0.00,Navegando en aguas someras con oleaje:
7895c56b-67ba-4150-92b0-05cf38eca7b8,7,Seguridad,0,0,0,0.00,0.00,"Navegando a 3 millas de la costa, ¿qué señales de socorro debemos llevar obligatoriamente a bordo?"
374ef479-399c-404a-b6a2-a874ca619f21,7,Seguridad,0,0,0,0.00,0.00,¿Cuál de las siguientes NO es una precaución a tomar navegando en aguas someras?
c47b9357-5663-4073-b724-ea8655178912,7,Seguridad,0,0,0,0.00,0.00,Antes de salir a la mar hay que asegurarse que:
9bd3bc5d-bdf6-4d6f-9ef3-a40e1b3ca7a1,7,Seguridad,0,0,0,0.00,0.00,El reflector radar:
a10485db-477c-4de0-90e9-07bc0faee3e5,7,Seguridad,0,0,0,0.00,0.00,¿Cuál de los siguientes supuestos afecta negativamente a la estabilidad transversal?
f6518b5f-b415-4e23-b5ad-a9e93ce1d404,7,Seguridad,0,0,0,0.00,0.00,¿Cuál es la flotabilidad mínima que deben tener los chalecos salvavidas a bordo de una embarcación d
55427cbd-1abb-46cf-9537-de7c9a96e8af,7,Seguridad,0,0,0,0.00,0.00,¿Cuál de las siguientes formas de realizar un remolque es recomendable en un río angosto o dentro de
e45be92a-56b3-432c-a2dc-4edc84fa4be5,7,Seguridad,0,0,0,0.00,0.00,"En relación con las balsas salvavidas, ¿cuál de las siguientes afirmaciones es CORRECTA?"
0416aa7a-8c79-4823-9465-062f70e4112e,7,Seguridad,0,0,0,0.00,0.00,¿Cuál de las siguientes NO es una precaución a tomar navegando en aguas someras?
b390d0c0-d486-45e0-81e6-7c1027bea5aa,7,Seguridad,0,0,0,0.00,0.00,"En situación de “hombre al agua”, ¿cuál de las siguientes acciones NO se recomienda tomar?"
ee53f03c-7436-412d-8728-3f57210635ac,7,Seguridad,0,0,0,0.00,0.00,La estabilidad estática transversal en una embarcación es la cualidad de:
5d8369fe-f048-4f78-908d-cdfaf45c4355,7,Seguridad,0,0,0,0.00,0.00,¿Cuántas bengalas de mano debe llevar como mínimo una embarcación de recreo que navegue entre 2 y 5 
071d3ac4-2c37-41a4-8a1b-c24a536c5ac0,7,Seguridad,0,0,0,0.00,0.00,"En relación con la estabilidad, señale la afirmación CORRECTA."
9450d6ca-c859-4da2-9988-c7f30c2ef33d,7,Seguridad,0,0,0,0.00,0.00,"Ante una emergencia, ¿cuál es la forma de contactar con Salvamento Marítimo?"
977ff931-c9eb-4a4d-956e-2f159deeba10,7,Seguridad,0,0,0,0.00,0.00,¿Qué parámetro varía de forma más significativa al variar la estabilidad longitudinal?
07fcaf2d-da0d-4d05-87a4-0927f715f3a8,7,Seguridad,0,0,0,0.00,0.00,"Cuando navegamos con olas incidiendo por la proa, para evitar un movimiento excesivo de cabezada deb"
d6b2f6ba-e615-4d07-aafb-d508ee8890a6,7,Seguridad,0,0,0,0.00,0.00,¿Cuál de los siguientes elementos NO se considera material de seguridad en la mar?
cf7c48c8-ade8-4953-8ff6-ca87c49d487e,7,Seguridad,0,0,0,0.00,0.00,La maniobra de Boutakow consiste en:
05eb7538-78fd-485b-940d-fb934c7d422c,7,Seguridad,0,0,0,0.00,0.00,¿Cuál de las siguientes acciones es recomendable para evitar la hipotermia en caso de encontrarse en
9d6572c0-51dc-44b6-800c-0ad46df6374b,7,Seguridad,0,0,0,0.00,0.00,¿Cuál de las siguientes afirmaciones con respecto al remolque es INCORRECTA?
8fb788fd-478a-41e0-acbd-5c8682bdba76,7,Seguridad,0,0,0,0.00,0.00,¿A partir de que temperatura corporal se considera que una persona entra en hipotermia?
9932c003-e981-464a-896c-f976fbe21e2e,7,Seguridad,0,0,0,0.00,0.00,"Para recoger a una persona en el agua, lo más recomendable cuando se ve al náufrago es:"
02f13c99-9b50-4467-b3ed-2112315511d7,7,Seguridad,0,0,0,0.00,0.00,"Tras una caída al agua, ¿cuál de las siguientes medidas NO es recomendada para evitar o tratar la hi"
be440b2b-54ff-49cd-be2d-c39c18072971,7,Seguridad,0,0,0,0.00,0.00,La expresión “a son de mar” se refiere a:
d9c6ef05-fda2-486f-b657-c27b48c864c0,7,Seguridad,0,0,0,0.00,0.00,"Una embarcación tiene una buena estabilidad transversal, si tras ser apartada de su posición de equi"
1af497c8-f141-4901-b2f8-66eb4659c0d8,7,Seguridad,0,0,0,0.00,0.00,"En relación con los pararrayos como elemento de protección de las tormentas eléctricas, señale la af"
4c61d98b-71f0-4e52-bd65-b763aac549a1,7,Seguridad,0,0,0,0.00,0.00,Capear un temporal es:
c4bc1209-887a-4624-a531-0827aa1a3711,7,Seguridad,0,0,0,0.00,0.00,Para correr el temporal tendremos que:
6630130e-de4e-40a0-815b-f3669d7a556a,7,Seguridad,0,0,0,0.00,0.00,¿Cuál de las siguientes es una medida a tomar navegando con niebla?
b58e99fb-c993-4bfa-ac53-ca7de853b045,7,Seguridad,0,0,0,0.00,0.00,"En relación con la derrota a seguir con mal tiempo, señale la afirmación INCORRECTA."
6c18bc84-c639-4cb3-91c3-2cdbff977a67,7,Seguridad,0,0,0,0.00,0.00,¿Qué es prioritario comprobar tras una tormenta eléctrica que sucede en las proximidades de la embar
b1fdb720-cafc-4ba8-a86a-9781e8bdefe6,8,Seguridad,0,0,0,0.00,0.00,¿Cuál de las siguientes NO es una precaución a tomar con baja visibilidad por niebla?
f70679c7-0eb9-4ada-9bc8-f07a1856f801,8,Seguridad,0,0,0,0.00,0.00,"En una embarcación de recreo, al aumentar los pesos en cubierta:"
f73b465d-76c2-4ec8-8f62-9ef6c0b299f6,8,Seguridad,0,0,0,0.00,0.00,"En relación con las balsas salvavidas, ¿cuál de las siguientes afirmaciones es CORRECTA?"
911eb9fe-0e9e-4d7b-98a3-d756e1108300,8,Seguridad,0,0,0,0.00,0.00,"Cuando tenga que comunicarse con Salvamento Marítimo en caso de emergencia, ¿cuál de los siguientes "
3a1c6cc7-0430-4b26-8d1f-46fd7d5830fd,8,Seguridad,0,0,0,0.00,0.00,¿Qué señales pirotécnicas debe llevar reglamentariamente una embarcación que esté autorizada a naveg
0ede8124-2457-4a4b-a817-320b62e14cf0,8,Seguridad,0,0,0,0.00,0.00,"Para evitar la caída accidental de un tripulante al agua durante la navegación, ¿cuál de las siguien"
d1b946ff-bc63-414d-bf4a-2927404589fd,8,Seguridad,0,0,0,0.00,0.00,"En el caso de que no funcionen los sistemas de radio, ¿a qué número debemos llamar si surge una emer"
f0b763cd-42bc-4542-81b7-924d1d9aad8b,8,Seguridad,0,0,0,0.00,0.00,¿A partir de que temperatura corporal se considera que una persona entra en hipotermia?
95366b65-29b3-4f43-91ef-b49d7d8c87a2,8,Seguridad,0,0,0,0.00,0.00,Señale la afirmación VERDADERA:
d5310fc8-3a02-4e98-ab6a-6a03882264d2,8,Seguridad,0,0,0,0.00,0.00,Señale la afirmación FALSA:
b93abd0d-1bdf-462e-862f-d3ee43c12d9a,8,Seguridad,0,0,0,0.00,0.00,¿En qué consiste “correr el temporal” y cuál es la forma adecuada de hacerlo?
d4dbe18a-cf0a-45bb-b4fe-3e7eda92872a,8,Seguridad,0,0,0,0.00,0.00,¿Cuál es la capacidad que deben tener las balsas salvavidas en una embarcación de recreo?
9ca641a0-5e6b-4e9e-a058-693ed05872b0,8,Seguridad,0,0,0,0.00,0.00,"Navegando a 8 millas de la costa, ¿cuál es la flotabilidad mínima que deben tener los chalecos salva"
2e5e1688-1f35-4b05-9397-59c98debfaa5,8,Seguridad,0,0,0,0.00,0.00,"Con relación al material pirotécnico, señale la recomendación INCORRECTA:"
8bdd643e-7cd1-4be5-b909-09171826b509,8,Seguridad,0,0,0,0.00,0.00,Deberán llevar al menos un aro salvavidas:
8ac6e077-b6a6-44ef-9fa4-2bd3d764fd51,8,Seguridad,0,0,0,0.00,0.00,¿Cuál de las siguientes formas de realizar un remolque es recomendable en un río angosto o dentro de
e44e1d85-ced3-4b49-bedd-bc1e3ea0f4d9,8,Seguridad,0,0,0,0.00,0.00,"En circunstancias de mal tiempo, navegando en una embarcación de recreo a motor, con la mar por la p"
ea93bd75-3cea-4093-993f-78d3a25ab75b,8,Seguridad,0,0,0,0.00,0.00,"Antes de salir a la mar, ¿cuál de las siguientes comprobaciones NO es imprescindible realizar?"
1d2c9c47-9a96-42b5-a2cf-a17cb1e2deb1,8,Seguridad,0,0,0,0.00,0.00,¿Cuál de las siguientes NO es una forma adecuada de contactar con Salvamento Marítimo?
5e909906-6e93-4881-bc46-dda841d6fc40,8,Seguridad,0,0,0,0.00,0.00,¿Cuántas bengalas de mano es obligatorio llevar a bordo si navegamos en aguas costeras protegidas?
43be924e-b2cb-4032-9cfe-1e460c616b26,8,Seguridad,0,0,0,0.00,0.00,La maniobra de Boutakow consiste en:
2daad99d-ec15-4168-8896-0af11f7d4224,8,Seguridad,0,0,0,0.00,0.00,En la estabilidad estática transversal el equilibrio se alcanza cuando:
05a59696-68e0-48e5-9368-0f1481b1a14f,8,Seguridad,0,0,0,0.00,0.00,¿Cuál de las siguientes NO es una precaución a tomar con baja visibilidad por niebla?
79783ace-3a90-4014-83c6-828bdda040b3,8,Seguridad,0,0,0,0.00,0.00,"En relación con las bengalas de mano, ¿cuál de las siguientes NO es una recomendación de uso y estib"
e0c2950b-09a0-48f0-a83e-3cdc7f4f4ac1,8,Seguridad,0,0,0,0.00,0.00,¿En qué embarcaciones es obligatorio el reflector radar?
8ede7a7a-cdeb-49cd-a654-f4bc364a9fe2,8,Seguridad,0,0,0,0.00,0.00,"Respecto a las medidas a tomar a bordo con mal tiempo, ¿cuál de las siguientes afirmaciones NO ES CO"
73d6af73-6195-4b37-8dc9-ed0af3057f64,8,Seguridad,0,0,0,0.00,0.00,¿Es obligatoria la instalación de un reflector radar en una embarcación de recreo que navegue en zon
1e12be21-7f40-49e0-b2f3-6e7398da7495,8,Seguridad,0,0,0,0.00,0.00,"¿Cuál de las siguientes precauciones NO es, en general, la más recomendable a tomar en una navegació"
8634964c-f75a-41ec-a7e4-75aef8aaabff,8,Seguridad,0,0,0,0.00,0.00,"Navegando a 4 millas de un puerto o lugar de refugio, ¿qué señales de socorro debemos llevar a bordo"
690f8d18-5535-42fe-96b8-79a63ce65e98,8,Seguridad,0,0,0,0.00,0.00,¿Cuál de las siguientes es una maniobra recomendada de búsqueda cuando no se ve al náufrago?
ff9be9a2-3c35-407f-aff8-1435fe61c7c8,8,Seguridad,0,0,0,0.00,0.00,"En relación con el arnés de seguridad, señale la opción INCORRECTA."
027d9e02-1acd-4340-b84e-31f406574c1a,8,Seguridad,0,0,0,0.00,0.00,¿En qué consiste “correr el temporal” y cuál es la forma adecuada de hacerlo?
73af0618-6653-47b4-8936-ff89227cee81,8,Seguridad,0,0,0,0.00,0.00,¿A qué se refiere la expresión “a son de mar”?
e597e482-fba0-4110-af09-1c5c0bb25195,8,Seguridad,0,0,0,0.00,0.00,En la estabilidad estática transversal el equilibrio se alcanza cuando:
8506ac59-6f54-4ebd-bcf9-4f68ab78f68b,8,Seguridad,0,0,0,0.00,0.00,"Atendiendo a su eslora, ¿cuántos extintores del tipo 34B deberá llevar a bordo una embarcación de po"
1db435fd-e3e3-4d40-81ed-4d34bc8561d0,8,Seguridad,0,0,0,0.00,0.00,¿Cuál de las siguientes maniobras se debe realizar inmediatamente cuando vemos a una persona caer al
bada1774-6ac0-4c7a-a999-07d301d75912,8,Seguridad,0,0,0,0.00,0.00,Correr el temporal significa:
32473e0c-e56a-4e7d-9b1f-f2d8c3f3fbdd,8,Seguridad,0,0,0,0.00,0.00,"En situación de “hombre al agua”, ¿cuál de las siguientes acciones NO se recomienda tomar?"
9eb29386-59a1-47b9-8645-0e386225d0fd,8,Seguridad,0,0,0,0.00,0.00,"Cuando navegamos con olas incidiendo por la proa, para evitar un movimiento excesivo de cabezada deb"
e8018b78-9a34-4864-a635-844094c0258d,8,Seguridad,0,0,0,0.00,0.00,La flotabilidad mínima de los chalecos salvavidas para adultos estibados en una embarcación que nave
d58b35c4-937c-49da-b3b6-e1cc02db7f94,8,Seguridad,0,0,0,0.00,0.00,"En relación con los aros salvavidas, ¿cuál de las siguientes afirmaciones es INCORRECTA?"
b4c45102-72e5-4081-b76a-e02857d6cbc4,8,Seguridad,0,0,0,0.00,0.00,"De conformidad con el Real Decreto 339/2021, de 18 de mayo, ¿cuáles de las siguientes embarcaciones "
b4427f60-dca8-4e46-96ca-e1ff5eb6fbd8,8,Seguridad,0,0,0,0.00,0.00,En lo relativo a los extintores que debe llevar una embarcación sin marcado CE de 12 metros de eslor
9b89e7b9-1606-4c7e-a139-8daf9c4537c0,8,Seguridad,0,0,0,0.00,0.00,"Navegando a 3 millas de la costa, ¿qué señales de socorro debemos llevar obligatoriamente a bordo?"
40b1e87d-651a-49d3-8a30-4d86c2dcbec4,8,Seguridad,0,0,0,0.00,0.00,"Cuando todos los equipos eléctricos a bordo tienen una toma de masa, ¿cuál es el principal riesgo a "
33e9b4d8-5311-4248-baa0-7e3377536de0,8,Seguridad,0,0,0,0.00,0.00,"En el caso de que no funcionen los sistemas de radio, ¿a qué número debemos llamar si surge una emer"
9622728a-3323-4673-bbac-8110583e611f,8,Seguridad,0,0,0,0.00,0.00,"En relación con los pararrayos como elemento de protección de las tormentas eléctricas, señale la af"
2730cf1e-2dce-4bf2-a920-b07978261674,8,Seguridad,0,0,0,0.00,0.00,La expresión “a son de mar” se refiere a:
2c140e6c-1dc0-414b-b599-8f85e7a13dda,8,Seguridad,0,0,0,0.00,0.00,¿Por qué medio podemos contactar con Salvamento Marítimo?
2657ff6f-20a1-48f3-b52d-a9b036aa2158,8,Seguridad,0,0,0,0.00,0.00,"El movimiento del buque en el sentido de la manga, de babor a estribor y viceversa, al inclinarse al"
e68d0f89-ee31-4c11-b156-45a7eb09e41b,8,Seguridad,0,0,0,0.00,0.00,"Cuando tenga que comunicarse con Salvamento Marítimo para hacer una llamada de socorro, en ningún ca"
07f791b1-7a76-4f1a-a087-3fa593933f6a,8,Seguridad,0,0,0,0.00,0.00,El reflector radar es:
9453676e-452d-49a4-920b-4ac015075a79,8,Seguridad,0,0,0,0.00,0.00,¿Cuál de las siguientes es la secuencia adecuada para el uso de una balsa salvavidas de accionamient
c36d8483-ee76-4439-ac5b-4981e7430bc3,9,Seguridad,0,0,0,0.00,0.00,¿Cómo se debe actuar ante movimientos de cabezada excesivos cuando llevamos la mar por la proa?
58dbd210-d9aa-4b10-bb1c-4c966ee39548,9,Seguridad,0,0,0,0.00,0.00,¿Cuál de las siguientes acciones NO es recomendable realizar tras ver caer a un náufrago al agua?
4f513d44-f9e3-4c1d-9b4d-884f7e218d9d,9,Seguridad,0,0,0,0.00,0.00,¿Por qué medio podemos contactar con Salvamento Marítimo?
4786eff9-a90c-4b86-ab5a-d57290d58a58,9,Seguridad,0,0,0,0.00,0.00,"Ante una emergencia, ¿cuál es la forma de contactar con Salvamento Marítimo?"
0d936c86-efed-403b-b628-717143557a95,9,Seguridad,0,0,0,0.00,0.00,"Navegando en una embarcación, se puede capear un temporal:"
517d3166-adfc-4108-895d-379c00b04f7a,9,Seguridad,0,0,0,0.00,0.00,"En relación con la hipotermia, ¿cuál de las siguientes medidas a tomar es INCORRECTA?"
18334ab6-111b-424c-9247-bbb14f29bdad,9,Seguridad,0,0,0,0.00,0.00,"Si detecta que ha perdido un aro salvavidas antes de zarpar, ¿cómo se recomienda actuar?"
0c77ba1d-9def-4206-81a0-4f3a8e987b4b,9,Seguridad,0,0,0,0.00,0.00,El reflector radar:
92fb82a3-200f-4121-a5b8-d4a1d3e70068,9,Seguridad,0,0,0,0.00,0.00,¿Cuál de las siguientes afirmaciones es INCORRECTA?
6620492d-ca17-4326-9343-c3ded19cb483,9,Seguridad,0,0,0,0.00,0.00,¿Cuál de las siguientes sería una precaución a tomar navegando en aguas someras?
56c909d2-9ed9-4c3d-8236-8734f90fe46b,9,Seguridad,0,0,0,0.00,0.00,"Teniendo en cuenta las medidas a tomar a bordo con mal tiempo, NO se debe:"
68f948d5-195d-4e6e-a161-3e3eaccb8c8f,9,Seguridad,0,0,0,0.00,0.00,¿Es obligatoria la instalación de un reflector radar en una embarcación de recreo que navegue en zon
b9bf563a-3fc7-4fea-9dad-ebd4c29b97f9,9,Seguridad,0,0,0,0.00,0.00,"Respecto a su estiba y conservación, las bengalas de mano deben:"
51bfcc02-ef16-4fa4-984c-41a6aecea67f,9,Seguridad,0,0,0,0.00,0.00,Estando en aguas tranquilas con la embarcación recuperando su posición de equilibrio desde una escor
87cc6be9-c847-40b9-ac77-1479dd56d532,9,Seguridad,0,0,0,0.00,0.00,"Para evitar un excesivo balance, la mejor medida a tomar es:"
ca0f359f-b89d-4a1f-900c-dba67fedf77e,9,Seguridad,0,0,0,0.00,0.00,¿Cuál de las siguientes afirmaciones es INCORRECTA?
53347d75-9e1c-4b0b-9063-706d2891e5eb,9,Seguridad,0,0,0,0.00,0.00,En aguas someras:
23119b12-11a8-430f-a583-405afec64061,9,Seguridad,0,0,0,0.00,0.00,"Cuando todos los equipos eléctricos a bordo tienen una toma de masa, ¿cuál es el principal riesgo a "
092df105-b4cb-430a-b38d-f8c18773ad7f,9,Seguridad,0,0,0,0.00,0.00,"Si detecta que ha perdido un aro salvavidas antes de zarpar, ¿cómo se recomienda actuar?"
65ada75b-217b-4744-a40d-4936eacf24a7,9,Seguridad,0,0,0,0.00,0.00,Antes de hacerse a la mar es indispensable comprobar:
7c107f45-4bd6-474d-ab50-2ada1a783acd,9,Seguridad,0,0,0,0.00,0.00,"Navegando con la mar por proa, modificar la velocidad es la forma más eficaz de:"
f5cd802d-16b1-415f-866f-e73cfd0e76c7,9,Seguridad,0,0,0,0.00,0.00,¿En qué embarcaciones es obligatorio el reflector radar?
b2803bf8-bfee-4f57-813d-ede9d6705bdf,9,Seguridad,0,0,0,0.00,0.00,¿Cuál de las siguientes es una medida a tomar navegando con niebla?
735870ea-4ea7-442d-8dcf-170b7a45831e,9,Seguridad,0,0,0,0.00,0.00,"Respecto a su estiba y conservación, las bengalas de mano deben:"
bf016682-47f6-4f9d-92b2-e64040c31d8f,9,Seguridad,0,0,0,0.00,0.00,Elevar un peso en una embarcación:
b486a559-1107-49bc-ace8-60b6f895cfa9,9,Seguridad,0,0,0,0.00,0.00,La estabilidad estática de una embarcación depende de la posición simultánea de:
212044a2-031c-4e32-a034-55aae4b80437,9,Seguridad,0,0,0,0.00,0.00,Con la máquina avante y una costa a sotavento:
75371549-cd30-452c-829d-56829f8c8f8a,9,Seguridad,0,0,0,0.00,0.00,Antes de hacerse a la mar es indispensable comprobar:
8f9f13c4-4889-4fc6-922c-cdae40634d22,9,Seguridad,0,0,0,0.00,0.00,"Antes de salir a la mar, ¿cuál de las siguientes comprobaciones NO es imprescindible realizar?"
e83fea86-d3f7-416d-9ab2-8e43362119f1,9,Seguridad,0,0,0,0.00,0.00,"Cuando se haya producido la caída accidental al agua de una persona a bordo, ¿cuál de las siguientes"
7dd71cd8-05ca-4e84-bcaf-9ad4864345fd,9,Seguridad,0,0,0,0.00,0.00,¿Cuál de las siguientes acciones es recomendable para evitar la hipotermia en caso de encontrarse en
096ced8b-8577-45a3-8c9b-75284198e7e4,9,Seguridad,0,0,0,0.00,0.00,¿Qué parámetro varía de forma más significativa al variar la estabilidad longitudinal?
b8975520-4dc3-4a2c-b09f-2e689a016020,9,Seguridad,0,0,0,0.00,0.00,¿Cuál es el límite de temperatura corporal por debajo del cual aparece la hipotermia?
f9875bff-f705-41b0-af62-c474f45f8866,9,Seguridad,0,0,0,0.00,0.00,"Con relación a los chalecos salvavidas, señale la afirmación INCORRECTA."
16521d0e-cbb1-45f0-9e52-1926bcabef23,9,Seguridad,0,0,0,0.00,0.00,Una tormenta eléctrica podrá:
5d092b56-fb21-4e86-a85a-5404627c9160,9,Seguridad,0,0,0,0.00,0.00,En caso de navegar con visibilidad reducida por niebla:
8aa85990-c40f-4d27-8d61-64e939992c13,9,Seguridad,0,0,0,0.00,0.00,"Tras una caída al agua, ¿cuál de las siguientes medidas NO es recomendada para evitar o tratar la hi"
ac685023-7dac-477c-a869-f4628e1081ac,9,Seguridad,0,0,0,0.00,0.00,"En relación con el arnés de seguridad, señale la opción INCORRECTA."
7e24cec8-4e87-4e0f-82b8-66636a9cb0ff,9,Seguridad,0,0,0,0.00,0.00,¿Cuál de las siguientes NO es una acción válida para búsqueda de una persona que ha caído al agua?
5910187c-8640-4c4e-9f67-814bd5eb0766,9,Seguridad,0,0,0,0.00,0.00,La flotabilidad mínima de los chalecos salvavidas para adultos estibados en una embarcación que nave
1112a987-b5e6-4954-90dd-daccce9be20e,9,Seguridad,0,0,0,0.00,0.00,"Teniendo en cuenta las medidas a tomar a bordo con mal tiempo, NO se debe:"
1d036d2f-e981-4836-8afd-e72516addb24,9,Seguridad,0,0,0,0.00,0.00,"En relación con la hipotermia, ¿cuál de las siguientes medidas a tomar es INCORRECTA?"
634ef56c-49be-4d2d-bf99-6bcd20067ac8,9,Seguridad,0,0,0,0.00,0.00,"¿Cuál de las siguientes precauciones NO es, en general, la más recomendable a tomar en una navegació"
56fc2029-de78-4406-8df9-51c1da08d98d,9,Seguridad,0,0,0,0.00,0.00,"De conformidad con el Real Decreto 339/2021, de 18 de mayo, ¿cuáles de las siguientes embarcaciones "
ad077816-b0e5-469e-94d3-99281b50f37e,9,Seguridad,0,0,0,0.00,0.00,¿Con cuál de los siguientes números de teléfono nos ponemos en contacto con Salvamento Marítimo?
ccd00cfb-c5a0-40db-9bf9-e46ab4e762f3,9,Seguridad,0,0,0,0.00,0.00,"Cuando tenga que comunicarse con Salvamento Marítimo en caso de emergencia, ¿cuál de los siguientes "
d0e2a5dc-0bbe-4006-ba23-ad9005e622c5,9,Seguridad,0,0,0,0.00,0.00,"Con relación a los chalecos salvavidas, señale la afirmación INCORRECTA."
fd1f90b3-b057-4d83-8706-903d9a5abd66,9,Seguridad,0,0,0,0.00,0.00,"Atendiendo a su eslora, ¿cuántos extintores del tipo 34B deberá llevar a bordo una embarcación de po"
57c34d16-f9f0-4895-b69b-e66ef08a2a54,9,Seguridad,0,0,0,0.00,0.00,En aguas someras:
12c782c8-30e6-4352-a05a-90e5e2a62fec,9,Seguridad,0,0,0,0.00,0.00,En caso de navegar con visibilidad reducida por niebla:
72985b47-81cc-4bd9-9d51-10f72187dee3,9,Seguridad,0,0,0,0.00,0.00,"Para evitar un excesivo balance, la mejor medida a tomar es:"
6760192c-3590-41c2-a06c-2a0c777393fb,9,Seguridad,0,0,0,0.00,0.00,"En relación con los aros salvavidas, ¿cuál de las siguientes recomendaciones debemos tener en cuenta"
73dbb1d4-760c-427a-b2d7-5ca47663e6d8,10,Seguridad,0,0,0,0.00,0.00,"Los efectos de navegar en aguas someras son, entre otros:"
2f6d0386-57fb-43b6-8bcb-809cb8f921e8,10,Seguridad,0,0,0,0.00,0.00,En aguas someras:
51221c4c-2b52-4abc-97e0-722ffec4d3dc,10,Seguridad,0,0,0,0.00,0.00,¿Cuál de las siguientes afirmaciones con respecto al remolque es INCORRECTA?
bd805639-0b98-441b-ba9d-855b93dc1aa5,10,Seguridad,0,0,0,0.00,0.00,¿Cuál de las siguientes afirmaciones es INCORRECTA?
8b564256-d6ce-42b8-ad88-a13732ff5e72,10,Seguridad,0,0,0,0.00,0.00,¿Cuál de las siguientes afirmaciones es CORRECTA?
cb99945c-80b9-4694-84e5-319fdb425513,10,Seguridad,0,0,0,0.00,0.00,¿Cuál de las siguientes NO es una forma adecuada de contactar con Salvamento Marítimo?
c32622df-732e-4061-880e-72589ff15a43,10,Seguridad,0,0,0,0.00,0.00,"En relación con la estabilidad, señale la afirmación CORRECTA."
7e3dc30a-f0f2-42f7-a983-481d61c5bb64,10,Seguridad,0,0,0,0.00,0.00,¿Cuál de los siguientes NO es un fenómeno que se pueda experimentar al navegar en aguas someras?
860e85b6-4d18-41b8-b8d2-6027619084af,10,Seguridad,0,0,0,0.00,0.00,¿Cuál de las siguientes relaciones de comprobaciones se deben realizar a bordo antes de salir a la m
6e8cd4bc-2386-4890-80fa-3f476e1dd9f8,10,Seguridad,0,0,0,0.00,0.00,"Navegando con la mar por proa, modificar la velocidad es la forma más eficaz de:"
34893b71-9e0b-4e57-853d-19174936e25c,10,Seguridad,0,0,0,0.00,0.00,¿Cuál de los siguientes elementos NO se considera material de seguridad en la mar?
203e8d05-78c7-472f-b97e-c73757a981a0,10,Seguridad,0,0,0,0.00,0.00,¿A qué se refiere la expresión “a son de mar”?
fcebe6f2-ac1c-406f-b879-b12e367408fd,10,Seguridad,0,0,0,0.00,0.00,¿Cuál de las siguientes maniobras se debe realizar inmediatamente cuando vemos a una persona caer al
7fcb6505-0194-4575-899e-5f18d04eaf03,10,Seguridad,0,0,0,0.00,0.00,¿Cuál de las siguientes se considera una medida de prevención para evitar una situación de hombre al
624b2f6f-f1dc-46e4-b972-692289ef51e2,10,Seguridad,0,0,0,0.00,0.00,Capear un temporal es:
f26bad83-e17e-4c48-8a20-03b40e508b65,10,Seguridad,0,0,0,0.00,0.00,¿Qué significa capear el temporal?
3f6d0ff8-ed53-4a30-a7c8-36a6d1638582,10,Seguridad,0,0,0,0.00,0.00,Correr el temporal significa:
8d4775bc-9b9d-457b-b513-ea665f13bcb5,10,Seguridad,0,0,0,0.00,0.00,"El movimiento del buque en el sentido de la manga, de babor a estribor y viceversa, al inclinarse al"
5dca3e0c-67b7-4c3a-9597-32b5f01dcf62,10,Seguridad,0,0,0,0.00,0.00,"¿Qué sucede cuando de forma significativa aumentamos pesos en la cubierta de intemperie, situada por"
410cc509-5584-4732-a0d9-c9d109c33ea8,10,Seguridad,0,0,0,0.00,0.00,Navegando en aguas someras con oleaje:
a27ec86d-140b-47e3-92ed-2ccaf699ddfd,10,Seguridad,0,0,0,0.00,0.00,¿Cuál es la capacidad que deben tener las balsas salvavidas en una embarcación de recreo?
61acca79-977d-4ef6-83aa-8bd44d2357f1,10,Seguridad,0,0,0,0.00,0.00,¿Cuál de las siguientes es la secuencia adecuada para el uso de una balsa salvavidas de accionamient
80ac5ca1-3e99-4359-b0fd-21c9ba000f86,10,Seguridad,0,0,0,0.00,0.00,¿Cómo se verá afectado el movimiento de la embarcación si el periodo de la ola es igual al periodo d
1dcf3cd5-98e0-4ee1-9c77-5e411d3d8545,10,Seguridad,0,0,0,0.00,0.00,"Con relación al material pirotécnico, señale la recomendación INCORRECTA:"
684e6cb1-b3f8-4744-8f06-16f6a429bdc4,10,Seguridad,0,0,0,0.00,0.00,¿Cuál de las siguientes acciones NO es recomendable realizar tras ver caer a un náufrago al agua?
dd36ec70-bfe5-4641-b6f2-9f16bb5a85e0,10,Seguridad,0,0,0,0.00,0.00,¿Qué señales pirotécnicas debe llevar reglamentariamente una embarcación que esté autorizada a naveg
6cd69b3f-9741-4f8b-8037-bc1dc1bd645f,10,Seguridad,0,0,0,0.00,0.00,Señale la afirmación FALSA:
586f47ef-4429-4a87-b889-d35433e108ea,10,Seguridad,0,0,0,0.00,0.00,La estabilidad estática transversal en una embarcación es la cualidad de:
f9186ce2-7f57-48b6-b51b-eaa2419e0a39,10,Seguridad,0,0,0,0.00,0.00,La estabilidad estática de una embarcación depende de la posición simultánea de:
df9eb9a0-2eb0-465c-95eb-47c584709213,10,Seguridad,0,0,0,0.00,0.00,"Una embarcación tiene una buena estabilidad transversal, si tras ser apartada de su posición de equi"
7addaa85-6657-4b7e-86d9-1e5b4f7dbdbd,10,Seguridad,0,0,0,0.00,0.00,¿Cómo se verá afectado el movimiento de la embarcación si el periodo de la ola es igual al periodo d
94dcab52-8b39-43a9-b3a2-10546ef6a369,10,Seguridad,0,0,0,0.00,0.00,"Si vemos caer un hombre al agua por la banda de estribor, ¿cuál de las siguientes acciones es la más"
ace39c35-d418-43b8-b1ac-8a70de3de841,10,Seguridad,0,0,0,0.00,0.00,¿Cuál de las siguientes NO es una acción válida para búsqueda de una persona que ha caído al agua?
0c65e5b7-1392-46e9-b828-4ac7665e2bb0,10,Seguridad,0,0,0,0.00,0.00,"En relación con la derrota a seguir con mal tiempo, señale la afirmación INCORRECTA."
ea0aaaa8-2fd4-4647-9d03-b8621c817e6d,10,Seguridad,0,0,0,0.00,0.00,¿Cuál de las siguientes NO es una medida a tomar antes de salir a la mar?
cd8ee94f-d533-40a8-ad83-892bf659499c,10,Seguridad,0,0,0,0.00,0.00,¿Cuál de los siguientes supuestos afecta negativamente a la estabilidad transversal?
f4d9a02c-78d5-483e-bad8-38e209b8f6b2,10,Seguridad,0,0,0,0.00,0.00,Elevar un peso en una embarcación:
3dce484f-bf5a-4c3a-a9f4-bb06aaeb55a3,10,Seguridad,0,0,0,0.00,0.00,"Navegando a 8 millas de la costa, ¿cuál es la flotabilidad mínima que deben tener los chalecos salva"
3b66a590-c7c9-4c63-8912-9657607320e7,10,Seguridad,0,0,0,0.00,0.00,"En caso de hombre al agua, para iniciar una maniobra de Boutakow ¿qué acción deberá realizar?"
c397e379-c2f5-4368-b1f1-7a280c012eac,10,Seguridad,0,0,0,0.00,0.00,"Para recoger a una persona en el agua, lo más recomendable cuando se ve al náufrago es:"
99d7f823-3822-4c5e-9563-121b68226814,10,Seguridad,0,0,0,0.00,0.00,"Cuando tenga que comunicarse con Salvamento Marítimo para hacer una llamada de socorro, en ningún ca"
a9fa8c9e-343c-4632-a6a5-7de8a008a77a,10,Seguridad,0,0,0,0.00,0.00,"Los efectos de navegar en aguas someras son, entre otros:"
42735b63-b570-423a-91a8-4178db5fc928,10,Seguridad,0,0,0,0.00,0.00,¿Cuántas bengalas de mano debe llevar como mínimo una embarcación de recreo que navegue entre 2 y 5 
11109e58-a890-40f0-befe-561c91e4f029,10,Seguridad,0,0,0,0.00,0.00,¿Cuál es el límite de temperatura corporal por debajo del cual aparece la hipotermia?
b0f7133a-3686-4254-a964-55279da33194,10,Seguridad,0,0,0,0.00,0.00,¿Cuál de las siguientes sería una precaución a tomar navegando en aguas someras?
f987669f-f96c-4c57-9cbe-af4ce57d2d66,10,Seguridad,0,0,0,0.00,0.00,"Navegando a 4 millas de un puerto o lugar de refugio, ¿qué señales de socorro debemos llevar a bordo"
6906570b-8a07-462d-b853-8165b9e46ecf,10,Seguridad,0,0,0,0.00,0.00,¿Con cuál de los siguientes números de teléfono nos ponemos en contacto con Salvamento Marítimo?
3ad06837-2497-42e6-9b06-9a037b7c5e12,10,Seguridad,0,0,0,0.00,0.00,En aguas someras:
e3a7754e-19b9-4479-a6b2-244b6bbc0c20,10,Seguridad,0,0,0,0.00,0.00,¿Cuál de las siguientes relaciones de comprobaciones se deben realizar a bordo antes de salir a la m
60deb826-7c80-44e0-af2a-e74b3b14064f,10,Seguridad,0,0,0,0.00,0.00,¿Cuál de las siguientes afirmaciones es CORRECTA?
0dd6b6e4-afea-49b9-8b62-9b5df2c22b58,10,Seguridad,0,0,0,0.00,0.00,"En circunstancias de mal tiempo, navegando en una embarcación de recreo a motor, con la mar por la p"
cf3f988c-1a3d-4845-bd18-d82b2eff1f67,10,Seguridad,0,0,0,0.00,0.00,"¿Qué sucede cuando de forma significativa aumentamos pesos en la cubierta de intemperie, situada por"
35886648-3a1e-46ca-bd6f-67ebcb3ec459,10,Seguridad,0,0,0,0.00,0.00,El reflector radar es:
2f67fb25-abdc-404f-9418-deb469136df0,10,Seguridad,0,0,0,0.00,0.00,Una tormenta eléctrica podrá:
740ea58e-80da-4874-8316-199c3c13b977,37,Teoría de la navegación,0,0,0,0.00,0.00,"Si hablamos de cartas náuticas, ¿cuál es la definición correcta de carta de navegación costera?"
34200a7a-a85b-4a46-b6da-1691096c57aa,37,Teoría de la navegación,0,0,0,0.00,0.00,Los derroteros son:
721d4fc4-9288-4bca-b3d6-6a81d9f01f8a,37,Teoría de la navegación,0,0,0,0.00,0.00,La variación en el rumbo de una embarcación producida por la incidencia del movimiento del medio sob
848eb69f-5a8b-4b1d-8658-7a243ba9658f,37,Teoría de la navegación,0,0,0,0.00,0.00,Los derroteros son:
0984586e-e3bb-42fe-8a21-0b3781e4bd35,37,Teoría de la navegación,0,0,0,0.00,0.00,La distancia vertical medida entre una bajamar y una pleamar dadas se define como:
1328837f-cb96-4d57-a2a5-b64d46938091,37,Teoría de la navegación,0,0,0,0.00,0.00,"El desvío de una embarcación, respecto al rumbo inicial, debido a la acción del viento sobre su obra"
69bff299-df91-4c38-93e2-1a448af47452,37,Teoría de la navegación,0,0,0,0.00,0.00,La variación en el rumbo de una embarcación producida por la incidencia del movimiento del medio sob
261ba15f-cb4c-47ec-9673-0636bc3484a0,37,Teoría de la navegación,0,0,0,0.00,0.00,"Si hablamos de cartas náuticas, ¿cuál es la definición correcta de carta de navegación costera?"
503f5113-fb81-40e9-b4a2-1194d9829126,37,Teoría de la navegación,0,0,0,0.00,0.00,"El plano horizontal de referencia sobre el cual se miden, de forma vertical, las profundidades repre"
0c008ed7-b8a1-4577-97b7-7d27fa381657,37,Teoría de la navegación,0,0,0,0.00,0.00,"El desvío de una embarcación, respecto al rumbo inicial, debido a la acción del viento sobre su obra"
50e54726-9c25-45e4-ada3-9f4eb675ff27,37,Teoría de la navegación,0,0,0,0.00,0.00,En la tablilla de desvíos:
8e6ecdb9-f0eb-436c-9695-c796dda557ab,37,Teoría de la navegación,0,0,0,0.00,0.00,El viento que percibimos cuando el buque está en movimiento recibe el nombre de:
bcec9e33-a405-4ccf-a885-f6e7cdf74f99,37,Teoría de la navegación,0,0,0,0.00,0.00,¿A qué rumbo circular corresponde el rumbo cuadrantal S32W?
eabc1c3e-9527-4db6-af12-a6d9abdd8e43,37,Teoría de la navegación,0,0,0,0.00,0.00,"Si tenemos una corrección total = +10º y una declinación magnética = 10º NE, ¿cuál será el valor del"
3f3fa7a0-36e9-473d-bbe1-baf209197644,37,Teoría de la navegación,0,0,0,0.00,0.00,Un nudo es:
16872d96-f0e7-45e2-9c87-67b3e2ae99d3,37,Teoría de la navegación,0,0,0,0.00,0.00,¿Quién edita en España los derroteros?
70affcd3-d4f0-43c6-b69d-62740bc76d1b,37,Teoría de la navegación,0,0,0,0.00,0.00,Un nudo es:
68890210-d386-44d2-b567-6a24955280d3,37,Teoría de la navegación,0,0,0,0.00,0.00,La pieza central de las agujas náuticas de forma troncocónica para que el punto de apoyo esté más al
99f19269-68fb-4ae1-b182-ff156a585329,37,Teoría de la navegación,0,0,0,0.00,0.00,El desvío de aguja varía con:
f8d0bead-607a-49a9-8724-75807cc5cc26,37,Teoría de la navegación,0,0,0,0.00,0.00,Las marcaciones se miden:
ceb76ce3-1ed4-4ce1-8bee-b735b2ef9d28,37,Teoría de la navegación,0,0,0,0.00,0.00,¿Quién edita en España los derroteros?
a7fdcc2e-8f49-4302-a166-e30cf034545c,37,Teoría de la navegación,0,0,0,0.00,0.00,"En relación con las cartas náuticas, ¿cuál es la definición correcta de cartucho?"
00e496b9-e330-4520-b7a9-e0eed4925c27,37,Teoría de la navegación,0,0,0,0.00,0.00,La hora de reloj de bitácora es:
d4431343-2ecb-40c2-8036-b2ff96a6669a,37,Teoría de la navegación,0,0,0,0.00,0.00,"A la inserción a mayor escala, en determinadas cartas, de una zona concreta de la misma, se denomina"
136bca87-8278-44d1-a742-a003a4eebd89,37,Teoría de la navegación,0,0,0,0.00,0.00,¿Cómo se aplica el coeficiente de corredera?
777ff7cd-177d-4c55-9f89-02e9b0408706,37,Teoría de la navegación,0,0,0,0.00,0.00,"A la inserción a mayor escala, en determinadas cartas, de una zona concreta de la misma, se denomina"
41477ed1-2b25-4af4-96a2-c953eb87f9f6,37,Teoría de la navegación,0,0,0,0.00,0.00,La pieza central de las agujas náuticas de forma troncocónica para que el punto de apoyo esté más al
d3ed8978-5f9b-4cab-abeb-9ddd2438ac5b,37,Teoría de la navegación,0,0,0,0.00,0.00,La hora de reloj de bitácora es:
fb3d274a-6e1c-4acd-bdae-cb2b095b693c,37,Teoría de la navegación,0,0,0,0.00,0.00,El ángulo formado entre la línea de crujía del barco y la visual desde el mismo a un punto destacado
bca7743f-d2cc-4629-88cb-e73a45a8b7b3,37,Teoría de la navegación,0,0,0,0.00,0.00,¿Cómo se aplica el coeficiente de corredera?
1385f482-4a6a-4c72-aa23-d00447bc1e82,37,Teoría de la navegación,0,0,0,0.00,0.00,Se denomina declinación magnética al ángulo formado entre:
1ec82159-7680-41b4-bc60-1ba7ec8b829c,37,Teoría de la navegación,0,0,0,0.00,0.00,¿Cuál es la definición CORRECTA de meridiano?
27ea29f6-8285-4687-84bd-7f462d0e5353,37,Teoría de la navegación,0,0,0,0.00,0.00,Indique la afirmación CORRECTA acerca de las Marcas de peligro aislado:
c18ac1fa-768b-4228-8dd9-46b97a399508,37,Teoría de la navegación,0,0,0,0.00,0.00,¿Cuál sería el valor de la corrección total si la declinación magnética tiene un valor de 3º(-) y el
83d135da-6815-4969-a9e8-bb8cc7524cb2,37,Teoría de la navegación,0,0,0,0.00,0.00,¿Quién edita en España los libros de faros?
b382dbc7-2757-401f-9a16-2082b870aa6d,37,Teoría de la navegación,0,0,0,0.00,0.00,La conversión del rumbo N70W a rumbo circular es:
c072abfb-bc3d-4716-a08c-d07cb7d49e8d,37,Teoría de la navegación,0,0,0,0.00,0.00,¿Quién edita en España los libros de faros?
01a63f11-56a9-45cd-8b6f-0ecf3112c121,37,Teoría de la navegación,0,0,0,0.00,0.00,¿Qué mide la sonda en una embarcación?
3c1ff4f4-2ce2-439d-adb5-f7902195d6f1,37,Teoría de la navegación,0,0,0,0.00,0.00,En cada lugar de la Tierra el meridiano magnético está separado un cierto ángulo del meridiano verda
ddab7137-ecc2-4f34-80bb-cb11665142c4,37,Teoría de la navegación,0,0,0,0.00,0.00,"El ángulo que forma la proa con la derrota que sigue el barco sobre la superficie del agua, debido a"
3c7f04b2-72d7-461b-84c5-09e2738d401a,37,Teoría de la navegación,0,0,0,0.00,0.00,En cada lugar de la Tierra el meridiano magnético está separado un cierto ángulo del meridiano verda
a67bffd2-3578-4fa0-97c2-5609c27167dc,37,Teoría de la navegación,0,0,0,0.00,0.00,¿Cuál es la definición de latitud?
cde660f0-5ccb-4782-a78b-8e54d8ff6c09,37,Teoría de la navegación,0,0,0,0.00,0.00,"Navegando a rumbo N30E, ¿cómo se expresaría dicho rumbo en circulares?"
3eeeac92-6777-45cf-b41c-4c18bcac2aba,37,Teoría de la navegación,0,0,0,0.00,0.00,¿Cuál es la definición de latitud?
22334f8f-6a82-4783-8e85-34bcd51f9ac3,37,Teoría de la navegación,0,0,0,0.00,0.00,"El ángulo que forma la proa con la derrota que sigue el barco sobre la superficie del agua, debido a"
373c20cb-b865-4f8e-8dd0-e1a48a073902,37,Teoría de la navegación,0,0,0,0.00,0.00,"En relación a la aguja náutica, la hendidura en el centro de la rosa (disco), que permite el giro ho"
71e93a2b-7896-427e-8715-798cc17551e0,37,Teoría de la navegación,0,0,0,0.00,0.00,"Si tenemos una declinación magnética = 5º NW (-) y un desvío de aguja = 1º NE (+), ¿cuál es el"
9e67ac25-bf7e-406f-9cf9-5afc78ba6b47,37,Teoría de la navegación,0,0,0,0.00,0.00,"Cuando nos referimos en la carta náutica a una “línea isobática”, estamos hablando de:"
07311efb-f2d3-40ae-997f-a1fa3be6b678,37,Teoría de la navegación,0,0,0,0.00,0.00,"Suponiendo que navegamos a una velocidad de 5 nudos y que existe corriente en contra de 1 nudo,"
6ea3e44a-e1cd-4b47-a9af-75984cd62b10,37,Teoría de la navegación,0,0,0,0.00,0.00,"Cuando nos referimos en la carta náutica a una “línea isobática”, estamos hablando de:"
c0f4d970-a28d-46e2-b266-b83a09de50ec,37,Teoría de la navegación,0,0,0,0.00,0.00,"Suponiendo que navegamos a una velocidad de 5 nudos y que existe corriente en contra de 1 nudo,"
cae5a859-5602-415a-ac50-1ff076ba526e,37,Teoría de la navegación,0,0,0,0.00,0.00,Indique cuál de las siguientes expresiones es CORRECTA.
bc948799-f763-4720-98b3-aeffb677b70e,37,Teoría de la navegación,0,0,0,0.00,0.00,El ángulo formado entre el meridiano geográfico y el meridiano magnético se denomina:
a853b505-4168-456e-b51e-27c24b3234e4,37,Teoría de la navegación,0,0,0,0.00,0.00,"Si tenemos una declinación magnética = 5º NW (-) y un desvío de aguja = 1º NE (+), ¿cuál es el"
6f0590b2-8c01-4e83-99b1-9966c58997ff,37,Teoría de la navegación,0,0,0,0.00,0.00,El ángulo formado entre el meridiano geográfico y el meridiano magnético se denomina:
5cce633f-3da0-4e35-8bf5-b46458293c86,37,Teoría de la navegación,0,0,0,0.00,0.00,"En relación con el desvío de aguja, ¿cuál de las siguientes afirmaciones es CORRECTA?"
15196f40-16ba-414e-bf50-a893ab1d9517,37,Teoría de la navegación,0,0,0,0.00,0.00,¿Cuál de las siguientes afirmaciones sobre el abatimiento es INCORRECTA?
1df12d80-cc36-45ca-bec7-4aed8b004557,37,Teoría de la navegación,0,0,0,0.00,0.00,"En relación con el desvío de aguja, ¿cuál de las siguientes afirmaciones es CORRECTA?"
f869c77b-2b6d-4cc5-8db1-2afb3962fcf0,37,Teoría de la navegación,0,0,0,0.00,0.00,El rumbo verdadero se diferencia del rumbo magnético en:
264641c6-2583-4dce-b934-4a7fab380642,37,Teoría de la navegación,0,0,0,0.00,0.00,El rumbo es el ángulo formado entre la dirección de la proa y:
c8137336-e11e-48a6-b087-b78cf4cc4ee6,37,Teoría de la navegación,0,0,0,0.00,0.00,Indique cuál de las siguientes expresiones es CORRECTA.
d3da1b46-5c6c-46a5-9ac7-2a957493d7a7,37,Teoría de la navegación,0,0,0,0.00,0.00,¿Cuál de las siguientes afirmaciones sobre el abatimiento es INCORRECTA?
b0ddedeb-8178-4762-9093-4f4a9eba8bae,37,Teoría de la navegación,0,0,0,0.00,0.00,El rumbo verdadero se diferencia del rumbo magnético en:
cf6841b5-3883-424e-b183-a2c04d345f38,37,Teoría de la navegación,0,0,0,0.00,0.00,La expresión “cartucho” en una carta náutica se refiere a:
137e83ed-3a50-4ada-9111-c6614a81edf8,37,Teoría de la navegación,0,0,0,0.00,0.00,¿Cuál es la definición correcta de paralelo?
04f1a331-3b60-4b32-b154-9fd81a0501f9,37,Teoría de la navegación,0,0,0,0.00,0.00,En relación con las mareas señale la afirmación INCORRECTA:
0cde557e-368c-4bd0-85c2-7445aa59afe8,37,Teoría de la navegación,0,0,0,0.00,0.00,¿Qué afirmación es VERDADERA sobre los rumbos?
d9e1b3c5-97e3-40d2-b352-6bf09a45828c,37,Teoría de la navegación,0,0,0,0.00,0.00,La enfilación:
dd775210-ab38-4422-8396-786cb4e03e47,37,Teoría de la navegación,0,0,0,0.00,0.00,La enfilación:
e596c3bb-8dcb-4028-a264-962912bfe34d,37,Teoría de la navegación,0,0,0,0.00,0.00,La marcación se cuenta:
4d2b80ca-27c1-4e3b-b552-fecffefdb119,37,Teoría de la navegación,0,0,0,0.00,0.00,¿Cuál es la definición correcta de paralelo?
c1cf46b7-d68e-4836-971c-d005fb8e95f6,37,Teoría de la navegación,0,0,0,0.00,0.00,¿De qué color es la luz de una marca lateral en la región A que marca el canal de entrada a un puert
5bb6b1b0-cbbb-423e-b77d-6dbd6d0d9ae3,37,Teoría de la navegación,0,0,0,0.00,0.00,En relación al desvío de la aguja elija cuál de las siguientes afirmaciones es CORRECTA:
99ffc3fe-4622-440f-8fce-75f0334e3fa8,37,Teoría de la navegación,0,0,0,0.00,0.00,¿De qué color es la luz de una marca lateral en la región A que marca el canal de entrada a un puert
4dc738ab-9398-46f6-9e10-998d3b278b8b,37,Teoría de la navegación,0,0,0,0.00,0.00,La marcación se cuenta:
66c073e9-61e6-47c9-aa8f-5b1e128fca84,37,Teoría de la navegación,0,0,0,0.00,0.00,La Milla Náutica:
e15716a4-7ef8-473b-a55e-067a83de683a,37,Teoría de la navegación,0,0,0,0.00,0.00,¿Cuál sería el valor de la corrección total si la declinación magnética tiene un valor de 3º(-) y el
e9867f2a-3cd3-4030-b790-1f6185bf020f,37,Teoría de la navegación,0,0,0,0.00,0.00,En relación al desvío de la aguja elija cuál de las siguientes afirmaciones es CORRECTA:
42370240-b48d-4266-ba46-372fc0fa5b14,37,Teoría de la navegación,0,0,0,0.00,0.00,El Coeficiente de Corredera:
b58415af-04e3-4176-8acb-0adfc2bc1e71,37,Teoría de la navegación,0,0,0,0.00,0.00,A la diferencia entre el rumbo verdadero y el rumbo de aguja se denomina:
192bed72-5bf7-4108-a985-c31c98bb1d47,37,Teoría de la navegación,0,0,0,0.00,0.00,"Siendo el valor de la declinación magnética 8NW y el desvío 6NE, la Corrección Total será:"
f34b634d-852a-498e-9cd4-e87301d7c8bc,37,Teoría de la navegación,0,0,0,0.00,0.00,Señale la afirmación CORRECTA sobre la demora:
27d06232-c064-483e-9159-150640a82368,37,Teoría de la navegación,0,0,0,0.00,0.00,La distancia vertical medida entre una bajamar y una pleamar dadas se define como:
37400ef0-7e9c-45f3-8617-f09ca7b820c8,38,Teoría de la navegación,0,0,0,0.00,0.00,¿Cómo se aplica el coeficiente de corredera?
de7473d0-64b5-498d-92aa-14e3ccbb1f5c,38,Teoría de la navegación,0,0,0,0.00,0.00,"Navegando a rumbo N30E, ¿cómo se expresaría dicho rumbo en circulares?"
520d8c18-fc63-4a05-b30f-1d3674e9cc54,38,Teoría de la navegación,0,0,0,0.00,0.00,"En relación con la aguja náutica, ¿cuál de las siguientes afirmaciones es INCORRECTA?"
06dec55c-4c38-445c-b87b-e22da57ab0b7,38,Teoría de la navegación,0,0,0,0.00,0.00,¿Cuál de los siguientes tipos de cartas tiene una escala menor?
35dc2f1a-763a-4378-936c-8c61f605ad5d,38,Teoría de la navegación,0,0,0,0.00,0.00,"Si hablamos de cartas náuticas, ¿cuál es la definición correcta de carta de navegación costera?"
74c8820e-75d3-44f4-be65-deaa4f76e1db,38,Teoría de la navegación,0,0,0,0.00,0.00,"A la inserción a mayor escala, en determinadas cartas, de una zona concreta de la misma, se denomina"
7f5e0610-a2d2-42fa-99f2-9e414191855b,38,Teoría de la navegación,0,0,0,0.00,0.00,¿Cómo se aplica el coeficiente de corredera?
11ae2c09-d6ac-4327-960d-cb7ae6079221,38,Teoría de la navegación,0,0,0,0.00,0.00,"En relación con el desvío de aguja, ¿cuál de las siguientes afirmaciones es CORRECTA?"
4aa95877-bd6d-4107-986b-c4ee1883633c,38,Teoría de la navegación,0,0,0,0.00,0.00,¿Sobre qué pieza afilada de la aguja náutica descansa y oscila la rosa?
82140dac-0f2a-45c3-88f7-73602b7e9034,38,Teoría de la navegación,0,0,0,0.00,0.00,"Si en la carta de navegación, vemos la siguiente abreviatura al lado de la representación gráfica de"
416b1787-5a31-4507-ac7f-cec1eafd0186,38,Teoría de la navegación,0,0,0,0.00,0.00,¿Sobre qué pieza afilada de la aguja náutica descansa y oscila la rosa?
913642b1-ed82-4cd0-a672-2cf6014dc486,38,Teoría de la navegación,0,0,0,0.00,0.00,La Corrección Total se cuenta desde:
1c4bec8a-a001-44ad-b1b1-37e56da1a5bd,38,Teoría de la navegación,0,0,0,0.00,0.00,En relación con las mareas señale la afirmación INCORRECTA:
4fcae7ea-b083-46e3-b34d-a05f9e71e12f,38,Teoría de la navegación,0,0,0,0.00,0.00,En relación a la Corrección Total indique la respuesta INCORRECTA:
1680a605-e815-4134-9a95-fd7fcdb85ad0,38,Teoría de la navegación,0,0,0,0.00,0.00,"En relación con la aguja náutica, ¿cuál de las siguientes afirmaciones es INCORRECTA?"
c31d71ac-e747-4e6b-9d60-f817a9d0b117,38,Teoría de la navegación,0,0,0,0.00,0.00,El ángulo comprendido entre la dirección de la proa y la visual a un objeto se llama:
fb2c9c91-fe44-4260-a2f8-4ad3fc5b8d78,38,Teoría de la navegación,0,0,0,0.00,0.00,La marcación se cuenta:
28d5f5c5-484e-400f-b718-0ffefdb420e2,38,Teoría de la navegación,0,0,0,0.00,0.00,En la tablilla de desvíos figuran:
c03abac8-5cdd-4f92-a15c-607631ba7d78,38,Teoría de la navegación,0,0,0,0.00,0.00,¿En qué publicación del Instituto Hidrográfico de la Marina podemos encontrar con detalle los perfil
6dfcb2ac-3c6d-4349-8c6c-90483bc3e506,38,Teoría de la navegación,0,0,0,0.00,0.00,La variación en el rumbo de una embarcación producida por la incidencia sobre su obra viva del movim
b13a6788-f895-446d-b1d6-0fda57d08b11,38,Teoría de la navegación,0,0,0,0.00,0.00,Nos encontramos navegando y para determinar nuestra posición respecto de un punto de la costa decidi
8bb4ad5d-35a0-45bb-923e-0a0674cc4cc5,38,Teoría de la navegación,0,0,0,0.00,0.00,¿En qué publicación del Instituto Hidrográfico de la Marina podemos encontrar con detalle los perfil
13d61846-666c-4f85-9575-faa87a9981e9,38,Teoría de la navegación,0,0,0,0.00,0.00,"A la inserción a mayor escala, en determinadas cartas, de una zona concreta de la misma, se denomina"
8036378e-6d64-46ec-84b3-283ce3321dc5,38,Teoría de la navegación,0,0,0,0.00,0.00,Las sondas reflejadas en las cartas náuticas se corresponden con:
fea8c024-4d67-4a0c-96e9-6f1b0933c5d7,38,Teoría de la navegación,0,0,0,0.00,0.00,El desvío de la aguja:
e78713e5-fd23-4102-ad16-46734e2f0e7a,38,Teoría de la navegación,0,0,0,0.00,0.00,"En relación con la forma de medir el rumbo denominada cuadrantal, indique la respuesta CORRECTA."
88103fa1-d586-47d9-b054-2bc9dcf9aa0b,38,Teoría de la navegación,0,0,0,0.00,0.00,La declinación magnética:
8fe5457d-4d3c-4158-a425-d05023b61125,38,Teoría de la navegación,0,0,0,0.00,0.00,El rumbo de aguja se diferencia del rumbo magnético en:
54be6d88-76ab-4606-a259-cda0a29d05f8,38,Teoría de la navegación,0,0,0,0.00,0.00,Señale la afirmación CORRECTA sobre la demora:
16bcd2c4-001c-461e-a664-23fd02f4b88b,38,Teoría de la navegación,0,0,0,0.00,0.00,¿Por qué NO coincide el Rumbo de aguja con el Rumbo verdadero?
1c2f2989-034d-48c2-9610-7e59a913efc8,38,Teoría de la navegación,0,0,0,0.00,0.00,"Si hablamos de cartas náuticas, ¿cuál es la definición correcta de carta de navegación costera?"
2262d15a-972a-4f12-98d3-af7288787e3e,38,Teoría de la navegación,0,0,0,0.00,0.00,Se conoce como Meridiano Cero al:
6b24e6b4-1379-48ea-a913-cdf10bf6a101,38,Teoría de la navegación,0,0,0,0.00,0.00,"En relación con la declinación magnética, ¿cuál de las siguientes afirmaciones es CORRECTA?"
e6568a09-cb81-40bf-9822-5243a9c950b1,38,Teoría de la navegación,0,0,0,0.00,0.00,El ángulo que forma el Norte de aguja con el Norte magnético se define como:
0c725fbb-385e-45eb-87b0-fdd4d88d995c,38,Teoría de la navegación,0,0,0,0.00,0.00,"Navegando en una zona con 2W de declinación magnética, y con un rumbo de aguja de 030º, observamos e"
e3148735-088a-47a1-a581-421b00583d56,38,Teoría de la navegación,0,0,0,0.00,0.00,"Suponiendo la existencia de viento por la amura, para corregir el abatimiento y finalmente hacer un "
b804d019-0c9d-4bbf-9693-29d5b82c360e,38,Teoría de la navegación,0,0,0,0.00,0.00,"Si hablamos de cartas náuticas, ¿cuál es la definición CORRECTA de portulano?"
98b3402e-5492-44f6-9c69-9d43467ffe5e,38,Teoría de la navegación,0,0,0,0.00,0.00,¿Qué rumbo circular será el rumbo cuadrantal N50ºW?
41decd89-5a54-409f-ae27-afea04f2ae58,38,Teoría de la navegación,0,0,0,0.00,0.00,"Navegando en una zona con 2W de declinación magnética, y con un rumbo de aguja de 030º, observamos e"
3bb03d58-3276-496f-9af9-3ea8d7877668,38,Teoría de la navegación,0,0,0,0.00,0.00,"Si tenemos una corrección total = +10º y una declinación magnética = 10º NE, ¿cuál será el valor del"
4bfd4bb2-a683-4ed1-a508-b6406fe72f3e,38,Teoría de la navegación,0,0,0,0.00,0.00,"Navegando en una zona con 2W de declinación magnética, y con un rumbo de aguja de 030º, observamos e"
80904d3e-f166-4932-b2cc-40b76efd316d,38,Teoría de la navegación,0,0,0,0.00,0.00,"En relación con el desvío de aguja, ¿cuál de las siguientes afirmaciones es CORRECTA?"
5d43be17-c7be-4952-909b-79b0e7cad082,38,Teoría de la navegación,0,0,0,0.00,0.00,El meridiano cero es:
0b08e0b9-6aaf-4d14-948d-8eb624221ef7,38,Teoría de la navegación,0,0,0,0.00,0.00,Entre las características de las luces marítimas están:
3572efce-b295-42f9-ad6d-6626d304fb12,38,Teoría de la navegación,0,0,0,0.00,0.00,La declinación magnética:
fb8650b5-4feb-4e16-a71c-45b9e60bbe1a,38,Teoría de la navegación,0,0,0,0.00,0.00,¿Cuál de las siguientes afirmaciones es INCORRECTA?
d454542b-e601-48e7-8d58-a486c9ad0965,38,Teoría de la navegación,0,0,0,0.00,0.00,En la región A de balizamiento las marcas laterales de babor podrán tener forma:
29f0bdb7-3c44-4ace-872b-a3e2d8be42db,38,Teoría de la navegación,0,0,0,0.00,0.00,El viento que percibimos cuando el buque está en movimiento recibe el nombre de:
255ba732-2a51-4f71-aa82-2a8bb0ad88c1,38,Teoría de la navegación,0,0,0,0.00,0.00,La altura de la pleamar es la distancia vertical de la superficie del agua sobre:
c5ac0f88-b77b-4e56-94e7-069148cb737e,38,Teoría de la navegación,0,0,0,0.00,0.00,¿Cuál de los siguientes tipos de cartas tiene una escala menor?
86c6ff41-5cde-4d56-852f-d28021aee019,38,Teoría de la navegación,0,0,0,0.00,0.00,"En relación con la declinación magnética, ¿cuál de las siguientes afirmaciones es CORRECTA?"
efc86212-2a1d-4cd6-97d0-755b7e507462,38,Teoría de la navegación,0,0,0,0.00,0.00,Se conoce como Meridiano Cero al:
d02b5bbf-341d-4e9d-a632-2f0f2d24b78c,38,Teoría de la navegación,0,0,0,0.00,0.00,La altura de la pleamar es la distancia vertical de la superficie del agua sobre:
9671a5d9-a94d-48a1-9266-6b57575e8624,38,Teoría de la navegación,0,0,0,0.00,0.00,La corrección total es:
6d420f3f-b843-4ff6-9705-302c0dbbb3a6,38,Teoría de la navegación,0,0,0,0.00,0.00,"Navegando en una zona con 2W de declinación magnética, y con un rumbo de aguja de 030º, observamos e"
a531f1ca-c202-4425-9853-f619acf278fc,38,Teoría de la navegación,0,0,0,0.00,0.00,En la región A de balizamiento las marcas laterales de babor podrán tener forma:
6dbc81b3-dbfc-4650-b851-9b15fdb9f261,38,Teoría de la navegación,0,0,0,0.00,0.00,¿Cuál es la definición correcta de paralelo?
e3a2d3f5-1b1b-49aa-b18e-32ab14ba1754,38,Teoría de la navegación,0,0,0,0.00,0.00,¿Cuál es la definición de latitud?
3f5ff087-61d7-4abc-b927-9a8f2007bf14,38,Teoría de la navegación,0,0,0,0.00,0.00,La marcación en circulares:
9cd66b3e-cf55-4819-a8eb-1b5e383a659d,38,Teoría de la navegación,0,0,0,0.00,0.00,Entre las características de las luces marítimas están:
fe526dd4-f793-4b4a-9d41-d0f8b8b591be,38,Teoría de la navegación,0,0,0,0.00,0.00,La variación en el rumbo de una embarcación producida por la incidencia sobre su obra viva del movim
1c8ccb5b-c8e8-4424-89cb-a966c6c550db,38,Teoría de la navegación,0,0,0,0.00,0.00,El rumbo verdadero se diferencia del rumbo magnético en:
769e6ded-c441-491d-91ff-45f0dba98cf0,38,Teoría de la navegación,0,0,0,0.00,0.00,Entre las características de las luces marítimas están:
3eaa3fde-65bd-4dc9-b013-ef0fd4d6c388,38,Teoría de la navegación,0,0,0,0.00,0.00,La marcación se define como:
1c88c764-dcd5-424c-a7a6-f93425d2258a,38,Teoría de la navegación,0,0,0,0.00,0.00,El rumbo verdadero es
14f96de3-1e41-47f7-84b0-8526538609d3,38,Teoría de la navegación,0,0,0,0.00,0.00,¿Por qué NO coincide el Rumbo de aguja con el Rumbo verdadero?
84477985-98ca-4e9b-ba19-084852c23470,38,Teoría de la navegación,0,0,0,0.00,0.00,Las sondas reflejadas en las cartas náuticas se corresponden con:
40231169-f68b-4fdd-8299-3904b5159b91,38,Teoría de la navegación,0,0,0,0.00,0.00,El rumbo verdadero se diferencia del rumbo magnético en:
e6b35bb2-ec5c-4b6d-bf70-e5913330e6ab,38,Teoría de la navegación,0,0,0,0.00,0.00,¿Cómo se debe medir una distancia entre dos puntos en la carta náutica?
893e2d9b-3107-4160-82b2-086f232d22a1,38,Teoría de la navegación,0,0,0,0.00,0.00,La marcación se cuenta:
eaafbec3-d932-43c6-bbb8-b484f324ab2a,38,Teoría de la navegación,0,0,0,0.00,0.00,La altura de la pleamar es la distancia vertical de la superficie del agua sobre:
07348ecc-09c5-4a5b-b6c8-e432013607ec,38,Teoría de la navegación,0,0,0,0.00,0.00,El meridiano cero es:
7d6b7fdc-9252-4b1f-aee7-fd68f1143c15,38,Teoría de la navegación,0,0,0,0.00,0.00,"Si tenemos una declinación magnética = 5º 30' W y un desvío de aguja = 7º E, ¿cúal es el resultado"
f173ed50-fc1d-4bdf-bdac-acf07a21d42b,38,Teoría de la navegación,0,0,0,0.00,0.00,El rumbo verdadero es
d2808a4b-946e-4390-bff8-b3572343ae23,38,Teoría de la navegación,0,0,0,0.00,0.00,La conversión del rumbo N70W a rumbo circular es:
f4bad8d4-d317-4dee-88c3-c78a150f71fd,38,Teoría de la navegación,0,0,0,0.00,0.00,¿Cuál es la definición correcta de paralelo?
98e05482-88cf-4097-8c04-762e7bf340cb,38,Teoría de la navegación,0,0,0,0.00,0.00,"Con relación a los derroteros, ¿cuál de las siguientes afirmaciones se ajusta más a su descripción?"
a15cba68-ae69-4bb2-9169-1ebbd1f201f3,38,Teoría de la navegación,0,0,0,0.00,0.00,¿Cuál es la definición de latitud?
fcf4395b-cfda-49e0-82da-56791e1963ab,38,Teoría de la navegación,0,0,0,0.00,0.00,La Corrección Total se cuenta desde:
1dcee924-79cc-401e-bbef-54ea3ed46984,38,Teoría de la navegación,0,0,0,0.00,0.00,¿Cómo se denomina a la diferencia expresada en metros entre la altura de la marea en la bajamar
dcfeff6f-dd7f-4cab-8896-6949f060a76a,38,Teoría de la navegación,0,0,0,0.00,0.00,Nos encontramos navegando y para determinar nuestra posición respecto de un punto de la costa decidi
41c9f90d-01bd-4751-84dc-992ba197a5b9,39,Teoría de la navegación,0,0,0,0.00,0.00,"Con relación a la tablilla de desvíos, indique cuál es la afirmación CORRECTA."
2ba6cdcf-98e4-4c07-abd4-ea87a2c1082f,39,Teoría de la navegación,0,0,0,0.00,0.00,"Suponiendo la existencia de viento por la amura, para corregir el abatimiento y finalmente hacer un "
81b50904-8919-4ea8-9d7c-8e25f35db713,39,Teoría de la navegación,0,0,0,0.00,0.00,"¿Qué se entiende por ""Hora de Reloj de Bitácora""?"
54ea1132-3de1-4729-aee1-9de6c2a4cb3f,39,Teoría de la navegación,0,0,0,0.00,0.00,En cada lugar de la Tierra el meridiano magnético está separado un cierto ángulo del meridiano verda
2cfbc1fa-0b5e-425e-9f01-a51ac20a91d0,39,Teoría de la navegación,0,0,0,0.00,0.00,El ángulo que forma el Norte de aguja con el Norte magnético se define como:
209cece2-f5cf-430f-b6d6-e98f6e33b2c9,39,Teoría de la navegación,0,0,0,0.00,0.00,La diferencia entre las definiciones de enfilación y oposición está relacionada con:
52229c62-e487-43aa-910d-c53b8b78c015,39,Teoría de la navegación,0,0,0,0.00,0.00,Para conocer la latitud de cualquier punto sobre la esfera terrestre mediremos:
f52b92c9-6892-49e2-80b2-54504ded987c,39,Teoría de la navegación,0,0,0,0.00,0.00,Las escalas de latitudes en una carta náutica:
f14b7cb7-c125-454d-81a7-3fad4d58a93f,39,Teoría de la navegación,0,0,0,0.00,0.00,La diferencia entre las definiciones de enfilación y oposición está relacionada con:
52a9c0c2-e89d-4d1a-b7ed-b56cd4fa3e4f,39,Teoría de la navegación,0,0,0,0.00,0.00,En la carta de navegación del Estrecho de Gibraltar encontramos la siguiente información sobre el Fa
1bd90b96-e991-428d-9074-0e8867df9925,39,Teoría de la navegación,0,0,0,0.00,0.00,Las marcaciones se cuentan:
6b18fde5-80ce-4692-966b-68cb7e22f702,39,Teoría de la navegación,0,0,0,0.00,0.00,¿Cómo se debe medir una distancia entre dos puntos en la carta náutica?
f86ca0a3-6f6d-4606-bd03-81b43e506e8e,39,Teoría de la navegación,0,0,0,0.00,0.00,En cada lugar de la Tierra el meridiano magnético está separado un cierto ángulo del meridiano verda
478b54e1-cdba-4c75-a4ad-2580058350a8,39,Teoría de la navegación,0,0,0,0.00,0.00,"Para su correcto funcionamiento, las agujas náuticas deben cumplir dos cualidades esenciales:"
5ee77d1d-74b0-4cf0-b4b1-fa27230876c0,39,Teoría de la navegación,0,0,0,0.00,0.00,En la carta de navegación del Estrecho de Gibraltar encontramos la siguiente información sobre el Fa
364831c5-68ce-43bf-85cc-4de310f74ae9,39,Teoría de la navegación,0,0,0,0.00,0.00,Las escalas de latitudes en una carta náutica:
93b1aaf3-a513-4a6f-a9c3-568d1cec7ab9,39,Teoría de la navegación,0,0,0,0.00,0.00,Se denomina declinación magnética al ángulo formado entre:
6293d0d5-0d81-4239-bd90-68cf7d0d0b0a,39,Teoría de la navegación,0,0,0,0.00,0.00,Para conocer la latitud de cualquier punto sobre la esfera terrestre mediremos:
b884fe89-9397-4c06-b204-1ca8b12363ff,39,Teoría de la navegación,0,0,0,0.00,0.00,"De las siguientes líneas de una carta náutica, ¿cuál NO se considera una línea de posición?"
dd4761e5-6aeb-4a1b-a1c7-1dd15c72c950,39,Teoría de la navegación,0,0,0,0.00,0.00,"Para su correcto funcionamiento, las agujas náuticas deben cumplir dos cualidades esenciales:"
53523ce3-4fa8-4394-9a6d-dbfd59a289e1,39,Teoría de la navegación,0,0,0,0.00,0.00,Para conocer la latitud de cualquier punto sobre la esfera terrestre mediremos:
05a7cbf3-61f4-4a73-9247-058c57dda761,39,Teoría de la navegación,0,0,0,0.00,0.00,El ángulo que forma el Norte de aguja con el Norte magnético se define como:
58c4075c-86d5-45d5-96d0-51805b122006,39,Teoría de la navegación,0,0,0,0.00,0.00,Las marcaciones se cuentan:
725447a7-3b53-4c6f-a7e3-0f4c2ac6b218,39,Teoría de la navegación,0,0,0,0.00,0.00,"Para su correcto funcionamiento, las agujas náuticas deben cumplir dos cualidades esenciales:"
d40e9bfa-4376-4ccf-ae14-63fccea05ed3,39,Teoría de la navegación,0,0,0,0.00,0.00,¿Qué es el coeficiente de corredera?
0fc87f9f-4d20-4eea-be32-1effbd44b418,39,Teoría de la navegación,0,0,0,0.00,0.00,Si en la carta de navegación vemos la siguiente abreviatura al lado de la representación gráfica de 
f71d7b13-a8ac-42aa-97b8-95edeb80ee27,39,Teoría de la navegación,0,0,0,0.00,0.00,"En relación con la declinación magnética, ¿cuál de las siguientes afirmaciones es CORRECTA?"
97af23a3-46e1-4cc1-ad3b-6bb071e6c840,39,Teoría de la navegación,0,0,0,0.00,0.00,La marcación se define como:
7c953ec2-da56-49c1-a878-76e62ba07a9b,39,Teoría de la navegación,0,0,0,0.00,0.00,La deriva se produce al incidir:
853e9fcd-4d83-4c93-ae86-cbe0448656ce,39,Teoría de la navegación,0,0,0,0.00,0.00,¿Cuál de los siguientes conceptos NO es una línea de posición?
69ad6c70-e6a9-48e0-8479-b6fbadc3c78c,39,Teoría de la navegación,0,0,0,0.00,0.00,¿Cuál es la definición correcta de ecuador?
0ae651d5-8069-421c-a61d-5f68a592c686,39,Teoría de la navegación,0,0,0,0.00,0.00,Una milla náutica:
55ddc0b3-51cb-4dbc-9c80-7b0dac2e5807,39,Teoría de la navegación,0,0,0,0.00,0.00,¿Cuál de los siguientes conceptos está directamente relacionado con las corrientes marinas a las que
ba2eea25-1cc8-4338-876c-47128e97b959,39,Teoría de la navegación,0,0,0,0.00,0.00,"En un determinado lugar, actualizando la declinación magnética que viene en la carta, nos da 11°NW y"
7ce4e739-c8c3-45da-ab9e-6d8fd58f688e,39,Teoría de la navegación,0,0,0,0.00,0.00,¿Qué afirmación es VERDADERA sobre los rumbos?
8ee71ecc-e944-49a8-9726-bd3edb0bf8ef,39,Teoría de la navegación,0,0,0,0.00,0.00,El ángulo comprendido entre la dirección de la proa y la visual a un objeto se llama:
3f3e942d-6955-4362-9c7d-9284d90e0e09,39,Teoría de la navegación,0,0,0,0.00,0.00,El Coeficiente de Corredera:
a5e427bc-7d71-4b65-a62a-a0dcd5e96f3b,39,Teoría de la navegación,0,0,0,0.00,0.00,Nos encontramos navegando y para determinar nuestra posición respecto de un punto de la costa decidi
09948eb4-b811-4e0d-a37a-24ef63cf6e4d,39,Teoría de la navegación,0,0,0,0.00,0.00,La diferencia de alturas entre una Pleamar y una Bajamar consecutivas recibe el nombre de:
59e91e3f-b87d-4aa8-adad-6a4a2183c7f4,39,Teoría de la navegación,0,0,0,0.00,0.00,¿Cuál es la definición correcta de ecuador?
a1e51e3f-a5e0-4b1c-b442-cb33f0ec8c7d,39,Teoría de la navegación,0,0,0,0.00,0.00,¿Cuál de los siguientes conceptos está directamente relacionado con las corrientes marinas a las que
9f913883-ca20-4e5d-a025-b3688f4f0f23,39,Teoría de la navegación,0,0,0,0.00,0.00,La diferencia de alturas entre una Pleamar y una Bajamar consecutivas recibe el nombre de:
db100589-65f5-4d3e-b0e7-72b80b2f1fef,39,Teoría de la navegación,0,0,0,0.00,0.00,El Coeficiente de Corredera:
4094a8cd-0ccc-4660-8784-e66ffadcd223,39,Teoría de la navegación,0,0,0,0.00,0.00,La línea de posición trazada por la alineación de dos objetos visibles de la costa o reconocibles en
5c15ab8a-94af-44dd-a7f2-038047835fbd,39,Teoría de la navegación,0,0,0,0.00,0.00,"Al ángulo formado entre el Norte magnético y el Norte verdadero, se le denomina:"
d6e70808-aa8b-43da-99aa-7f76098ab102,39,Teoría de la navegación,0,0,0,0.00,0.00,El desvío de aguja varía con:
bf993e18-19ac-4f80-a7b6-249fab66fbd2,39,Teoría de la navegación,0,0,0,0.00,0.00,¿A qué rumbo circular corresponde el rumbo cuadrantal S32W?
0d751333-876d-4637-a17a-20cf4afa34e2,39,Teoría de la navegación,0,0,0,0.00,0.00,La marcación a un punto:
82258840-5446-485c-80f3-82eaec991246,39,Teoría de la navegación,0,0,0,0.00,0.00,Si disponemos de una carta en la que las latitudes aumentan hacia abajo y las longitudes aumentan ha
87390beb-cba8-4364-baeb-4ea58eb52113,39,Teoría de la navegación,0,0,0,0.00,0.00,"En un determinado lugar, actualizando la declinación magnética que viene en la carta, nos da 11°NW y"
e44b8a91-1973-44aa-9e5d-dadbf1f436f1,39,Teoría de la navegación,0,0,0,0.00,0.00,Si disponemos de una carta en la que las latitudes aumentan hacia abajo y las longitudes aumentan ha
e57613fa-af74-4a5f-8aef-7be6a25d434c,39,Teoría de la navegación,0,0,0,0.00,0.00,La línea de posición trazada por la alineación de dos objetos visibles de la costa o reconocibles en
b7b7a84e-24cf-46bf-92f2-48d3fc237821,39,Teoría de la navegación,0,0,0,0.00,0.00,"Al ángulo formado entre el Norte magnético y el Norte verdadero, se le denomina:"
204ea7fc-09ae-4634-8ae1-a0e94d48fe43,39,Teoría de la navegación,0,0,0,0.00,0.00,"Si tenemos una declinación magnética = 5º 30' W y un desvío de aguja = 7º E, ¿cúal es el resultado"
b744b8a0-fb9d-4920-a71d-8588f99680ba,39,Teoría de la navegación,0,0,0,0.00,0.00,Nos encontramos navegando y para determinar nuestra posición respecto de un punto de la costa decidi
f8f85d93-2c96-4485-9d31-347b5a1e920d,39,Teoría de la navegación,0,0,0,0.00,0.00,"Mirando a la costa visualizamos dos chimeneas altas en línea, que nos pueden servir como:"
941717ee-ae83-4dcc-9c4f-90d269bb3dc4,39,Teoría de la navegación,0,0,0,0.00,0.00,Si disponemos de una carta en la que las latitudes aumentan hacia abajo y las longitudes aumentan ha
bfe5fd5b-4b1b-41ac-8997-adcc6582b752,39,Teoría de la navegación,0,0,0,0.00,0.00,La marcación a un punto:
9a906890-e39b-46e4-b8ee-7a9e7573e4db,39,Teoría de la navegación,0,0,0,0.00,0.00,"Mirando a la costa visualizamos dos chimeneas altas en línea, que nos pueden servir como:"
fa5f79b6-9643-478c-844c-4609318b3b8e,39,Teoría de la navegación,0,0,0,0.00,0.00,"Si hablamos sobre la marcación, ¿cuál de las siguientes afirmaciones es CORRECTA?"
f4d7a949-418c-4f43-b4b5-d6630def4ad5,39,Teoría de la navegación,0,0,0,0.00,0.00,"Con relación a la tablilla de desvíos, indique cuál es la afirmación CORRECTA."
31253718-e6d7-4855-a1ae-a5536cd40d77,39,Teoría de la navegación,0,0,0,0.00,0.00,La declinación magnética se ve afectada en general por:
7e6a14ae-033a-45aa-ae9e-f0a2c027d0ca,39,Teoría de la navegación,0,0,0,0.00,0.00,Si disponemos de una carta en la que las latitudes aumentan hacia abajo y las longitudes aumentan ha
157403cc-1ba7-4274-be02-68de2fc5366d,39,Teoría de la navegación,0,0,0,0.00,0.00,En la tablilla de desvíos:
824bc8dd-6b6d-4527-a4d8-cf227c375060,39,Teoría de la navegación,0,0,0,0.00,0.00,¿Cuál de las siguientes afirmaciones sobre la declinación magnética es CORRECTA?
cdeb1492-d306-4d8b-8514-4169481e7876,39,Teoría de la navegación,0,0,0,0.00,0.00,¿Cómo se debe medir una distancia en carta?
440b94d4-c14f-44c4-943b-462c11c303c0,39,Teoría de la navegación,0,0,0,0.00,0.00,Convertir el rumbo cuadrantal S70W a circular.
5ac86d94-c6bb-4c64-8090-e4725bcda213,39,Teoría de la navegación,0,0,0,0.00,0.00,¿Cuál de los siguientes datos NO se tendrá en cuenta cuando se pretenda actualizar el valor de la de
a3b5c7d3-aae4-454a-aaa5-6e0bf1b5b7c6,39,Teoría de la navegación,0,0,0,0.00,0.00,Señale cuál de las siguientes afirmaciones es CORRECTA:
38d46318-2ddc-4bdd-8e38-3c19d3860936,39,Teoría de la navegación,0,0,0,0.00,0.00,"En relación con la forma de medir el rumbo denominada cuadrantal, indique la respuesta CORRECTA."
45152bed-113f-44b3-bbfc-c2b8d57ea0e5,39,Teoría de la navegación,0,0,0,0.00,0.00,"Si hablamos sobre la marcación, ¿cuál de las siguientes afirmaciones es CORRECTA?"
ddb87ced-d644-4cb0-9759-0c7d7574ea09,39,Teoría de la navegación,0,0,0,0.00,0.00,Convertir el rumbo cuadrantal S70W a circular.
62cc8c52-f616-41e4-87da-8113b19a75b0,39,Teoría de la navegación,0,0,0,0.00,0.00,La línea de posición trazada por la alineación de dos objetos visibles de la costa o reconocibles en
096f05e0-8d41-4e19-97bb-01d867b2cfaf,39,Teoría de la navegación,0,0,0,0.00,0.00,En la tablilla de desvíos figuran:
cc04cb48-a2c3-4c0f-bf20-6bf14dbf8550,39,Teoría de la navegación,0,0,0,0.00,0.00,"Para su correcto funcionamiento, las agujas náuticas deben cumplir dos cualidades esenciales:"
d68c30d3-5870-44f3-8cc9-5bef31c10aba,39,Teoría de la navegación,0,0,0,0.00,0.00,En la región A de balizamiento las marcas laterales de babor podrán tener forma:
c7cb74a4-482c-4e33-8abd-df8a6d812867,39,Teoría de la navegación,0,0,0,0.00,0.00,"En relación con los meridianos, ¿cuál de las siguientes afirmaciones es CORRECTA?"
41b0ce55-8b67-4ab7-a9af-00d4952d8acf,39,Teoría de la navegación,0,0,0,0.00,0.00,¿Cuál de las siguientes afirmaciones es INCORRECTA?
69da0500-7ce4-418f-b615-0c7e0ea0d6c8,39,Teoría de la navegación,0,0,0,0.00,0.00,"El plano horizontal de referencia sobre el cual se miden, de forma vertical, las profundidades repre"
57a47b50-7f8b-4fb2-b65c-c505992adc89,39,Teoría de la navegación,0,0,0,0.00,0.00,En la región A de balizamiento las marcas laterales de babor podrán tener forma:
23923c8e-a38c-45fb-ae37-5bd4756bef6e,39,Teoría de la navegación,0,0,0,0.00,0.00,La forma correcta de contar una demora cuadrantal sería:
583ef6dc-22a0-46ea-8dfa-f689261033f5,39,Teoría de la navegación,0,0,0,0.00,0.00,"En relación con los meridianos, ¿cuál de las siguientes afirmaciones es CORRECTA?"
ed37cd04-c537-4968-8d83-130282b423f8,39,Teoría de la navegación,0,0,0,0.00,0.00,"En el canal de entrada a Lisboa, tenemos por el través de estribor la verde del Islote de Bugio y po"
c0b421e5-8233-41d5-87c4-b0dc4f96603c,40,Teoría de la navegación,0,0,0,0.00,0.00,"El ángulo que forma la proa con la derrota que sigue el barco sobre la superficie del agua, debido a"
879f99ed-f464-4db1-9220-4c0b77d4a2ef,40,Teoría de la navegación,0,0,0,0.00,0.00,El “Cero Hidrográfico” es:
2d94444a-125b-4080-9ced-232bdfdfc86e,40,Teoría de la navegación,0,0,0,0.00,0.00,"En relación con la Corrección Total, ¿cuál de las siguientes afirmaciones es CORRECTA?"
51756d5f-b4fd-4ecb-b8bb-2f2c205bb7db,40,Teoría de la navegación,0,0,0,0.00,0.00,La diferencia entre las definiciones de enfilación y oposición está relacionada con:
12ab10a0-5431-491a-9c96-597c5b1207b9,40,Teoría de la navegación,0,0,0,0.00,0.00,¿Cuál de los siguientes conceptos NO es una línea de posición?
849603a3-67a2-4b36-8b32-01fa34192791,40,Teoría de la navegación,0,0,0,0.00,0.00,"¿Qué se entiende por ""Hora de Reloj de Bitácora""?"
6eb12d3c-9b91-430b-b2db-56347cbcc1b7,40,Teoría de la navegación,0,0,0,0.00,0.00,"En un determinado lugar, actualizando la declinación magnética que viene en la carta, nos da 11°NW y"
c3fb7491-1a86-48ad-a21e-249ca909b49c,40,Teoría de la navegación,0,0,0,0.00,0.00,Si visualizamos en la carta náutica un símbolo en forma de lágrima con una estrella junto al que se 
1c4cd209-f21c-49e9-9a22-6f33d89e1c6c,40,Teoría de la navegación,0,0,0,0.00,0.00,La declinación magnética se ve afectada en general por:
13b275eb-4b67-4df4-a295-23e1b319dd64,40,Teoría de la navegación,0,0,0,0.00,0.00,Si en la carta de navegación vemos la abreviatura “Lo” (o en inglés “M”) indicando la naturaleza del
b1995f06-d1b3-4f30-bbc3-9083043ca84a,40,Teoría de la navegación,0,0,0,0.00,0.00,Un nudo es:
4517d1b7-f6ec-433e-98d5-977cae109513,40,Teoría de la navegación,0,0,0,0.00,0.00,En relación al desvío de la aguja elija cuál de las siguientes afirmaciones es CORRECTA:
994a764e-149f-4a7a-b80d-497d273a93b2,40,Teoría de la navegación,0,0,0,0.00,0.00,En la carta de navegación del Estrecho de Gibraltar encontramos la siguiente información sobre el Fa
72b844ee-c0eb-4134-84b8-9496c846ca54,40,Teoría de la navegación,0,0,0,0.00,0.00,El abatimiento es:
9766e7d2-3e5b-468f-8af0-043d2fdded0d,40,Teoría de la navegación,0,0,0,0.00,0.00,"En relación con la Corrección Total, ¿cuál de las siguientes afirmaciones es CORRECTA?"
8de2cdcf-87bd-4435-a283-dfaaa9170cc6,40,Teoría de la navegación,0,0,0,0.00,0.00,"Al ángulo formado entre el Norte magnético y el Norte verdadero, se le denomina:"
83a724f0-fab8-4231-96de-93c23fb26818,40,Teoría de la navegación,0,0,0,0.00,0.00,A la diferencia entre el rumbo verdadero y el rumbo de aguja se denomina:
d4b4d629-bbd8-4401-ba50-290cc17291b8,40,Teoría de la navegación,0,0,0,0.00,0.00,La duración de la marea es el tiempo transcurrido entre:
227cb584-3a0c-49ce-aedc-ff0b3c66e454,40,Teoría de la navegación,0,0,0,0.00,0.00,¿De qué color es la luz de una marca lateral en la región A que marca el canal de entrada a un puert
a7554cfa-ca1c-4dd8-9656-2708b864f443,40,Teoría de la navegación,0,0,0,0.00,0.00,¿Cuál sería el valor de la corrección total si la declinación magnética tiene un valor de 3º(-) y el
c0442b78-4580-4751-8f0e-0a8619557171,40,Teoría de la navegación,0,0,0,0.00,0.00,En relación al desvío de la aguja elija cuál de las siguientes afirmaciones es CORRECTA:
794897be-91cd-4be2-836b-ccf69d35bf39,40,Teoría de la navegación,0,0,0,0.00,0.00,"En un determinado lugar, actualizando la declinación magnética que viene en la carta, nos da 11°NW y"
43a9664c-9474-479e-aaa6-8d22d8686dc2,40,Teoría de la navegación,0,0,0,0.00,0.00,El abatimiento es:
5cc864b8-e2d3-4af1-8100-fb214094dad8,40,Teoría de la navegación,0,0,0,0.00,0.00,Si visualizamos en la carta náutica un símbolo en forma de lágrima con una estrella junto al que se 
bb2f4fa9-e0e6-402c-bd9f-a018ca18b846,40,Teoría de la navegación,0,0,0,0.00,0.00,¿Cuál de los siguientes conceptos está directamente relacionado con las corrientes marinas a las que
624cf463-8c2f-4067-b9f0-1087ff648f66,40,Teoría de la navegación,0,0,0,0.00,0.00,"Navegando en una embarcación se lee en el compás rumbo SW, en ese momento se encuentra bajo el efect"
de9503f7-09c4-4b23-aba9-29ab0705eadf,40,Teoría de la navegación,0,0,0,0.00,0.00,¿Quién edita en España los derroteros?
f847297e-83fd-4a7e-836e-fb83cbefe886,40,Teoría de la navegación,0,0,0,0.00,0.00,¿Cuál de las siguientes afirmaciones sobre la declinación magnética es CORRECTA?
116c7f39-3e19-4acd-b6dc-240ae5529ca0,40,Teoría de la navegación,0,0,0,0.00,0.00,La diferencia entre las definiciones de enfilación y oposición está relacionada con:
c923a37a-bd3f-4f23-a025-107c5ca7c3e7,40,Teoría de la navegación,0,0,0,0.00,0.00,El abatimiento es:
fe871072-0228-4038-9243-4c49b668c979,40,Teoría de la navegación,0,0,0,0.00,0.00,Convertir el rumbo cuadrantal S70W a circular.
39222841-bce4-4bd4-9dd5-c58ed53dcb62,40,Teoría de la navegación,0,0,0,0.00,0.00,La forma correcta de contar una demora cuadrantal sería:
ba7b1e63-e764-40e0-8655-760712fd6557,40,Teoría de la navegación,0,0,0,0.00,0.00,Un nudo es:
a90e1d79-b287-4654-bc44-7809279b386e,40,Teoría de la navegación,0,0,0,0.00,0.00,"Cuando nos referimos en la carta náutica a una “línea isobática”, estamos hablando de:"
76c45e33-a000-43b0-bb9f-0434f5f1ca02,40,Teoría de la navegación,0,0,0,0.00,0.00,¿Quién edita en España los derroteros?
715b817a-bbee-4bea-8369-96247efa0306,40,Teoría de la navegación,0,0,0,0.00,0.00,En la carta de navegación del Estrecho de Gibraltar encontramos la siguiente información sobre el Fa
995f59ae-3539-4132-a95f-bc5e8f4b35f2,40,Teoría de la navegación,0,0,0,0.00,0.00,¿Cuál es la definición CORRECTA de latitud?
9b2df40c-d511-4515-a4b4-7613df053040,40,Teoría de la navegación,0,0,0,0.00,0.00,Las marcaciones se miden:
ad5e6d1b-aa34-46d9-bd00-35ce0c563175,40,Teoría de la navegación,0,0,0,0.00,0.00,¿Cuál de los siguientes datos NO se tendrá en cuenta cuando se pretenda actualizar el valor de la de
ede50c0c-54d6-42f1-ad04-82d8fc89001a,40,Teoría de la navegación,0,0,0,0.00,0.00,¿De qué color es la luz de una marca lateral en la región A que marca el canal de entrada a un puert
563ba5e5-b04f-47c0-9f06-6a954f8da17d,40,Teoría de la navegación,0,0,0,0.00,0.00,"Navegando en una embarcación se lee en el compás rumbo SW, en ese momento se encuentra bajo el efect"
1eb53558-2710-458e-9828-5da402b5c5ac,40,Teoría de la navegación,0,0,0,0.00,0.00,"El aparato que, colocado sobre un compás magnético, se usa para tomar una demora recibe el nombre de"
3feeebd0-ccd8-45c5-aa63-e52a05c2aa78,40,Teoría de la navegación,0,0,0,0.00,0.00,La declinación magnética:
8f99f032-492b-4de9-8e03-646377c9f47f,40,Teoría de la navegación,0,0,0,0.00,0.00,La longitud de un grado medido en la escala de latitudes de una carta mercatoriana equivale a:
9eca44da-352b-4b1c-aab4-88dfbb3bd3ff,40,Teoría de la navegación,0,0,0,0.00,0.00,"Con relación a los derroteros, ¿cuál de las siguientes afirmaciones se ajusta más a su descripción?"
52898a9a-53d4-48ac-af6a-2d2d555f6ff5,40,Teoría de la navegación,0,0,0,0.00,0.00,"Si hablamos de cartas náuticas, ¿cuál es la definición CORRECTA de portulano?"
0f44c035-d209-4696-9b58-bc12bcd98013,40,Teoría de la navegación,0,0,0,0.00,0.00,"El ángulo que forma la proa con la derrota que sigue el barco sobre la superficie del agua, debido a"
065f99cf-449e-48a9-a6cb-d6d2f143533f,40,Teoría de la navegación,0,0,0,0.00,0.00,La Milla Náutica:
4a532c1b-aecc-44c2-97fe-ee6dc7c1cc2d,40,Teoría de la navegación,0,0,0,0.00,0.00,¿Cuál sería el valor de la corrección total si la declinación magnética tiene un valor de 3º(-) y el
20840a12-d49b-448d-a467-1ae000acf495,40,Teoría de la navegación,0,0,0,0.00,0.00,El ángulo comprendido entre el Norte magnético y el Norte geográfico en un punto específico de la Ti
d5afbbe1-bf96-45ca-88a3-7fa736335c6d,40,Teoría de la navegación,0,0,0,0.00,0.00,La corrección total es:
5bb042cd-d354-4435-be6e-53def1884585,40,Teoría de la navegación,0,0,0,0.00,0.00,"Suponiendo que navegamos a una velocidad de 5 nudos y que existe corriente en contra de 1 nudo,"
4593068f-ee72-48aa-a6f9-6497d7d53861,40,Teoría de la navegación,0,0,0,0.00,0.00,¿Qué rumbo circular será el rumbo cuadrantal N50ºW?
7d7f3df0-0e83-48d5-8507-0619de27f1a5,40,Teoría de la navegación,0,0,0,0.00,0.00,"En relación con la aguja náutica, ¿cuál de las siguientes afirmaciones es INCORRECTA?"
08dfc6e2-42b7-43bd-a076-4fe21eff9439,40,Teoría de la navegación,0,0,0,0.00,0.00,"Suponiendo que navegamos a una velocidad de 5 nudos y que existe corriente en contra de 1 nudo,"
bac84a2d-75f2-4c5b-a65d-03402d9c4247,40,Teoría de la navegación,0,0,0,0.00,0.00,"De las siguientes líneas de una carta náutica, ¿cuál NO se considera una línea de posición?"
2c40b9af-f714-47f2-89d5-18a8e1e92f63,40,Teoría de la navegación,0,0,0,0.00,0.00,Una milla náutica:
dbc558bf-ff3b-41a5-bc41-ab0966bf2444,40,Teoría de la navegación,0,0,0,0.00,0.00,El rumbo es el ángulo formado entre la dirección de la proa y:
87df4895-04fe-42a1-88a8-89a5da4e0066,40,Teoría de la navegación,0,0,0,0.00,0.00,¿Cuál de las siguientes afirmaciones sobre el abatimiento es INCORRECTA?
919c9936-998c-4aa3-b282-9d89bb327aa1,40,Teoría de la navegación,0,0,0,0.00,0.00,¿Cómo puede actualizarse el valor de la declinación magnética?
f6ca68a9-89f9-4b97-a9ec-ffca20776a23,40,Teoría de la navegación,0,0,0,0.00,0.00,"La relación entre rumbo (R), demora (D) y marcación (M) vendrá dada por la fórmula:"
18a7114c-3e07-40d6-8eb8-adb8c039b1ca,40,Teoría de la navegación,0,0,0,0.00,0.00,¿Qué mide la sonda en una embarcación?
aced7c3b-f80b-45c4-b80a-cc2aee279e94,40,Teoría de la navegación,0,0,0,0.00,0.00,¿Cómo se llama el ángulo formado entre la dirección de la aguja náutica y el meridiano magnético?
422876b1-dd4f-4161-a207-e3449219b932,40,Teoría de la navegación,0,0,0,0.00,0.00,Convertir el rumbo cuadrantal S70W a circular.
5c0e71e3-0154-4376-a11b-0a01e6538e2d,40,Teoría de la navegación,0,0,0,0.00,0.00,"Al ángulo formado entre el Norte magnético y el Norte verdadero, se le denomina:"
073ef97b-f325-4c4b-8b27-0dcb918cbd6c,40,Teoría de la navegación,0,0,0,0.00,0.00,En la escala de latitudes de las cartas náuticas:
2149e2b4-9d1b-49d2-b77e-74bc11406f23,40,Teoría de la navegación,0,0,0,0.00,0.00,"Cuando nos referimos en la carta náutica a una “línea isobática”, estamos hablando de:"
58753374-2885-40e7-bfde-09644ef4c1c6,40,Teoría de la navegación,0,0,0,0.00,0.00,Indique la afirmación CORRECTA acerca de las Marcas de peligro aislado:
d22574a8-6e52-446a-b3e1-375762d60237,40,Teoría de la navegación,0,0,0,0.00,0.00,¿Sobre qué pieza afilada de la aguja náutica descansa y oscila la rosa?
dc6f86bf-d826-4a67-9614-8354245a928d,40,Teoría de la navegación,0,0,0,0.00,0.00,En la escala de latitudes de las cartas náuticas:
11385290-e3be-4be9-ad3f-0970b58a77be,40,Teoría de la navegación,0,0,0,0.00,0.00,¿Cuál de las siguientes afirmaciones sobre el abatimiento es INCORRECTA?
6027a130-ef34-4187-8b1a-47562e87ba39,40,Teoría de la navegación,0,0,0,0.00,0.00,¿Cuál de los siguientes conceptos está directamente relacionado con las corrientes marinas a las que
4d88206d-bbd5-4d3c-824a-4559968aeb33,40,Teoría de la navegación,0,0,0,0.00,0.00,La hora del reloj de bitácora:
811238e0-9206-4388-b29d-22bdac51ab04,40,Teoría de la navegación,0,0,0,0.00,0.00,En relación a la Corrección Total indique la respuesta INCORRECTA:
4a0d3fbd-28ca-4073-861a-cc80b496dc08,40,Teoría de la navegación,0,0,0,0.00,0.00,¿Cuál es la definición correcta de ecuador?
2293390c-f803-43f1-9fc3-f6b388a6b8de,40,Teoría de la navegación,0,0,0,0.00,0.00,¿Cuál es la definición correcta de ecuador?
60da5ca6-1465-47a2-a906-1ae4d0dd3d5a,40,Teoría de la navegación,0,0,0,0.00,0.00,El abatimiento es:
50a602af-96a2-4e18-8fd3-39c2d113cbd5,40,Teoría de la navegación,0,0,0,0.00,0.00,"En relación con la aguja náutica, ¿cuál de las siguientes afirmaciones es INCORRECTA?"
fb403f57-0bfa-4ac2-b40b-42e2674cb454,40,Teoría de la navegación,0,0,0,0.00,0.00,¿Cómo puede actualizarse el valor de la declinación magnética?
15df33ae-1489-46a0-9667-ee87312a04d9,40,Teoría de la navegación,0,0,0,0.00,0.00,La declinación magnética:
580aab7b-d968-4f89-b7a1-a4466c471d4b,40,Teoría de la navegación,0,0,0,0.00,0.00,La corrección total es:
b974a8f1-9311-45a1-bc0d-306d0d476fd4,40,Teoría de la navegación,0,0,0,0.00,0.00,"En una aguja náutica, ¿cómo se denomina al disco graduado de 0º a 360º que representa al horizonte?"
f185f0b4-8405-4998-a0dc-2c9997871b7f,40,Teoría de la navegación,0,0,0,0.00,0.00,¿Cuál de las siguientes afirmaciones sobre las condiciones que han de darse para que las líneas de p
92c98928-76ac-4bf2-ba97-2d07765a6dc7,41,Teoría de la navegación,0,0,0,0.00,0.00,En relación con la demora señale la afirmación INCORRECTA:
42c62b26-8929-4204-9752-647d198b1b07,41,Teoría de la navegación,0,0,0,0.00,0.00,"En una aguja náutica, ¿cómo se denomina al disco graduado de 0º a 360º que representa al horizonte?"
9f9ea9f6-6515-4bd5-b9a4-d44e79145d36,41,Teoría de la navegación,0,0,0,0.00,0.00,¿Cuál es la definición CORRECTA de latitud?
216ffb28-f875-4c30-88a9-a175bc825ac5,41,Teoría de la navegación,0,0,0,0.00,0.00,"Respecto de la declinación magnética, indique la afirmación INCORRECTA:"
e4134fa1-ec9e-4c1d-97e6-508024921ae8,41,Teoría de la navegación,0,0,0,0.00,0.00,La duración de la marea es el tiempo transcurrido entre:
84bc26de-dd0f-4c06-882d-a7e38768292e,41,Teoría de la navegación,0,0,0,0.00,0.00,"En general y para un punto dado en una latitud media, ¿cuáles de los siguientes efectos combinados g"
32cf2d24-f0b7-4312-bb0f-64755aadf6b3,41,Teoría de la navegación,0,0,0,0.00,0.00,El “Cero Hidrográfico” es:
93bd3766-f742-4c4c-a313-a465de9e0570,41,Teoría de la navegación,0,0,0,0.00,0.00,¿Qué es el coeficiente de corredera?
c89ae837-7679-46bc-bc10-1d24d27939e0,41,Teoría de la navegación,0,0,0,0.00,0.00,Para calcular correctamente la deriva producida por una corriente sobre nuestra embarcación tomaremo
d14b026d-f88d-40f9-84a2-4c9ff10d529b,41,Teoría de la navegación,0,0,0,0.00,0.00,La pieza central de las agujas náuticas de forma troncocónica para que el punto de apoyo esté más al
ccc7123f-38f4-478c-be1b-62d82eb38f99,41,Teoría de la navegación,0,0,0,0.00,0.00,La marcación en circulares:
10ba6583-596b-428a-b845-fc9fd582380c,41,Teoría de la navegación,0,0,0,0.00,0.00,"En general y para un punto dado en una latitud media, ¿cuáles de los siguientes efectos combinados g"
0f87fd68-9ce4-4d19-a886-f463a0aef0e3,41,Teoría de la navegación,0,0,0,0.00,0.00,Si disponemos de una carta en la que las latitudes aumentan hacia abajo y las longitudes aumentan ha
59346961-c6cb-463c-9b8e-83896928d179,41,Teoría de la navegación,0,0,0,0.00,0.00,"En general y para un punto dado en una latitud media, ¿cuáles de los siguientes efectos combinados g"
1c14d435-3668-4411-930f-2fd82313474d,41,Teoría de la navegación,0,0,0,0.00,0.00,Si en la carta de navegación vemos la abreviatura “Lo” (o en inglés “M”) indicando la naturaleza del
6ff5e8e1-76f6-4734-be59-3b2462fad4fa,41,Teoría de la navegación,0,0,0,0.00,0.00,¿Cuál de los siguientes tipos de cartas tiene una escala menor?
71693dfc-1021-4c0e-a22b-bd978ff91171,41,Teoría de la navegación,0,0,0,0.00,0.00,"Respecto de la declinación magnética, indique la afirmación INCORRECTA:"
4020e832-24c7-4727-bced-e1652fba5fbc,41,Teoría de la navegación,0,0,0,0.00,0.00,"En relación con las cartas náuticas, el veril es la línea que:"
c164b6d9-5db9-4cab-8b25-a390641e9b7a,41,Teoría de la navegación,0,0,0,0.00,0.00,"En general y para un punto dado en una latitud media, ¿cuáles de los siguientes efectos combinados g"
c490c981-818a-4a17-aa80-bc901608b9c9,41,Teoría de la navegación,0,0,0,0.00,0.00,Indique cuál de las siguientes expresiones es CORRECTA.
de7f3b9c-1536-49c9-b83c-a7fc6e8bc5ba,41,Teoría de la navegación,0,0,0,0.00,0.00,Los derroteros son:
8ce9b7df-1b41-44e0-87d4-f3778b36f9b8,41,Teoría de la navegación,0,0,0,0.00,0.00,"Si hablamos sobre la marcación, ¿cuál de las siguientes afirmaciones es CORRECTA?"
398ef768-92cb-4397-b71d-3e9ec8451f39,41,Teoría de la navegación,0,0,0,0.00,0.00,La hora del reloj de bitácora:
f2dbb5f4-2bb2-4646-9a69-263ff3c69751,41,Teoría de la navegación,0,0,0,0.00,0.00,¿Cómo puede actualizarse el valor de la declinación magnética?
f65abbf3-98c8-47c7-9462-fbfae029c521,41,Teoría de la navegación,0,0,0,0.00,0.00,Para calcular correctamente la deriva producida por una corriente sobre nuestra embarcación tomaremo
f002dc0a-0ae4-49b5-8264-9aaa37a9faea,41,Teoría de la navegación,0,0,0,0.00,0.00,"Si hablamos sobre la marcación, ¿cuál de las siguientes afirmaciones es CORRECTA?"
cc06599a-4757-438f-9d5f-7981e7d1f339,41,Teoría de la navegación,0,0,0,0.00,0.00,"En un lugar determinado, la declinación magnética:"
a8ed1bc7-1014-4b93-940d-263636510c80,41,Teoría de la navegación,0,0,0,0.00,0.00,"En relación con los meridianos, ¿cuál de las siguientes afirmaciones es CORRECTA?"
3d3b49dd-bbff-4aab-9ebd-914c823ec28d,41,Teoría de la navegación,0,0,0,0.00,0.00,Los derroteros son:
7a237e84-bd6d-4f70-ad6e-c7b0ce54cd34,41,Teoría de la navegación,0,0,0,0.00,0.00,Las escalas de latitudes en una carta náutica:
c0197e69-083e-425a-b910-b6427a7e389e,41,Teoría de la navegación,0,0,0,0.00,0.00,"En un lugar determinado, la declinación magnética:"
ce9217bb-8e06-4610-a3d0-5cd54cf894da,41,Teoría de la navegación,0,0,0,0.00,0.00,"Al incidir el viento sobre la obra muerta de nuestra embarcación, la fuerza que ejercerá sobre ella:"
52abfbf3-35db-4393-ad65-7196c7802bd1,41,Teoría de la navegación,0,0,0,0.00,0.00,El rumbo de aguja se diferencia del rumbo magnético en:
07ce5bf7-b61d-4ebc-bf74-dc73d12df055,41,Teoría de la navegación,0,0,0,0.00,0.00,"En relación con la Corrección Total, ¿cuál de las siguientes afirmaciones es CORRECTA?"
2ee1c1bb-c021-43da-a5f4-8fc3bac55462,41,Teoría de la navegación,0,0,0,0.00,0.00,"Mirando a la costa visualizamos dos chimeneas altas en línea, que nos pueden servir como:"
bbc5da5f-b5b5-4e09-afc3-b1e127fea98a,41,Teoría de la navegación,0,0,0,0.00,0.00,"Siendo el valor de la declinación magnética 8NW y el desvío 6NE, la Corrección Total será:"
0836ad02-23ed-46ce-8b97-77103e5ced59,41,Teoría de la navegación,0,0,0,0.00,0.00,"En relación con las cartas náuticas, ¿cuál es la definición correcta de cartucho?"
1b071ecc-d520-40d2-8f1c-5ede3e8b0a75,41,Teoría de la navegación,0,0,0,0.00,0.00,"Respecto de la declinación magnética, indique la afirmación INCORRECTA:"
04281312-d83e-4630-9b56-a59498673bf4,41,Teoría de la navegación,0,0,0,0.00,0.00,"El desvío de una embarcación, respecto al rumbo inicial, debido a la acción del viento sobre su obra"
69fc40fe-c628-4146-8967-696156f44e23,41,Teoría de la navegación,0,0,0,0.00,0.00,"Para actualizar el valor de la declinación magnética al año en curso, ¿cuál de los siguientes datos "
4405b561-a8da-4e2c-83f3-5c8758216f8f,41,Teoría de la navegación,0,0,0,0.00,0.00,¿Cuál de los siguientes tipos de cartas tiene una escala menor?
6d8d7250-102a-46f6-aa07-f289e5e58974,41,Teoría de la navegación,0,0,0,0.00,0.00,Las escalas de latitudes en una carta náutica:
ffa7c912-749a-4f5c-92ea-0d12d3951e0e,41,Teoría de la navegación,0,0,0,0.00,0.00,"En general y para un punto dado en una latitud media, ¿cuáles de los siguientes efectos combinados g"
e39321e0-6481-423c-b81e-9eaa5155b310,41,Teoría de la navegación,0,0,0,0.00,0.00,"En relación con la declinación magnética, ¿cuál de las siguientes afirmaciones es CORRECTA?"
affba4f2-4376-4f50-96da-aac717c467b5,41,Teoría de la navegación,0,0,0,0.00,0.00,¿Cómo se denomina a la diferencia expresada en metros entre la altura de la marea en la bajamar
2dfbbd2c-2c31-4a27-8f86-0c4e7ba09e7e,41,Teoría de la navegación,0,0,0,0.00,0.00,La hora de reloj de bitácora es:
105cb3c2-8a83-4124-a5ef-44ffe0390ef7,41,Teoría de la navegación,0,0,0,0.00,0.00,En las cartas mercatorianas una milla es:
c50fab6d-2666-4ba0-82dd-d721f7733118,41,Teoría de la navegación,0,0,0,0.00,0.00,En las cartas mercatorianas una milla es:
98c39157-6abb-4904-bd45-cd8dbdc414e5,41,Teoría de la navegación,0,0,0,0.00,0.00,"Respecto de la declinación magnética, indique la afirmación INCORRECTA:"
1f7f761e-3770-4106-a59d-42b6966498cd,41,Teoría de la navegación,0,0,0,0.00,0.00,Indique cuál de las siguientes expresiones es CORRECTA.
f43eae4e-a4ff-4690-8c37-59f7b76a02f3,41,Teoría de la navegación,0,0,0,0.00,0.00,"Al incidir el viento sobre la obra muerta de nuestra embarcación, la fuerza que ejercerá sobre ella:"
17202dc2-d704-4719-b7b5-8fab6d7b5041,41,Teoría de la navegación,0,0,0,0.00,0.00,El Coeficiente de Corredera:
b19a16fa-91b9-4718-bc91-779080085eeb,41,Teoría de la navegación,0,0,0,0.00,0.00,¿Cuál es la definición CORRECTA de meridiano?
870fd94f-59d3-4f31-addb-2731542de559,41,Teoría de la navegación,0,0,0,0.00,0.00,La marcación a un punto:
370e1b81-8d2a-492b-9103-37cd4695f85f,41,Teoría de la navegación,0,0,0,0.00,0.00,"Para actualizar el valor de la declinación magnética al año en curso, ¿cuál de los siguientes datos "
d2882a8f-d189-4dea-ba32-fa6fbd861d5c,41,Teoría de la navegación,0,0,0,0.00,0.00,El ángulo comprendido entre el Norte magnético y el Norte geográfico en un punto específico de la Ti
aceb660f-f4b3-4e6d-a1a1-bd019b4e4852,41,Teoría de la navegación,0,0,0,0.00,0.00,"En relación con la Corrección Total, ¿cuál de las siguientes afirmaciones es CORRECTA?"
5ebbce79-80f2-4b86-8c10-6d2f30886c17,41,Teoría de la navegación,0,0,0,0.00,0.00,"En el canal de entrada a Lisboa, tenemos por el través de estribor la verde del Islote de Bugio y po"
92d50219-d715-40d5-9014-037787f88438,41,Teoría de la navegación,0,0,0,0.00,0.00,Señale cuál de las siguientes afirmaciones es CORRECTA:
313e8521-3495-4780-acda-863a11258ea9,41,Teoría de la navegación,0,0,0,0.00,0.00,¿Cuál de las siguientes afirmaciones sobre las condiciones que han de darse para que las líneas de p
f4c35d24-cbdf-453a-926b-46f19c0bb018,41,Teoría de la navegación,0,0,0,0.00,0.00,"En relación con la declinación magnética, ¿cuál de las siguientes afirmaciones es CORRECTA?"
c1fb4944-7dd0-4ed4-9fa5-31a792a5b902,41,Teoría de la navegación,0,0,0,0.00,0.00,"Mirando a la costa visualizamos dos chimeneas altas en línea, que nos pueden servir como:"
089147bc-8a38-4c6e-b6b3-ae4547efc7b3,41,Teoría de la navegación,0,0,0,0.00,0.00,La diferencia de alturas entre una Pleamar y una Bajamar consecutivas recibe el nombre de:
677b3bed-695a-4429-9645-e145871de4b1,41,Teoría de la navegación,0,0,0,0.00,0.00,La diferencia de alturas entre una Pleamar y una Bajamar consecutivas recibe el nombre de:
64b4246e-a493-448e-9fe5-f65cdd030a1d,41,Teoría de la navegación,0,0,0,0.00,0.00,La marcación a un punto:
debcf4f3-331d-45fe-908e-8b3b444f87ca,41,Teoría de la navegación,0,0,0,0.00,0.00,La latitud de un punto en la superficie de la Tierra es:
d292ad60-c1ec-493c-91dc-a83b10246334,41,Teoría de la navegación,0,0,0,0.00,0.00,"En relación con los meridianos, ¿cuál de las siguientes afirmaciones es CORRECTA?"
f54ae510-9ecd-4643-9cd4-6cd263e74077,41,Teoría de la navegación,0,0,0,0.00,0.00,"Al incidir el viento sobre la obra muerta de nuestra embarcación, la fuerza que ejercerá sobre ella:"
5318d7b4-bca4-4961-b360-586c9d266bde,41,Teoría de la navegación,0,0,0,0.00,0.00,"El desvío de una embarcación, respecto al rumbo inicial, debido a la acción del viento sobre su obra"
ddbb063b-903d-4d90-8084-7e048b35f04b,41,Teoría de la navegación,0,0,0,0.00,0.00,"En general y para un punto dado en una latitud media, ¿cuáles de los siguientes efectos combinados g"
c03e619e-6eb2-437b-b326-5f2e8374af78,41,Teoría de la navegación,0,0,0,0.00,0.00,La pieza central de las agujas náuticas de forma troncocónica para que el punto de apoyo esté más al
3ec4cc98-9ad4-425d-84f0-fe9af776296d,41,Teoría de la navegación,0,0,0,0.00,0.00,"En relación con las cartas náuticas, el veril es la línea que:"
83602568-85a8-4816-95a5-bd8db6f77425,41,Teoría de la navegación,0,0,0,0.00,0.00,"En un lugar determinado, la declinación magnética:"
3da1c6ec-d794-418d-a9b9-a7492deef9c5,41,Teoría de la navegación,0,0,0,0.00,0.00,Las marcaciones se cuentan:
519645a7-559c-4ba8-a1be-2dda8dad20f1,41,Teoría de la navegación,0,0,0,0.00,0.00,¿Cómo puede actualizarse el valor de la declinación magnética?
610f63d4-503a-4750-baeb-8dc31165254d,41,Teoría de la navegación,0,0,0,0.00,0.00,Las marcaciones se cuentan:
6755ecf5-75e6-4326-9f83-55663a9a5666,41,Teoría de la navegación,0,0,0,0.00,0.00,"El aparato que, colocado sobre un compás magnético, se usa para tomar una demora recibe el nombre de"
80f23438-07cc-4874-92a2-f3529d7ac9f2,41,Teoría de la navegación,0,0,0,0.00,0.00,La deriva se produce al incidir:
6ce90bb2-e2ee-47da-93e6-c958273a87d1,41,Teoría de la navegación,0,0,0,0.00,0.00,La longitud de un grado medido en la escala de latitudes de una carta mercatoriana equivale a:
ead51749-f9a6-4103-b5c2-abc9a24b8712,41,Teoría de la navegación,0,0,0,0.00,0.00,La hora de reloj de bitácora es:
9fa9683a-12fc-4c2e-86bf-534ce3e1bd95,41,Teoría de la navegación,0,0,0,0.00,0.00,El ángulo formado entre la línea de crujía del barco y la visual desde el mismo a un punto destacado
df508e64-99e3-486a-8d3e-5b8ad38f1844,41,Teoría de la navegación,0,0,0,0.00,0.00,Para conocer la latitud de cualquier punto sobre la esfera terrestre mediremos:
